,Nr,xNi,T,t,Ms,cfrac,mipd
0,4.0,0.532688799216412,699.4651811942458,-3081.317582353949,306.48584097305616,0.4206024166626879,9.165737138088591e-09
1,41.0,0.5205932271666825,735.606968998909,-2543.668232113123,292.94082367871385,0.2217384536354449,2.230844346635049e-08
2,46.0,0.5152133540390059,676.5375705808401,-3128.040697798133,318.3104798691765,0.1763033312747647,6.033630942070313e-09
3,57.0,0.5185812747757882,752.9315859079361,-2879.3869134038687,246.28713640373013,0.1339757888001521,4.3337628212856046e-08
4,82.0,0.5093212379561737,687.2296818345785,-1865.038750693202,280.2920425605195,0.0289329286059959,9.190514175203612e-09
5,13.0,0.5108924639690667,713.1662635877728,-2433.4430672228336,298.94478093615004,0.0827185798666322,1.42238802368505e-08
6,22.0,0.5200788295594976,684.2871428653598,-3375.7377851754427,330.1075644509203,0.2627143286385491,6.669043514517732e-09
7,91.0,0.5311179325357079,725.0805154442787,-3410.659345239401,317.4456138495429,0.4084614153025534,1.710475623636106e-08
8,97.0,0.5117661595251412,723.1376974657178,-2021.870757266879,280.7716251260723,0.0678833098650374,1.7962785149821902e-08
9,102.0,0.5170979581633582,658.5459020361304,-3224.99021217227,278.07199623063667,0.1474942767415453,4.7838408727178e-09
10,14.0,0.5162330785254017,702.5448340177536,-1497.9042135179045,254.2107457224197,0.1038791731015488,9.848690621255011e-09
11,50.0,0.5103557549091056,706.8445811420679,-3289.088164642453,317.6870931356197,0.104161288037779,1.2519200973996681e-08
12,66.0,0.5073093190928921,666.1037953943014,-3554.0935032069683,299.10267707071444,0.0286889955789135,7.1693334590678715e-09
13,76.0,0.5250036651315168,681.4660697430372,-3153.1150572001934,314.5462972019924,0.3153069997583181,6.410270262386182e-09
14,109.0,0.5088068637344987,732.9281595721841,-2706.18022531271,276.0336463442403,0.0142263831346081,3.628698493102725e-08
15,1.0,0.5135359021555632,729.7717968001962,-3188.504495099187,316.2464097714557,0.148687866147883,2.0174655426673137e-08
16,19.0,0.5236964785400778,714.9470956996083,-2836.021279916168,323.5279728306388,0.3068740533596852,1.2497178885506447e-08
17,25.0,0.5174695449881256,718.9413817971945,-1690.4178611934185,268.15437596514846,0.1403616483387651,1.3884700547824718e-08
18,62.0,0.513029752173461,690.1577921956778,-2338.964480906725,303.7982367996039,0.122498795008529,7.852952607167769e-09
19,87.0,0.5340909967757762,715.9852801263332,-2661.252972856164,227.0799708430728,0.3766847198032652,1.4153570101832616e-08
20,104.0,0.5349684349773451,704.0257912501693,-3513.091003149748,323.8228174148543,0.4708248234978985,1.0232141692019486e-08
21,73.0,0.5215837994776666,710.2494199573994,-3060.0173458457,331.05320669508563,0.2854783990479544,1.109856422309526e-08
22,78.0,0.5157122874958441,656.8956086784601,-2517.8341034799814,225.80982909516163,0.0688928376049252,5.445084487217523e-09
23,99.0,0.5263144053146244,748.2391715422273,-3107.179270684719,221.47222239724337,0.2434715866314076,3.79322552943988e-08
24,134.0,0.5192203764524311,704.4804547354579,-3015.4110934585333,331.0187966793057,0.2515548996972258,9.763957836216792e-09
25,17.0,0.5143391559459269,743.3261576667428,-2174.3731319904327,253.14873714469064,0.0719166307471274,3.1823395269993635e-08
26,44.0,0.5228190169529989,704.858955219388,-1986.5097373723984,273.5896510947625,0.2318885520435857,9.946056447616477e-09
27,94.0,0.5122946119913832,696.6468403488398,-2856.910474598408,319.231822941753,0.1349157855728697,9.073056490888724e-09
28,100.0,0.5320087623363361,694.8506770655513,-2564.996886625886,217.4586347090429,0.3369753816947176,8.987946345890538e-09
29,158.0,0.5118154413439333,686.1023464798927,-1081.277833878994,237.4461549408938,0.0140744333791365,9.839333587728389e-09
30,118.0,0.5221204838110134,709.5564034208655,-2214.326415583492,299.8752441792372,0.2540510751634138,1.0936179416715238e-08
31,148.0,0.5292846427578479,689.657613299787,-3564.6859992295504,328.3017155458971,0.393019228699889,7.480137799156961e-09
32,162.0,0.5065972491353751,682.0369756966829,-2918.218031153083,296.1341634636388,0.012873329644407,1.1126113618829992e-08
33,167.0,0.5368154576653615,713.722375035286,-3461.4535946398973,314.3877352609353,0.4893716544827964,1.2963950767302292e-08
34,203.0,0.5306577768223361,723.6948388814926,-2994.0844640135765,299.13202260119294,0.3824145495055248,1.6385036742371077e-08
35,214.0,0.5205662412103266,698.5789044573903,-1684.044124558568,238.4745893223794,0.159649726735177,9.083701567819086e-09
36,220.0,0.525543479770422,709.1730984300375,-2789.2212823033333,319.8514312067076,0.3294549843005857,1.0975759802068878e-08
37,242.0,0.5105794933438301,691.1390879750252,-1549.0992922335863,269.3263146433921,0.0322671669680281,9.39544700640488e-09
38,253.0,0.5079923533415422,716.5425348654389,-3235.256823152304,292.55277918652627,0.0281839606396533,2.180037663025569e-08
39,115.0,0.52410460379906,738.4273577108979,-2318.103704228997,226.2454301723038,0.2094246116396224,2.558090549751326e-08
40,172.0,0.5228826262522489,667.4061165004969,-2967.211690172553,261.7054131745655,0.2195020565790646,5.411812608549959e-09
41,210.0,0.5096643160004168,664.6596270054579,-3077.751226723194,294.3303181268172,0.0566624780920683,5.891099460482036e-09
42,217.0,0.517869236418046,738.8665400445461,-3599.637385457754,322.51635878222817,0.2208987650336589,2.4997882859296868e-08
43,222.0,0.5123135839682073,674.2159724980593,-2101.205859705806,274.98457544355455,0.0679008209097498,6.376510665017406e-09
44,248.0,0.5382325103040785,686.7337372526526,-3145.6781700253487,162.50470587199334,0.4252618397877253,8.44187060823793e-09
45,126.0,0.5139117725519463,670.1673932373524,-1798.0659026652577,238.0150151366973,0.0492739105255736,6.515471922975063e-09
46,185.0,0.5186831685015932,715.5006912350655,-2060.2998554706573,297.46105556006364,0.1987233452765776,1.2569846481202182e-08
47,206.0,0.5159295161254704,694.3548489362001,-3336.8215911090374,332.51530287618203,0.2064068362358383,8.101166293272735e-09
48,131.0,0.5270044965809212,736.0468368604779,-3372.184206917882,308.9755557729438,0.338451982868461,2.35336502362773e-08
49,145.0,0.5144904936803505,720.8742058649659,-2768.362342938781,318.3934334769228,0.1658312928807564,1.5105121921577492e-08
50,174.0,0.5150194536708296,699.0856545418501,-1802.801701426506,283.4422545652528,0.1225425747359337,9.015875042999632e-09
51,225.0,0.5114381876820698,745.7068081572652,-2946.32515758276,265.9605021263874,0.0412307015134756,4.21357717399658e-08
52,171.0,0.5283929621102289,730.2145285904408,-2609.6030451357365,258.9692093206385,0.3055465402498579,1.9785555702945052e-08
53,178.0,0.5100333017949015,669.4219601899385,-2582.623750716448,287.77810436696404,0.0518321215082435,6.295792447660596e-09
54,188.0,0.527904424853623,683.787539973855,-2406.6517420113087,172.8453080514521,0.2495994105888822,7.637570955358001e-09
55,194.0,0.5074551272019744,703.6436324566603,-2292.157221212983,287.92231255483705,0.0122544416889319,1.6886260671037437e-08
56,265.0,0.5223007973656059,719.7782124578953,-2351.42857208848,302.976505244773,0.2607540509670413,1.4059447188888353e-08
57,286.0,0.5115831082733349,706.1756614595652,-2552.779508382082,309.06299149209326,0.1089372355127275,1.1494611402756402e-08
58,292.0,0.5312976022763178,685.6148247048259,-2823.5856737941504,243.9593004217581,0.340689331530864,7.390830784106627e-09
59,310.0,0.5214034440135583,700.3205796703696,-3204.1102577000856,332.793501500424,0.2850188174530348,8.950913676316028e-09
60,326.0,0.5187635128991679,672.6315445825458,-3466.476195305586,321.4334983747476,0.2324751694685275,5.580994463295626e-09
61,190.0,0.5129874410387129,652.5813358277082,-3488.4171713143587,282.7619633074809,0.0899189045283469,4.666293283812888e-09
62,193.0,0.5133204034669325,712.1860259398818,-1426.4948476105928,258.6153469792732,0.0618875062147575,1.2883119439784651e-08
63,230.0,0.5173536444734782,680.9694367274642,-2630.9014443308115,307.24033567564044,0.192305822936126,6.358719916461937e-09
64,241.0,0.5164368765382097,725.5166049674153,-2385.7645723968744,305.9173017080026,0.1767246778000349,1.6627813758501922e-08
65,246.0,0.522177913133055,672.1044784411788,-2745.1357439160347,271.46518613362343,0.2192308712313442,5.670034318952328e-09
66,268.0,0.5242869689920917,690.9948622435331,-2230.1791459321976,267.4661149963724,0.2482169066040723,7.673248561986235e-09
67,273.0,0.5141923927608878,731.5058764442801,-868.3384839445353,170.8322209904736,0.0123514234216366,2.660804470657769e-08
68,279.0,0.5347860206663608,721.5150491893291,-2750.164788588881,202.8810374553116,0.3777368966181114,1.6750480565458895e-08
69,302.0,0.5154054448800162,688.6216975748539,-1706.0054920613766,263.25442221664895,0.1012083988334037,7.617063689592797e-09
70,313.0,0.5183878141641617,733.1734506040812,-1517.0738272368908,190.2155442958104,0.0929196348845141,2.198868629890151e-08
71,333.0,0.5101754017081112,718.7106846645474,-2976.2451454997063,303.09130103858286,0.078481428111854,1.7574602798716033e-08
72,339.0,0.5230013902764767,724.4612433388829,-2573.6383471637964,307.7972242908486,0.2773625770103142,1.6016092564506513e-08
73,301.0,0.5095015446376056,727.2226092591882,-2684.130100160837,282.99854707999987,0.0360082169117362,2.519511191468976e-08
74,307.0,0.5248212586995215,729.191533960402,-3072.234683856368,317.5364692418525,0.3161684084692862,1.85989716308308e-08
75,364.0,0.5235140639776364,695.6377763301134,-3430.197601765394,333.8730696163781,0.316442495314305,8.199085437358792e-09
76,398.0,0.5166190696507692,685.0604278594255,-2079.8978716135025,283.71531980468126,0.1478078037324634,6.88109338554329e-09
77,270.0,0.5164292840426787,662.601158991456,-2891.841134056449,277.1292785572108,0.1357098513508352,5.054925789070243e-09
78,274.0,0.5086265131318942,692.7594508975744,-3518.2839442044497,312.1573329467726,0.0699240861748039,1.0314462923860772e-08
79,289.0,0.512477707164362,713.9018451049924,-3394.80665512383,326.86229746702577,0.1488578173289407,1.3364993333123536e-08
80,342.0,0.520773532926105,693.8012905046344,-2005.8269899338484,275.6497010377139,0.2021224234875829,7.962392258911518e-09
81,386.0,0.5081718451343477,697.8794562071562,-3098.19516800344,301.7863148109625,0.0461869283698439,1.226626421799886e-08
82,402.0,0.5089530915673822,655.1894246786833,-2312.586296349764,273.4565492438491,0.0125817347515488,6.671392550276868e-09
83,422.0,0.5180487340781837,690.4396676644683,-2780.502423271537,322.20370953800744,0.2230911315139921,7.451099948398015e-09
84,433.0,0.515747281103395,734.9868072941899,-3023.8833602517843,312.478200338383,0.1758390947436125,2.2479544532556345e-08
85,284.0,0.5264945833338425,677.3086225241423,-3244.296722486615,303.9764834683216,0.3250299937677458,6.0286887524209846e-09
86,321.0,0.5128466929588467,739.2859730497003,-2194.816644117236,263.4641749335979,0.0604321833670102,2.9174059326668863e-08
87,328.0,0.536049288935028,688.0816880986094,-3290.940206497908,278.3537730887135,0.4451102800735,7.543739173012495e-09
88,366.0,0.5145186074217781,670.9931495040655,-2262.2856203466654,271.53508251875286,0.097903512682817,5.835994790353664e-09
89,369.0,0.5167565849144012,723.0260498449206,-1135.7884850353005,161.2263007988226,0.0529754095523355,1.7612102686386662e-08
90,391.0,0.5384154370846227,727.6001919806004,-3233.5898000746965,233.3762564381147,0.4519022926378845,1.9954561621055543e-08
91,400.0,0.5403764433041215,683.0603698641062,-3476.961939409375,213.6968335530427,0.4763236959084067,7.703393377340253e-09
92,412.0,0.5262382263876498,699.8786487430334,-2601.1025078594685,305.5082851439019,0.3229795735818269,8.997017469521501e-09
93,337.0,0.5150338579714299,749.0463599935174,-3208.9331410825253,281.0906781089861,0.1193907650369651,3.8659021588725365e-08
94,361.0,0.5198984818905592,726.3857901096344,-2844.8839589953423,320.68686436653843,0.2480473369398001,1.6769713385328958e-08
95,379.0,0.5328684606589377,711.0970024764538,-3169.1872023046017,313.9697197752489,0.4307312709424547,1.1911267185055969e-08
96,393.0,0.5219948130985722,742.3262946307659,-3508.006175234914,312.840805113873,0.2687714799818991,2.8367094409481186e-08
97,382.0,0.5137190052913502,680.9365846961737,-3051.3474002480507,319.1287951390769,0.1556031697259254,6.592367765311934e-09
98,395.0,0.5299685250455514,714.400417804718,-2394.4834984838963,251.4977841269167,0.3246505702653247,1.3001183384461097e-08
99,446.0,0.5127974190190434,702.2515849769115,-1338.5977551341057,253.7488734104796,0.0475556441102361,1.0747412959944336e-08
100,452.0,0.5334200043044984,671.549378298223,-3542.928486317396,207.49729071797657,0.3563726523081647,6.328788299560612e-09
101,461.0,0.5102163623506203,741.2880565598607,-1995.5492209643128,257.63015400969783,0.0105019407135709,4.374114747995012e-08
102,466.0,0.5098145177774132,705.1944653689861,-1771.662076190114,278.37359882518933,0.0336739134077075,1.291314992069955e-08
103,472.0,0.5369983818475157,700.6861133500934,-2874.308516085148,231.7750641570125,0.4275468949884736,1.0154865046733224e-08
104,491.0,0.5291044671693818,739.6700789034367,-2801.8309637904167,185.00279346678187,0.2743074051365491,2.8572530111959964e-08
105,370.0,0.5110727732488886,701.1243788152933,-2127.5910180062056,293.827476232856,0.0773818159453837,1.0505896958926631e-08
106,377.0,0.5192705265525729,747.387136220932,-2509.180036559701,247.94431351305823,0.1468605597010863,3.437583123985325e-08
107,409.0,0.5171741907345131,729.572090357542,-1818.8413381576536,264.2290529811117,0.1307701793410882,1.8710220104860056e-08
108,414.0,0.5116185369435697,668.7447649985552,-3315.498750284314,308.756157725308,0.1089902996511275,5.739003726249292e-09
109,419.0,0.5257264037011191,720.2794215455651,-3545.116253569722,333.1992080734124,0.3472557695604104,1.4478002995403953e-08
110,438.0,0.5214883163571358,677.8686260804534,-2666.282869130373,291.49472364755496,0.233559469192029,6.035107897405373e-09
111,498.0,0.5107228341978043,678.7017292529345,-2827.036727964878,304.6298317077988,0.0891488400593377,6.8976836448779356e-09
112,436.0,0.5304775932710618,705.7349927350879,-3356.1727333813906,327.6756839413416,0.4095675434254237,1.0388773504073933e-08
113,454.0,0.5185037228930742,695.2006570622325,-2373.183161392808,310.74899552801014,0.2142838968328882,8.111793562964034e-09
114,470.0,0.5207092315331101,656.2605683133006,-2937.40286976099,155.34237925251074,0.1195215563675105,5.501090623165211e-09
115,481.0,0.5112924491008743,728.2029179856181,-1668.4339094907043,260.5655842020471,0.0316648340390381,2.2568486330695e-08
116,508.0,0.5271874283067882,693.2431188970804,-3003.022469580173,317.6638621258692,0.3510284204675759,7.921855827775845e-09
117,514.0,0.5077414204087108,658.0055914819241,-2736.965239048004,286.2916215213833,0.0139913754715768,6.880048204464142e-09
118,537.0,0.5175375389447436,754.5028071850538,-2245.109900459647,156.4821147677995,0.0648489892650752,4.949529943514601e-08
119,467.0,0.522702958942391,747.0084117725492,-3280.110492557287,286.13880444220393,0.2454349178887138,3.4110749083998e-08
120,494.0,0.5143082503601909,708.541204854846,-3580.477374047041,333.75429744940305,0.1849458763571386,1.1130241856610114e-08
121,505.0,0.5193998659821227,724.9562701582909,-3321.2228558957577,330.7524421877178,0.2537885923431506,1.6102743434431264e-08
122,510.0,0.5137041371781379,658.3601569384336,-1894.8762338608503,211.962758951093,0.0253593015740473,6.4972003180726866e-09
123,521.0,0.5223840283649043,734.27057556808,-3255.759025365114,320.2868481335148,0.2838230647725968,2.151321908645453e-08
124,539.0,0.5317453041160479,719.091586843133,-2876.96445286274,290.76956217780247,0.3902259074383356,1.4515175026330242e-08
125,465.0,0.5152016550814733,711.59443680197,-2621.991601958871,320.58039385391123,0.1793580391627,1.1771240212041012e-08
126,492.0,0.5235941299702972,673.1849090009928,-2442.4756709486246,199.7797586478506,0.1861970621904548,6.36713980337175e-09
127,518.0,0.5193463629949838,699.6592162176967,-1571.3317338377235,233.6170763366012,0.1355006610108508,9.358159776515636e-09
128,524.0,0.5245438407547772,702.7021344006062,-3123.857581615448,330.0890825809982,0.326802214884699,9.486377421014786e-09
129,561.0,0.5161519566224888,741.1694655939937,-2840.19083082676,294.9980400855649,0.1567133670903803,2.7661927040274825e-08
130,566.0,0.5211445591691881,685.7485080137849,-2298.0222065001726,285.086635127796,0.2199397364830626,6.875527876995926e-09
131,620.0,0.5232568099163473,682.9416090250015,-2522.4568270146847,284.96975373022514,0.252562586349791,6.585241108305291e-09
132,526.0,0.5163449747953565,679.0536084771156,-1984.0982135385275,263.30887471610123,0.1163484214553654,6.473899625681456e-09
133,530.0,0.5085430621914566,708.188298791647,-2622.840829566121,292.4581824304681,0.0364654888186797,1.5486726020763028e-08
134,545.0,0.5125580682000146,732.1633158251643,-2501.129024103284,288.7701985227831,0.0923367833157689,2.28023300939352e-08
135,557.0,0.5097609069151804,711.7122226580977,-3577.8151877224445,315.8068061282805,0.0924856273001615,1.4902034976567192e-08
136,580.0,0.5331184328999371,692.5543585792184,-3220.370439067483,305.14969007481824,0.4256985274084262,8.010501928992981e-09
137,589.0,0.5099165182886646,735.1073978468776,-2068.4972897171974,265.14557476886864,0.0157678200719509,3.39324400705227e-08
138,595.0,0.5230828188313171,737.0758701488376,-3483.137148991227,320.68149269438857,0.294508219462761,2.3709296978751576e-08
139,631.0,0.5357718542264774,714.5170650631189,-3351.817161217332,311.00682450848564,0.4708813952496172,1.3154646303187697e-08
140,529.0,0.5142766121542082,715.1486838236451,-1758.507088199258,280.53650811875985,0.1067647123350843,1.3112443349699548e-08
141,563.0,0.5247401239303873,717.4632623419166,-2176.798650249839,277.7633050193096,0.2670482759072689,1.3410309074049956e-08
142,641.0,0.5137724225316197,736.2043634429574,-1285.629005357623,212.63399337320303,0.0269543225895468,2.7601261150717423e-08
143,675.0,0.525982803395018,733.8900142535567,-2653.1923580914736,275.4673739196786,0.2839705391057366,2.1756189599710785e-08
144,689.0,0.5154902791697532,718.5930074378848,-2133.71797464788,300.44976458873384,0.1545863632691334,1.39456554432264e-08
145,617.0,0.5198150296928361,712.7797616273165,-1954.616166651249,287.99145345352605,0.2031828685265529,1.1761590944042926e-08
146,622.0,0.5146026979852468,655.543992370367,-3155.966201797128,273.6624687080196,0.1021578122588239,4.7936598607675305e-09
147,636.0,0.5268710618373007,670.3614264726639,-2861.5192841738462,174.62532180184155,0.2323710231899468,6.298818084071516e-09
148,651.0,0.5302276230417192,731.7858482152224,-3304.084599763155,301.8337645367279,0.378804758886732,2.0904970900291644e-08
149,658.0,0.5090335813490674,670.6411607563496,-3216.8180979788303,301.4464184183013,0.0586272857094124,6.6024802534036234e-09
150,676.0,0.531022091046907,678.4966941550374,-3012.5497698783875,228.1259140994636,0.3260450512927795,6.752437292219611e-09
151,694.0,0.5217449266882613,663.3176115527749,-3560.0667156279087,295.453973101676,0.2426300847138903,4.9139123544914836e-09
152,705.0,0.513250896409154,744.3551936373115,-1840.618421137333,233.08882166994857,0.0338564441740958,3.631495053396943e-08
153,542.0,0.5113268359005452,687.876595556736,-3448.2147373259068,324.2087295877989,0.1282746575629645,7.93014349473708e-09
154,550.0,0.5177278184145689,665.68479064852,-3083.7260484695435,293.9707333399715,0.1793137920878466,5.109849841695316e-09
155,577.0,0.5127658639615402,721.8959515914321,-3102.5565069168806,318.9513513254872,0.1413935763601654,1.641404454102254e-08
156,582.0,0.5188447334989905,660.9517248347402,-2562.148692458868,204.46421561742704,0.1078760815105275,5.5824288244987945e-09
157,598.0,0.5210328937787563,707.384489364922,-2897.852809354663,328.629461647252,0.2745802765231152,1.039409772726642e-08
158,619.0,0.5295128335757181,743.9758940786123,-3062.865499779582,177.31049382189622,0.2787355628818744,3.3955493701808504e-08
159,626.0,0.5111560055054725,684.7066643834114,-3037.096471711993,315.00807198291443,0.111787531319384,7.528662902017968e-09
160,638.0,0.5139754854515195,698.2323645055294,-2141.849510371685,301.53595060756146,0.1333215474434754,8.975117321823281e-09
161,686.0,0.5150873617967591,667.4977251142263,-1457.2756234556437,159.9387968037541,0.023584879946834,7.59546828300233e-09
162,642.0,0.5084319369727746,680.5829365551472,-2206.264191493392,286.4789289736756,0.0249863487147385,8.660189895153799e-09
163,654.0,0.5167004177393392,701.4771717786789,-2971.820855140686,329.4057040550298,0.2132627492773815,9.260038879508393e-09
164,665.0,0.5169143188372255,716.9620545953512,-2726.6840368509293,323.2408864148828,0.2079975834380139,1.3154807144299324e-08
165,670.0,0.511877770475112,650.4246419668198,-2411.274941638112,245.5806798363106,0.0233619109637918,5.8645113367960555e-09
166,678.0,0.5181326946383342,703.1440595164895,-1870.9021266549823,285.5976496015184,0.1739168970307398,9.53991920709943e-09
167,690.0,0.5101412071892992,697.1343407779932,-1127.9043596237898,259.3073737148015,0.011465727523208,1.228063946867722e-08
168,696.0,0.5386928764870391,708.62908128649,-3173.617259413004,283.49899479884385,0.4908358656985964,1.1592915204220085e-08
169,710.0,0.5184192836424336,683.4997801855206,-3268.721118941903,328.0065317867454,0.2361438458192313,6.595104735248268e-09
170,721.0,0.51545912229456,727.1021309122443,-3526.2193266302347,329.2002654469498,0.1951357349921359,1.76626270317926e-08
171,745.0,0.5202616155240685,750.2032981067896,-2991.662399098277,264.196241014982,0.1801971608355568,3.8389956002879853e-08
172,754.0,0.5106421339465306,662.2464781999588,-1936.867694556713,259.99007997233235,0.0204366934714878,6.6587558592505694e-09
173,776.0,0.5352510931622237,696.1487792804837,-2982.629781961441,270.8169593964756,0.425918812913132,8.802852872399182e-09
174,781.0,0.5106331929704174,725.8715740963817,-3342.9338760674,306.14877617251216,0.0902037113475436,2.1143703662436852e-08
175,787.0,0.5237775221979246,731.3703198358417,-1928.2676842063663,189.0462813775891,0.1846059501728372,2.0870834497635432e-08
176,668.0,0.5261576495179907,686.3037048280239,-3491.2688054144382,328.6213102505127,0.3483393873983056,6.978946103163094e-09
177,748.0,0.5238537443755195,660.5116298794746,-3334.3956504017115,233.40222696917712,0.2101618379948911,5.208114366848632e-09
178,724.0,0.5286567619768903,698.6705148592591,-2747.543854638934,302.6578550068652,0.3560396687050622,8.864201580448243e-09
179,761.0,0.5196599563956261,736.694627776742,-2427.442925423384,285.6775692074435,0.1976958691780954,2.309764177368265e-08
180,790.0,0.5203378055151552,701.6789390519261,-2485.4554552584887,316.7708411340443,0.2493920048786161,9.19292696106452e-09
181,827.0,0.5336419371934608,733.0160357803106,-3139.557918906212,243.85818667400065,0.3791370657491537,2.268773934139152e-08
182,707.0,0.5274648415576667,712.2847316786647,-2950.4951041191816,320.6318541230826,0.3583984713912972,1.1916180737176526e-08
183,734.0,0.5124212851794436,709.198906198144,-1616.785228997469,272.9015451305874,0.0666015457319052,1.2125232268431208e-08
184,764.0,0.527268384792842,707.8216126561165,-2098.793940246105,235.7225742321987,0.2684359289462117,1.1177265381138985e-08
185,769.0,0.5134554607374594,716.1903726682067,-2278.9919603616,303.7206584212725,0.1287783903713959,1.3709988404368501e-08
186,806.0,0.5179226563405246,685.4133510217071,-1749.5373252779243,241.7511936827195,0.1189019499235427,7.3011783493648e-09
187,766.0,0.5134451250126586,675.6916423141956,-2785.037810727954,305.8294742708287,0.1318031921905624,6.107175943696899e-09
188,771.0,0.527394044441171,740.2957458421588,-3392.3978872597218,294.5718700060159,0.3277298230224193,2.7441390247133604e-08
189,846.0,0.5156282773148269,669.539460837841,-3427.349588647485,316.9797962270489,0.1804978076274845,5.431537962790775e-09
190,857.0,0.5182487422553823,744.9886309355497,-3164.5782116800547,298.4160007866586,0.1934508448196387,3.1186376657042894e-08
191,870.0,0.5170166570134461,674.9059981480241,-2332.952805608511,277.9302373010362,0.1460259299247081,5.920170406147065e-09
192,878.0,0.5144562782905996,695.5462812632322,-1002.6267617940904,190.3361293845465,0.0257445578096498,1.0733926818553134e-08
193,750.0,0.5142266918020323,693.1131048500538,-2674.491622298956,318.40726889853715,0.1619865321722441,8.092301256927672e-09
194,809.0,0.5205100767174736,718.3095306903124,-3435.708589106798,334.2877132683052,0.2740992604203817,1.3474769295741132e-08
195,814.0,0.5152977436687798,664.779816120863,-2232.5878735631704,243.36378504436183,0.0772414000690178,5.723828073506781e-09
196,817.0,0.5159612430958077,728.9976133778691,-1558.7829921394589,242.97353742072383,0.0877716128175853,1.9047309464891146e-08
197,828.0,0.5275603136140854,679.5972788333893,-2556.945874169469,195.1709420588921,0.2517462392385096,7.0348676757430235e-09
198,798.0,0.5114698280673474,677.2831589728594,-1154.2258959263563,239.86983217505232,0.0107379409013484,9.090847265731553e-09
199,802.0,0.5070207324717194,674.0984687209129,-2945.464771986008,295.29139513627075,0.0179031646724576,8.796502598113085e-09
200,818.0,0.5104392862319946,694.2354568839073,-2381.3549537211657,299.08382008172,0.0760732825967797,9.358688784603298e-09
201,841.0,0.5216673322254792,728.5503732413054,-2153.914649784565,277.25115455184005,0.218174342388488,1.7956011668751523e-08
202,918.0,0.5197415416920558,679.1024826839566,-3360.795698314905,325.84365211720086,0.2524276938156643,6.134029866655694e-09
203,812.0,0.522562064640224,688.4713780879974,-2896.0213601589203,319.6377716443235,0.2856221466583289,7.175514944546566e-09
204,844.0,0.5252608386427164,696.9819320738316,-2257.6660953462124,276.3118407592233,0.2735578800811156,8.52401037200151e-09
205,865.0,0.5118469081399962,737.7077655121684,-2917.320523783565,286.0756785389744,0.077221119244925,2.9068359347617856e-08
206,877.0,0.5090658384328708,721.2263702973723,-1810.751648247242,273.21087544611083,0.0139915544784392,2.31100989827301e-08
207,882.0,0.5109594605211168,665.4465670138597,-1586.891097575426,250.64499943489903,0.0140097750117771,7.4373973624647805e-09
208,886.0,0.5218612140696496,691.2929290905595,-3118.671513721347,328.48551335672187,0.286327565709471,7.539793190189934e-09
209,899.0,0.5267481879983098,717.7559391781688,-2467.942749336362,291.9412317072741,0.314803202760937,1.3612448381422224e-08
210,939.0,0.5281337728351355,715.6343745440245,-3503.3967085182667,332.1860899876944,0.3805705852057597,1.3016785948870009e-08
211,946.0,0.5099529032921418,656.7752993106842,-3474.5362736284733,292.9004258269696,0.0587760906721158,5.256123219290426e-09
212,830.0,0.5132859332673252,703.7621621787548,-3246.7189885675907,328.9780723692388,0.1635662691915889,1.0231263884610988e-08
213,859.0,0.5310338003979996,713.3713559061289,-2506.3151590526104,257.97059818388834,0.3473060085684695,1.2677641728709332e-08
214,883.0,0.5240230841329322,723.0076834186912,-3211.7950681596994,328.1865172448112,0.3171044851297555,1.545462705273388e-08
215,913.0,0.5147475759964436,732.5733098015189,-1862.362053617835,264.1891691786457,0.0918415609888178,2.140027318391272e-08
216,929.0,0.5122411063220352,720.1293336227536,-1022.6235520094632,232.84468511608048,0.0168686466150119,1.8731758420564548e-08
217,942.0,0.5149381968611851,687.3489572107792,-2707.0439636707306,316.7769701223488,0.1700716167140684,7.208561557856793e-09
218,953.0,0.5189429598487914,730.9304515272379,-2955.852457880974,319.19934469058745,0.2321328729723474,1.9205512471711725e-08
219,974.0,0.5160111659625546,706.9629955291748,-2446.641560643912,317.29067767068943,0.1865589855887322,1.0477758171075713e-08
220,850.0,0.5092380860820412,698.9671199023724,-2758.7093006819487,302.2587314900782,0.0630304229938517,1.1276362387436022e-08
221,855.0,0.5338340432057157,730.5628552287817,-3565.59098996222,302.16567392673863,0.4335049409310658,2.0599381251853412e-08
222,881.0,0.5168686101818457,750.3906444832683,-2578.244387358427,245.9545697613173,0.105580550333926,3.9559140970661815e-08
223,937.0,0.5209731192421169,740.733095780015,-2391.6181314736605,262.05472157233584,0.1891896337250249,2.6734862410157285e-08
224,962.0,0.5077149172918871,690.0385154783726,-3182.3155257850885,301.2948099376372,0.0384801392015756,1.0761954836925431e-08
225,967.0,0.5392131127603352,720.6691133230925,-3092.711029574275,230.68122323786724,0.4638501986471689,1.6423476468207266e-08
226,862.0,0.5120380405522883,682.1563646197319,-1963.218306005001,278.92707963880764,0.0693702918320839,7.174265762065888e-09
227,868.0,0.5322688058111817,706.5809522941709,-3471.0986707359552,327.87803557264857,0.4355891467612893,1.0706572471083915e-08
228,897.0,0.5139679362066091,753.6496433243155,-3547.977704554796,269.5615831350377,0.0864753698648653,4.954202708742653e-08
229,902.0,0.5191363247809931,688.9709876850247,-2121.616518124938,286.3314910519624,0.190461792695902,7.273526584691275e-09
230,920.0,0.5379498501075433,694.7357513383031,-3409.803090244532,300.2092136800161,0.4938149011173304,8.555283469658857e-09
231,958.0,0.5127281271247194,666.2214113771915,-2596.483458951116,282.42085158853394,0.0853703395376868,5.5513181427510706e-09
232,995.0,0.5266778929997236,728.1111931428313,-2728.3716659992933,294.7369362897919,0.3169893259485652,1.820768440118932e-08
233,1011.0,0.5244936795905233,745.4303311929107,-2617.8117983043194,199.931737552524,0.2015709113363657,3.3579589213759536e-08
234,916.0,0.5293679233780131,704.1416937485337,-2669.134308770299,296.2238633905427,0.3596799391794004,9.97613628429668e-09
235,972.0,0.5246597684687003,674.404558390379,-3582.899150624872,318.93969212292905,0.3154628219109709,5.7423724787714145e-09
236,990.0,0.5125725157512352,659.7044396400452,-3007.2023402899504,284.34482172353177,0.0858400361633766,5.088526611664944e-09
237,956.0,0.5279850822733716,702.0574364066124,-3312.65122666955,329.92707191406106,0.376040693548746,9.488828976264089e-09
238,973.0,0.5103241387475282,717.2000216320157,-1497.0093347132206,265.47677622122563,0.0227506188907068,1.7725337573361886e-08
239,985.0,0.5176090654544533,722.4479069560766,-2690.022551268339,319.76233571265345,0.2133837654519329,1.511075847080599e-08
240,998.0,0.5174379926128313,697.3652384057641,-3538.758680596948,335.43775282611176,0.2318060533360399,8.494299935697598e-09
241,1009.0,0.5161794897075742,712.8142149373889,-3277.70220078528,332.4458977658105,0.2098877855302799,1.1965761134547097e-08
242,1025.0,0.5136228298256174,748.7201595678926,-2119.586273655296,231.4487112816185,0.0386137575524563,4.2203702877790774e-08
243,1070.0,0.5152838396839797,680.0757198780775,-2397.0619160681963,296.6785441717083,0.1459346794963188,6.380903243588784e-09
244,1086.0,0.5130746175255626,671.1520390957594,-2957.8827023506165,304.5865432606998,0.1243701488309432,5.750841306259051e-09
245,978.0,0.5097451075306162,676.4199532568455,-2171.77647203207,282.71479905918693,0.0393531070434362,7.264459441710386e-09
246,1030.0,0.5194819729682059,693.4317169710994,-3546.156028658152,335.2869366967517,0.2606990791319135,7.83986876121748e-09
247,1012.0,0.5297046368336306,682.6521958783269,-2934.990729019046,271.04190362765013,0.3381291149738075,6.756842513868716e-09
248,1022.0,0.5135922409081831,693.2249786704779,-1366.5239162743092,246.4595056763234,0.0524005640372364,8.985382274146887e-09
249,1041.0,0.5144005491537973,739.8476910963655,-3355.3519137203693,307.8400980868844,0.1490829008758963,2.7538277479148013e-08
250,1054.0,0.5113738686032593,697.6269081234932,-1443.2810369879007,264.27126543104447,0.0378981532196928,1.0241669233443938e-08
251,1065.0,0.5206280074967071,746.6000857949257,-2712.6894503831863,261.9523595783517,0.1835292122645706,3.32398177624264e-08
252,1027.0,0.527094496092759,724.5589320734143,-2777.924743294716,303.03875249432576,0.332958730901654,1.6446040374807953e-08
253,1044.0,0.5290229724813253,708.1328799948096,-3026.681470870972,320.2319143219325,0.380710024288767,1.0888669477783943e-08
254,1068.0,0.5227953518647701,656.4381811767817,-3505.427972227335,229.894814999923,0.1900586769933425,5.005527168043475e-09
255,1074.0,0.5102990396413952,650.9099150449038,-2220.17680965364,258.3706299410931,0.0127927136548803,6.471877706513328e-09
256,1102.0,0.5156638118065894,705.3156817704439,-2799.252338334918,325.7672708442255,0.1933438273588391,1.0141953971380854e-08
257,1113.0,0.5179550302261486,719.8637722432613,-3005.820063874125,328.1209109864049,0.2296050632575921,1.4077888805809857e-08
258,1123.0,0.5263325774064288,729.2919388785958,-2375.761049240828,257.55598086176536,0.2709510786209563,1.8990385721562043e-08
259,1033.0,0.5224207613850013,713.0797760933638,-1632.3341522365808,206.2105191695852,0.1694418032680619,1.2693897362189412e-08
260,1058.0,0.5066830737888813,700.9882379323244,-3231.005159765482,295.73407865574217,0.0135032912790334,1.7610595069510175e-08
261,1067.0,0.5284800862940029,711.6438753902912,-2078.857358917594,183.95583932117327,0.2632303973028623,1.2816345394677994e-08
262,1081.0,0.518595927641727,726.4685764908791,-2598.30513484776,313.52202365477405,0.219417849349498,1.6834564052600728e-08
263,1099.0,0.5305718663381412,735.1534324884415,-3581.517678871751,305.47201015889027,0.3878656104226695,2.3450244676291424e-08
264,1116.0,0.525809281989932,690.6099554151297,-3320.40299512446,328.32387647351646,0.3429900592385764,7.517740693609145e-09
265,1138.0,0.5111927489191294,709.70240265131,-962.310317158699,244.7997726527372,0.0112845197744895,1.5695664669511133e-08
266,1149.0,0.5082539377873764,727.5397670641541,-2873.481694981456,281.6505905532972,0.0144189326671371,3.213490120442782e-08
267,1174.0,0.5199916530726477,695.8117259666324,-3069.758713245392,330.2558464924946,0.2616498392908454,8.187538510185998e-09
268,1106.0,0.5093999635148794,676.1768286675215,-3383.5106525570154,309.69760959421023,0.0774484006659787,7.0507667787237465e-09
269,1118.0,0.5122277257870883,662.7573288232088,-2688.431706279516,279.7712593909133,0.0735991283346935,5.420672183433558e-09
270,1126.0,0.5170906438212842,699.950060211122,-2043.468980491161,297.97427600629834,0.1752594123135724,8.954383771314675e-09
271,1137.0,0.5165254598436877,714.4608433917165,-1854.5836105942728,287.1799746268378,0.151245561058415,1.2419758403565084e-08
272,1185.0,0.5120129689387978,744.7853256389499,-1744.5397529751062,236.82566316325804,0.0167503777202715,4.183668568637698e-08
273,1212.0,0.527905602469109,672.7945090085268,-3138.0699634552,259.7318773927424,0.2983926953759511,5.890946729237119e-09
274,1222.0,0.5182939683226868,703.4967176988721,-1742.4155004322529,273.17120320303246,0.1598450735497502,9.670721955731673e-09
275,1228.0,0.5249150295229629,700.505515858531,-2847.579843923449,321.9363225761984,0.3227133412644363,9.072479583533262e-09
276,1241.0,0.5179031208064407,742.4035878479481,-1968.5556069016457,227.7693104639393,0.1069597842750159,2.9028497855622963e-08
277,1089.0,0.5127030280185864,730.727146230638,-1113.9392137527466,223.9639443809928,0.0171388489353143,2.4980519862536373e-08
278,1165.0,0.5109783100802452,731.7367236688733,-1902.6853647083044,263.9894825817494,0.0311778164830191,2.5893087361101187e-08
279,1171.0,0.5234320402238518,725.9738035872579,-3205.0483234226704,326.74675106446665,0.3068808157682162,1.6754842317978762e-08
280,1214.0,0.5129397861892357,708.6918815225363,-1969.9384029954672,292.4113266500657,0.1037608380981932,1.1580767734872791e-08
281,1218.0,0.5073992327740416,655.0477906316519,-3023.1291364878416,289.02345296716925,0.0132186499396665,6.7741357535568115e-09
282,1233.0,0.5153221340011805,718.0475189909339,-1481.2955059111118,254.6605724842933,0.089599684710723,1.4130467040170774e-08
283,1134.0,0.5147280190046877,679.3056713044643,-1630.942893773317,238.94495952976072,0.0636272958921205,7.0974197837214954e-09
284,1139.0,0.5241468512313441,741.9069829955697,-2936.582485958934,279.2142359194977,0.2594522118402606,2.835444686212337e-08
285,1156.0,0.5327760736038909,680.5136113986373,-3394.089261442423,285.2149355613807,0.4005079107831631,6.514257196108369e-09
286,1160.0,0.535598297114484,701.5473518893123,-2684.8412711173296,186.4619329467196,0.3860886309289918,1.0720153927710753e-08
287,1207.0,0.5361430526338518,718.646596968174,-3515.814746171236,314.4328472554748,0.4794927459850083,1.4688141602760652e-08
288,1225.0,0.5213208202831447,728.7905330955982,-3429.4794503599405,329.8682194402376,0.2802524547978566,1.804068665116083e-08
289,1186.0,0.5066750789200887,678.5573790222406,-2636.8066627532244,294.012210241319,0.0104694960298741,1.0536500376641905e-08
290,1196.0,0.5229089091764764,693.8690400868654,-2348.7329084426165,295.8052507067374,0.2608189391215529,7.918672087803043e-09
291,1243.0,0.5313809667155147,714.0831187367439,-3048.8722007721663,311.6427425817175,0.4063794944630569,1.2721459970891597e-08
292,1256.0,0.5347040275065229,693.065237365663,-2975.533766672015,264.2101524178487,0.4116066479523506,8.322220943358415e-09
293,1261.0,0.5087196751777083,721.4692727103829,-3293.62888969481,293.8504496122786,0.0414492037539019,2.280203000274073e-08
294,1267.0,0.5243702558148653,719.4834125414491,-2004.8891320824623,254.618361754068,0.2363770487639082,1.4284265320670738e-08
295,1298.0,0.5086888021137566,666.6626810282469,-1999.8120423406365,276.84508499233567,0.0136285997765183,7.548369919638419e-09
296,1140.0,0.5300513096246868,684.7692896053195,-2619.19327005744,200.29058148660795,0.2962600103115181,7.633675731766847e-09
297,1153.0,0.5138002237956971,711.2599662318826,-2826.2803584337234,322.37521679500907,0.1615048312541604,1.199963921018664e-08
298,1193.0,0.5208548451401294,724.1774290800095,-2230.897518619895,295.00626631307347,0.2284703605028097,1.5773962130022493e-08
299,1198.0,0.5149517575232312,657.5056704133749,-3434.219936281442,291.25341072593284,0.1328870526988545,4.716395857692636e-09
300,1246.0,0.5123831738391891,685.2101621776819,-3170.1240811496973,321.6351621703394,0.1397893946924799,7.295717733125331e-09
301,1202.0,0.5100928065599873,688.3691642433405,-2751.095652580261,305.7559812749334,0.0814912229136794,8.474861389896937e-09
302,1230.0,0.5159752881480381,667.8930554538965,-2155.842809379101,243.53520044902933,0.0885461860271585,5.870307830670758e-09
303,1234.0,0.5095828867750243,698.7249036878347,-2458.8398717343807,297.36549647601083,0.0603228605414817,1.0920730668663653e-08
304,1249.0,0.5115003908332437,734.6551137045026,-2327.4069361388683,273.31692987827614,0.0526382226908799,2.6840907161760786e-08
305,1265.0,0.5165229833684862,752.038195617497,-3116.743354126811,268.7745414617447,0.1260787419124137,4.2375093084753065e-08
306,1287.0,0.5381511167855934,716.1268855631351,-2921.023115515709,215.7089899565225,0.4395839246977083,1.4695083049127784e-08
307,1294.0,0.5163533854484559,696.0945028811693,-2610.4228992015123,320.27770018249544,0.1957474018520584,8.3462469984007e-09
308,1282.0,0.5080845720879734,686.904025003314,-3460.6258012354374,307.4876918825072,0.0542637134511533,9.589194994811364e-09
309,1293.0,0.5106610049633309,719.6330742165446,-1774.4407508522272,272.1819340468868,0.0377004484096238,1.7784448424971322e-08
310,1296.0,0.5404636211320758,701.6088143736124,-3108.1437528133392,249.74331027854024,0.4945604616282261,1.0313864960721911e-08
311,1305.0,0.5172599617438391,710.6425647437572,-2405.611430481076,316.2889803748915,0.2035089278633453,1.1266810965298965e-08
312,1310.0,0.5115326586458833,657.2128791362047,-2721.258276700973,271.2502341839485,0.0501636261468717,5.365607095625942e-09
313,1318.0,0.5177856677118688,709.4642364606261,-3374.982545524836,334.6043120229736,0.2356713024031551,1.093592237065777e-08
314,1329.0,0.5158359274407849,723.9749910309911,-3562.1081180870533,331.7005916206944,0.2039632530964335,1.604445326987777e-08
315,1345.0,0.5129061118932441,743.1903618946671,-3263.734865561128,289.46193444326343,0.0987533437682335,3.347464461284498e-08
316,1387.0,0.5291916543850675,721.1726678907871,-3339.618957415223,324.4555339572119,0.3876490262458448,1.5146515716650417e-08
317,1254.0,0.5173636624822393,677.4898972734809,-2911.98322288692,313.0647395143345,0.2005777238822139,6.024455430284896e-09
318,1347.0,0.527811514432542,715.3230797126889,-2631.722270697356,301.1173948880034,0.3415613402563512,1.2864245069792642e-08
319,1366.0,0.5207992632314563,667.7045778557658,-3524.848208203912,311.3325904107511,0.2491241890074995,5.196504091956543e-09
320,1390.0,0.5145726564899087,689.6045123785734,-2993.264402076602,324.53555941772527,0.175816235108347,7.550148731781163e-09
321,1270.0,0.5222063419921323,691.0516252741218,-2576.114525645972,309.4023562275555,0.2675423816218312,7.505232686352117e-09
322,1292.0,0.5243160468619317,672.3846294730902,-3298.657927662134,302.411599221006,0.2903846353987652,5.576351675126346e-09
323,1342.0,0.5132375219091773,683.7028543651104,-1651.8088940531015,259.5241805216491,0.0616779807014417,7.46107023118819e-09
324,1364.0,0.5283114462997764,698.8970562443137,-2384.7248040139675,265.35056451926744,0.3102994746159285,9.041116648206847e-09
325,1377.0,0.5119083546986803,716.7001573368907,-1306.2073051929474,252.8233618619881,0.0320154857491164,1.5861169855761152e-08
326,1406.0,0.5137912935484201,676.8576180189848,-2432.429178804159,293.8840344709364,0.1190230831113667,6.206841041767286e-09
327,1410.0,0.5080884419707582,664.3275883048773,-2367.223252728581,283.5326691724396,0.0148754540531264,7.306300973070841e-09
328,1420.0,0.5241983535001055,709.9610661715269,-2542.7313465625048,312.4882325636379,0.3009389443688714,1.1113777650424657e-08
329,1315.0,0.5256378525821492,738.8061151280999,-3014.590474963188,287.7245579600883,0.2927601024823207,2.563482246543844e-08
330,1332.0,0.5307405402790756,694.2834372445941,-2769.401890039444,282.3771094572576,0.3659819520931419,8.240630527078405e-09
331,1350.0,0.518765253694728,684.195864610374,-1835.3944167494767,241.6046798968324,0.1326454905679521,7.1257876812264045e-09
332,1361.0,0.515111773586832,730.6118673458695,-2027.9543593525889,278.9448119629031,0.1175597165871788,1.9810508383051112e-08
333,1385.0,0.5199168256437406,752.3056361079216,-2675.862740725279,218.6103272737768,0.1343245716287775,4.264825361231432e-08
334,1458.0,0.5098914406402036,677.7207374572754,-1413.443661108613,263.240198661767,0.0127264651748863,8.776977171920301e-09
335,1473.0,0.5131109918002039,720.7301971688867,-2564.058827608824,308.47307725215666,0.1307968833075148,1.566964333619885e-08
336,1368.0,0.5369098213408142,682.2255737707019,-3236.3041017204523,180.82786189766887,0.4069676568526396,7.719245180666657e-09
337,1394.0,0.51098863507621,660.1457387953997,-3196.502372995019,292.0488220023444,0.0732917554501225,5.281205029563302e-09
338,1453.0,0.5094144217949361,715.690480209887,-2089.6661784499884,281.22263243231595,0.0318500963678737,1.7632528033239232e-08
339,1459.0,0.5250869737472386,710.2036434784532,-3378.432697802782,333.5961192403845,0.3385702295767698,1.1220893245747898e-08
340,1480.0,0.5363149945950136,707.0185307785869,-2703.711785003543,186.67255477111595,0.3984308702133429,1.2059434781778072e-08
341,1401.0,0.51931260232348,735.9973976016045,-2790.261815115809,306.087846881448,0.2200076928274612,2.2560185162456096e-08
342,1422.0,0.5166923504089936,673.6718479543924,-3260.876653343439,318.5467774347871,0.1983021726253765,5.7146812396894314e-09
343,1426.0,0.5088881847495214,704.2107274383307,-2931.4976513385773,301.91641221274125,0.0572004445268524,1.327331178147985e-08
344,1431.0,0.5348759665340186,732.5271587073803,-3288.377530127764,256.99499725752884,0.4086399356148849,2.2361278863613372e-08
345,1446.0,0.5180751886637882,672.0040449127555,-2499.4206447154284,276.84639779698483,0.1611996287940086,5.662095153669902e-09
346,1537.0,0.5136852447036654,724.7528508678079,-1591.3712851703167,259.5774439165517,0.0689634269716456,1.7576586853104353e-08
347,1417.0,0.5220378812029958,738.2460834085941,-1988.9849569648504,194.27144852587247,0.1571407725597292,2.563725714402185e-08
348,1433.0,0.5171915527153761,748.1824089586735,-3449.9231167137623,297.568601953691,0.1762160391679593,3.566779218751467e-08
349,1438.0,0.51167160440702,694.6657411009073,-2246.580528840422,299.2397588570843,0.0949851048706257,8.921134889825272e-09
350,1444.0,0.531211776281707,696.5900770947337,-3186.0283233225346,316.45840346348297,0.4088288494527922,8.592641236351323e-09
351,1457.0,0.5158059650287032,746.552371867001,-2292.904578521848,247.4450586891421,0.0896766384315452,3.455720482259884e-08
352,1462.0,0.5214893223112449,681.7718562111259,-2835.3040874004364,310.48861131895063,0.2582725947446125,6.399637509161145e-09
353,1521.0,0.5163150993455201,734.0671558305621,-1722.782240062952,245.50184748329943,0.0960562397293941,2.2030357572026523e-08
354,1404.0,0.5269230744801462,704.7825793176889,-3597.058961167932,335.1350040218141,0.366436908992757,1.0015213085474837e-08
355,1441.0,0.5122119156736881,725.3753160312772,-3082.255420088768,312.5387865571605,0.1236028807579319,1.86742235087357e-08
356,1454.0,0.514788156603463,707.6462735235691,-1168.4404235333204,221.91885270131712,0.0505128190394048,1.2032037948923462e-08
357,1494.0,0.5206863765558228,705.281928293407,-2318.8211046159267,309.75821648550624,0.2453906368069641,9.922918168067608e-09
358,1510.0,0.5175619292771444,687.6697430387139,-1465.347547084093,195.7938082432225,0.0815179252415468,8.179812519209557e-09
359,1516.0,0.5236039763176814,684.5746190100908,-3060.954452678561,319.1079013471307,0.3002131526988091,6.726346954292663e-09
360,1522.0,0.510809847698547,682.6050166040659,-2658.5648261010647,303.1910645333359,0.0881838672778172,7.364726929606406e-09
361,1485.0,0.5102613135334104,737.2079025581479,-3514.021122828126,287.41642433356947,0.0547811751757162,3.3233424026893144e-08
362,1491.0,0.5227370149921626,735.4440059140325,-2211.6317108273506,250.9692647603292,0.2063557138780003,2.261321336423125e-08
363,1531.0,0.5326068748719991,730.0556103885174,-2856.192122027278,225.18199175813487,0.35089604049498,2.075961556409749e-08
364,1478.0,0.51849910676945,661.6487319394946,-3104.7043930739164,276.6543275403961,0.1676121005781599,4.937557078037744e-09
365,1534.0,0.5136289735930041,699.3974318355322,-3413.355002179742,331.44321535577365,0.1719980262062748,9.255081298796213e-09
366,1564.0,0.5265963791171089,697.7772258222103,-2953.2737519592047,320.80362056767814,0.3459182571776661,8.63852296741774e-09
367,1606.0,0.5188594723632559,702.4584381654859,-2731.1699107289314,325.45482479335504,0.2391617008630442,9.355183451645078e-09
368,1639.0,0.5378683659806848,723.1839609891176,-3185.1207576692104,258.7723396893312,0.4583077804309758,1.7042041888231347e-08
369,1492.0,0.5286428579920903,676.4734840020537,-3485.2842304855585,305.3125276819908,0.3587869650471021,5.986703357393246e-09
370,1513.0,0.5201601628959179,714.8830080032349,-3150.640058889985,331.9817627870896,0.2662345005267921,1.2363363581951481e-08
371,1518.0,0.5142570766201243,652.0344915241003,-1949.0591391921043,179.14916961607116,0.0170366469635944,6.789080103056006e-09
372,1538.0,0.5078147009992973,699.5122475922108,-2568.4933371841908,292.0481627033241,0.0246256397494335,1.365086599928039e-08
373,1554.0,0.5085961298225448,652.1510811150074,-2904.25219796598,280.7141808472288,0.0182660385721626,6.039830055395387e-09
374,1558.0,0.5201945264777169,708.3343518897891,-1400.734969228506,174.94996447667063,0.117473379177349,1.1787898386364394e-08
375,1574.0,0.5176912305271253,692.0733705535531,-2465.14428332448,313.06240317822886,0.2054180367776382,7.681815160442017e-09
376,1590.0,0.5211317032994702,674.8275319114327,-3029.543438181281,306.3494736310352,0.2475748280607328,5.747446615521607e-09
377,1646.0,0.5146640051947907,704.0959174931049,-2087.047980353236,301.53841099637543,0.1437114954395017,1.0017386926427792e-08
378,1547.0,0.5296117295138538,713.2371891289949,-2709.841477498412,297.9754634585016,0.3653056384786972,1.2346848811159432e-08
379,1561.0,0.5175303102657199,727.9372426122427,-3313.6916656047106,328.26723704017024,0.2236808006004212,1.7658935559086008e-08
380,1566.0,0.5112619292503223,668.9733654260635,-1816.7965024709704,258.7785883695519,0.0288637046474875,6.8036904641979595e-09
381,1586.0,0.5102297583082691,685.6611058861017,-1721.939047425985,274.00971240725784,0.0335837755993536,8.553803571456699e-09
382,1620.0,0.5282166282413527,687.167682684958,-3278.7418954074383,319.18532143240435,0.367791779090572,7.121569392641371e-09
383,1550.0,0.5162615714641288,682.4892312288284,-3502.576981857419,330.4317939260318,0.2083445839987473,6.5605078399328234e-09
384,1571.0,0.5253696135338396,722.3801582679152,-2122.437196969986,254.82372059808893,0.2527856135459822,1.550178390581566e-08
385,1585.0,0.5161033952701837,737.5591469928622,-2671.712062507868,296.9049454717686,0.1587289578716323,2.4364478876543525e-08
386,1597.0,0.5076314588915557,720.3816380724311,-3407.217826321721,289.7968940395168,0.0180786204378638,2.7177042144016128e-08
387,1603.0,0.528079373864457,730.7455144450068,-3537.937780469656,321.8296310525226,0.3686733836158869,1.9928945330734445e-08
388,1630.0,0.5121583046438173,690.7014522701502,-1247.9652520269156,245.83463447033503,0.0282343414680647,9.42105101858124e-09
389,1644.0,0.52323648694437,679.5071449875832,-2803.435595333576,297.47115993588164,0.2679073644166541,6.1995909986553646e-09
390,1657.0,0.5190427324920893,717.6991770416498,-1896.2439190596344,282.98693927444106,0.1845163230194137,1.3287213104744465e-08
391,1673.0,0.5219424569653347,722.8190844506025,-2893.5460802167654,323.1779040849022,0.2809701435652849,1.523752475962732e-08
392,1691.0,0.5321868017548695,738.1160912662745,-3246.000971272588,244.2881868037008,0.3555259167532211,2.6805284030459505e-08
393,1699.0,0.5259596907580272,744.8110189661384,-2822.11059294641,217.3374626906684,0.2351652728686224,3.2932191400373745e-08
394,1569.0,0.5124912676587701,751.2435270473361,-2782.5472589582205,249.73996566288127,0.0379651973696076,4.9840134444555255e-08
395,1617.0,0.5148445162270219,716.0390379652381,-2932.413183152676,325.122617336833,0.1805849428589279,1.3206409897720688e-08
396,1650.0,0.5110808420879767,673.7856310606003,-2306.1245564371347,284.2114162556053,0.062464768511048,6.462522866781344e-09
397,1678.0,0.5167864389065653,660.0290396809578,-2352.9026336967945,207.30908476589548,0.0745936970962868,5.706095214197251e-09
398,1682.0,0.5089831315539778,689.7201846539974,-2035.846182703972,285.05662869705355,0.031230295220287,9.728256393015558e-09
399,1715.0,0.5251789179025218,728.497272990644,-2482.760415226221,284.113634598622,0.2813702479578477,1.8257990088467377e-08
400,1660.0,0.5268309547239914,689.2657867074013,-2692.6010493189096,293.27016143688473,0.3176178356765348,7.366965780650807e-09
401,1697.0,0.512119372128509,713.6734793707728,-2188.340252637863,296.71968197961405,0.097861026477843,1.3493242610166353e-08
402,1709.0,0.5091435636533425,730.2607315406203,-2983.560049161315,282.3546676995178,0.0294131633119456,2.9752364370580016e-08
403,1726.0,0.5128717491496354,672.8933291882277,-1512.063380330801,234.3183701544893,0.0286597718803511,7.313110461609875e-09
404,1734.0,0.5184074201062322,679.8884173110127,-2200.13935379684,274.67430570561,0.1635822688864985,6.345755900432431e-09
405,1750.0,0.5204155196715147,688.8870282843709,-3211.077594012022,329.77888581736926,0.2671367518392194,7.224105758301593e-09
406,1704.0,0.5339174185413867,699.0165582671762,-3340.46577103436,317.3701818122236,0.4494705998073481,9.144569115589602e-09
407,1662.0,0.5140624991199002,664.211004525423,-3322.8282921016216,304.4489030750126,0.1389883784537508,5.1391369816857245e-09
408,1666.0,0.5083560385461897,676.9715164601803,-3275.1755464822054,303.6419656309768,0.0520148767992783,7.730309763977685e-09
409,1694.0,0.5119400592893362,706.4033392071724,-3142.2537233680487,323.29604608599726,0.1358118979225877,1.137616305700416e-08
410,1718.0,0.5217604003939778,697.2803938761353,-1928.9849370718,264.91060218196463,0.2050125940549358,8.583125793660701e-09
411,1729.0,0.5132033275580034,733.4353476390243,-3472.036655992269,315.5438472919189,0.1427544928582191,2.3050329112884786e-08
412,1785.0,0.5196280033653602,740.1291204243898,-3046.024690568447,306.3502498547264,0.2250809982814785,2.6005648434874125e-08
413,1676.0,0.5239306723512709,691.6902680695057,-3436.645602062345,332.58979311239096,0.3209033566840964,7.627539136363258e-09
414,1681.0,0.5145382073288783,726.1238932982087,-1227.5324419140816,218.2399808028532,0.0436739698299107,1.910665277349776e-08
415,1702.0,0.5181666646897793,654.6507156267762,-3389.923344925046,262.96774777836544,0.1451671247882095,4.692807496057305e-09
416,1742.0,0.5158673718571664,700.5236542969942,-1784.0732473880053,282.04773949197823,0.1337561907172269,9.197787959506241e-09
417,1769.0,0.5202551111252979,731.2989092618227,-2260.1411674171686,286.05865347394086,0.2074218207037816,1.9424944552199452e-08
418,1774.0,0.5141625092644244,666.5487848222256,-2842.9703906178474,291.9628094427018,0.1218275055892854,5.3402444221327454e-09
419,1790.0,0.5133609866723419,686.7883549630642,-2503.6195758730173,307.7998823496713,0.1335110733335267,7.327475731669615e-09
420,1796.0,0.532345648710616,675.3858560696244,-3370.359795168042,250.2706152606167,0.3624449608290073,6.287115249401653e-09
421,1809.0,0.514132990045473,721.5834590420127,-2449.150136858225,307.69559063188314,0.1448761919380463,1.553928552371107e-08
422,1814.0,0.52035606327001,660.5683933570981,-2766.537233814597,203.06181254461023,0.1327815233131269,5.4911669485669415e-09
423,1835.0,0.5287511147558689,727.1588932722807,-2972.861522063613,301.4462522643522,0.3561116890945561,1.7925220234724173e-08
424,1741.0,0.5105323903588578,723.6265454813838,-2606.06491304934,291.9671583740739,0.0661666958890562,1.985124555433134e-08
425,1747.0,0.5226454531354829,718.1392420455813,-3121.3663324713707,329.808276519969,0.2992076323835287,1.3489511745464184e-08
426,1753.0,0.5178393644886091,714.1088102757931,-1524.8788107186556,249.8978198276267,0.125423543047485,1.2518123743709026e-08
427,1810.0,0.5087511418061331,701.7663409560919,-1485.7128761708736,274.9478629889985,0.0116733110809223,1.4282477928114834e-08
428,1842.0,0.5103916315501555,668.2412099838257,-3112.326868996024,300.6080188934772,0.0777810219011679,5.9422137494445795e-09
429,1846.0,0.5212863684399054,694.0894040092826,-1579.3928883969784,157.98697800251813,0.1303823909020293,9.088365708151766e-09
430,1867.0,0.5303013031557202,718.7669581919909,-2673.4511766582727,282.46738051822865,0.3592321438697128,1.4292297752301036e-08
431,1732.0,0.5337356903310866,703.5955360904336,-2914.844687283039,288.712586369994,0.4187962603812261,1.0087520781204552e-08
432,1816.0,0.5373366280598566,706.2238707020879,-3041.001245006919,275.20446749650904,0.4626373672632595,1.0935462511896978e-08
433,1838.0,0.5153755732858554,698.3757151663303,-3301.506095007062,332.32396279724463,0.1982243836867175,8.809596202340883e-09
434,1849.0,0.5183256702311337,711.9789461046457,-3494.066091254353,335.4647846009988,0.2444708746500842,1.1562549456777417e-08
435,1854.0,0.5133454382000491,654.696828275919,-2065.740206837654,219.3038151573684,0.0243918921243092,6.265297199123807e-09
436,1858.0,0.5070976612018422,709.0410687029362,-2813.0715385079384,290.6969145331411,0.0113680126662228,2.11034446870922e-08
437,1772.0,0.5238713636808098,701.9590896368027,-2152.97742895782,282.52063863127944,0.2591174371532692,9.345687163235565e-09
438,1778.0,0.5107144220359624,696.2092033028603,-3568.279062956572,325.01820814505777,0.1206176186392616,9.59505196611186e-09
439,1798.0,0.5195764907030389,708.00288785249,-2652.152670174837,323.6740039670043,0.2472363360116009,1.0532235398554254e-08
440,1811.0,0.5237704651802778,749.9084977433085,-3559.246452525258,282.40708344235725,0.2574076882277658,3.882933185133073e-08
441,1836.0,0.5225253050914035,669.9929973483086,-2615.0425918400288,234.46444369580183,0.1889030721313874,5.848013091263057e-09
442,1865.0,0.5216636227723211,754.602067694068,-3335.435881465673,251.1745174449765,0.1890579334346742,4.7020341583522843e-08
443,1874.0,0.5093076761206612,657.8566314280033,-2477.29793228209,275.56496137121235,0.0213917071888323,6.234469313540584e-09
444,1886.0,0.5119566114945338,678.2092177867889,-3594.6365408599377,323.6841648509237,0.1366296874267495,6.5605113500254e-09
445,1891.0,0.5260646374244243,716.6745793446898,-3266.143371909857,329.8406603209375,0.3483619120211019,1.3195459221031741e-08
446,1908.0,0.5301462189620361,701.1933590844274,-3529.017799347639,331.35654471094654,0.4085265599006388,9.407834200574608e-09
447,1825.0,0.5123269859608263,738.6045287922025,-1392.099516838789,231.67593425603184,0.0172612082681904,3.2598420381940033e-08
448,1852.0,0.5275476294057444,683.5455557703972,-2725.864109024405,271.9122570082423,0.3048278284727597,6.799558307797771e-09
449,1870.0,0.515572382719256,688.0190002918243,-1908.8708203285933,278.6038721046707,0.1242996199411343,7.337414878545409e-09
450,1894.0,0.5169965057028457,686.3677916303277,-2951.5345707535744,323.4965864854607,0.2095398642944541,6.958364571886506e-09
451,1905.0,0.5167926259245723,731.8535966798663,-2746.7231556773186,310.9724928233932,0.1891957468770946,2.0018055684434043e-08
452,1933.0,0.5112490878393874,714.3467764183879,-2812.414139136672,310.2990893701605,0.105884453435362,1.4357157198807784e-08
453,1881.0,0.5182249911688268,733.4670402854681,-2095.996446534992,275.05162113059424,0.1611968867959365,2.0869166727903692e-08
454,1921.0,0.5138928586198017,727.6565265282989,-1916.55946969986,275.9020071973708,0.0941016589922901,1.872487500703662e-08
455,1939.0,0.5233401766186581,712.3604495450854,-2297.084227949381,300.32265935014306,0.273064831957987,1.1720163847872435e-08
456,1961.0,0.5209501782665029,736.7847330123186,-3123.139363154769,314.3741276408327,0.2553022899900617,2.3232362004554243e-08
457,1884.0,0.5259013106347993,703.3070234954357,-2428.262645378709,296.6955422153523,0.3074662932850585,9.654187541674208e-09
458,1889.0,0.5117965441755951,741.7147059366107,-2635.902288928628,269.138851320001,0.0513595784476269,3.4354244149809565e-08
459,1937.0,0.5146963162580506,744.036319218576,-3380.8408219367266,300.32924364568584,0.1424084212728533,3.19231823824322e-08
460,1977.0,0.5189384297234938,749.4089180976152,-2337.2706927359104,213.236544528894,0.1145037411739349,3.800054538442618e-08
461,2007.0,0.5344486506143585,711.5236236900091,-3034.6273943781853,295.8064395577706,0.4366242447254865,1.2131817173551344e-08
462,2022.0,0.5174554402567446,663.9451653137803,-2019.7374623268845,153.7140301841271,0.0624883897903742,6.359224121052893e-09
463,1872.0,0.5400231033796445,693.7539967894554,-3193.6512283980846,243.71118132049097,0.483903280431573,8.892760107464018e-09
464,1918.0,0.5138539232546464,704.6836438030005,-1060.5587180703878,218.14734018580504,0.0321053531521331,1.20386688142926e-08
465,1924.0,0.5330464583355934,697.8167149797082,-2501.846504956484,152.59148885122102,0.333038334870405,1.0055670296620468e-08
466,1942.0,0.5197204944398255,683.108235783875,-2179.2744666337967,274.34943049062264,0.1838850487391934,6.646324277533088e-09
467,1982.0,0.5126714116893709,692.2742073237896,-2877.901693806052,319.61501907501577,0.1409972394969256,8.238319049372966e-09
468,1998.0,0.5160697642248124,650.5588373541832,-3065.559782087803,231.9769973121121,0.0797439299787808,4.986911538288506e-09
469,2012.0,0.5254252058360726,665.7378913462162,-3416.20280072093,272.5104512725445,0.2718671125780126,5.231284187498725e-09
470,1917.0,0.5083484567794949,711.1457857117057,-1981.3346933573484,281.1668184759216,0.0151192588921667,1.8280506588562367e-08
471,1926.0,0.519096952509135,670.4328383877873,-3190.1982832700014,308.41793635991786,0.2199408737755715,5.407480589292316e-09
472,1966.0,0.514857577746734,675.8285538852215,-2538.565195351839,296.6825564430069,0.1394563775300054,6.011286312064841e-09
473,1969.0,0.5156981780705974,710.0461151078343,-964.9793162941932,157.84805422494583,0.033416571862002,1.3806992897028865e-08
474,1995.0,0.5308694360544906,741.2189046293497,-3155.2492640912533,214.89563970821504,0.3165634263424982,3.0295551325595324e-08
475,2038.0,0.522477118326351,702.75157276541,-3480.6611113250256,335.6297127659495,0.3037311967939707,9.439017278557796e-09
476,2057.0,0.5224649202683941,729.8133219778538,-2646.0233598947525,305.29467598562474,0.2661778692952354,1.86900355087668e-08
477,1928.0,0.5356899407785386,685.1223145797849,-3577.103929594159,302.47086315012564,0.4617550188946731,7.1094660645677605e-09
478,1964.0,0.5231766814365983,707.4449133872986,-3258.4546018391848,333.2649759643955,0.3109163796989024,1.0461940743533433e-08
479,1970.0,0.5099977684766054,705.6647536158562,-1843.1249052286148,280.5497601189269,0.0399106963702934,1.2750634078994496e-08
480,1986.0,0.5076664417702704,671.5003089606762,-2113.404170796275,285.0167512917658,0.0107380176830624,8.650822316332594e-09
481,1993.0,0.5212257809424773,717.0549368113279,-2523.174837604165,315.825349848075,0.2612288718462553,1.3066793913005e-08
482,2017.0,0.5114081463543698,719.1446868702769,-3223.065485805273,316.39277007980394,0.1176229339107709,1.625116579611565e-08
483,2035.0,0.5244618982216344,733.9684518799186,-2898.790566623211,302.28606475089543,0.2924277416347782,2.15649425620308e-08
484,2041.0,0.519428359256126,730.0373575091362,-1796.2612319737673,248.09785968357,0.149590840704407,1.8962624246534923e-08
485,2060.0,0.5244744407758117,699.6511875838041,-1877.7964867651465,217.3325696795736,0.210178992497392,9.545662761906662e-09
486,1950.0,0.5117356182169169,658.749091103673,-1692.0121930539608,237.45346659427443,0.0127612865219871,7.143470409425703e-09
487,1954.0,0.5064075627271086,663.1084033846855,-3532.4688602238894,298.09899571724105,0.0133236086203812,7.982972543508218e-09
488,2020.0,0.5316528251115233,687.5781344249845,-3101.83923393488,292.01758324854814,0.3900974866257628,7.278009175368878e-09
489,2030.0,0.5143690159730613,684.5488130301237,-1533.385356143117,243.6746256217377,0.062284327912877,7.642123874479597e-09
490,2062.0,0.5162432317342609,667.097328081727,-3019.663890078664,298.45813258858954,0.1630951240972647,5.245675982499119e-09
491,2084.0,0.5314850284624845,705.0249342247844,-2978.990765288472,309.083130412979,0.4052855855705368,1.0265930479283392e-08
492,2093.0,0.509687651260756,722.2558591142297,-2330.861333012581,282.18686901166154,0.0376279300581596,2.0834570975922973e-08
493,1979.0,0.5332017162861302,721.9673623889685,-3445.739658549428,316.44788051685407,0.4380699469360413,1.583636012369947e-08
494,2002.0,0.5096782211586833,680.4257635772228,-3352.7483873069286,312.81811774806994,0.0865474101999694,7.483763205877045e-09
495,2014.0,0.5126512411423028,700.6391629576683,-2276.2235585600138,304.6161472478825,0.1180624423624887,9.742154664913708e-09
496,2071.0,0.5346219384158031,727.8276245296001,-3045.309107378125,248.41075102674003,0.3982810182538914,1.9294002339262253e-08
497,2078.0,0.511417599003762,684.3650392442942,-2455.279326438904,300.05365428374506,0.0924139271569715,7.422977855037881e-09
498,2094.0,0.5152399376221001,701.0866166651249,-1382.516111433506,244.27807296306145,0.0771947010468906,9.900288251128136e-09
499,2115.0,0.5280101790325716,746.3130857422948,-2984.713154286146,156.08790022045815,0.2464685046515339,3.6993317232209646e-08
500,2081.0,0.5126417898340151,735.6831704452634,-3297.189434990287,305.0854525090371,0.1186381040798335,2.5625278019120186e-08
501,2099.0,0.5246351920580492,720.505911745131,-2719.734745100141,314.13952386595287,0.3093856783631797,1.4479981008954993e-08
502,2105.0,0.5185519404197112,717.4840442091227,-1588.9761731028557,251.44125138019763,0.1386257590689029,1.3497104584611142e-08
503,2113.0,0.512659213799052,710.4148039594293,-1899.123102799058,287.80319336868746,0.0924239808107928,1.2197486451912985e-08
504,2118.0,0.5189289768226445,656.9714350625873,-3341.5097638964653,267.00062152907213,0.1622051583976105,4.753356192279053e-09
505,2131.0,0.5231668868055568,725.1195218041539,-2420.327953621745,297.3340027570256,0.2666770768984235,1.633021966533332e-08
506,2174.0,0.5139050578512252,709.7198631614447,-2754.657914489508,321.4684988292066,0.1617201287591096,1.1540138623837829e-08
507,2194.0,0.5091405627643689,675.0975524634123,-2691.8856739997864,294.11083408701245,0.0483061580595787,7.147594741439472e-09
508,2066.0,0.5084390865266323,697.6383104175329,-3166.6696842759848,304.7261288915527,0.0550404290236535,1.1806008861458237e-08
509,2086.0,0.5176234065555037,676.7035576328635,-1812.6169838011265,216.43653096943683,0.0943522878014347,6.757332125604324e-09
510,2102.0,0.5212379803415388,690.1975795254111,-3498.3828719705343,333.9285439451159,0.2840390378027342,7.394599216847949e-09
511,2134.0,0.5209596310835332,696.8344468995929,-2105.744043365121,288.96940041979275,0.2221325171521204,8.363947800060597e-09
512,2146.0,0.5062395944166929,679.4117108732462,-3437.800531089306,299.63951390062226,0.0133984191282377,1.0997813612193953e-08
513,2153.0,0.5197110429638997,723.3233368396759,-2943.599932640791,325.413201711322,0.2514330187716292,1.538591197077108e-08
514,2158.0,0.514684116942808,658.5868241637945,-2640.273625776172,255.21360560976456,0.0798851276272834,5.219554073543517e-09
515,2162.0,0.5112369098141789,689.1556755453348,-1973.3945164829493,285.0801892796608,0.0662315373244649,8.267642215078326e-09
516,2178.0,0.5083359355153516,691.5943752974272,-2802.8307873755693,298.72068985816014,0.0436110518131878,1.0393734242390655e-08
517,2190.0,0.5168051685625688,704.527271464467,-1926.14781036973,292.83838677477286,0.1635993907296333,9.872576028949246e-09
518,2073.0,0.5174676383985206,743.4903921186924,-2756.843965128064,286.126686787789,0.1643438629646126,2.9625981843456245e-08
519,2097.0,0.5160792156169192,753.1192814186215,-2057.750154286623,175.84289561504534,0.0469577927827198,4.799939181316868e-08
520,2120.0,0.5358632366266102,702.3337165638804,-3390.527884662152,315.42291641299033,0.4762647331585611,9.89810076607734e-09
521,2125.0,0.5100099451607093,730.6500910595059,-2822.8242449462414,283.9747952243766,0.0454554339809159,2.6686083296505483e-08
522,2189.0,0.5109342350158841,711.1909214779735,-1117.504050582647,252.3519944601428,0.0156100506250023,1.5569650242093416e-08
523,2211.0,0.5258918592426927,730.3712651506066,-3248.8664355129004,319.04664910585046,0.3336197175385686,1.9414842849404747e-08
524,2228.0,0.5303135026386008,683.9811618253589,-3455.327945575118,315.104937580749,0.3942055554502241,6.790041181625739e-09
525,2142.0,0.512271456187591,676.1958909034729,-1674.740835651755,255.4272364796469,0.0410218507887321,7.097058969837475e-09
526,2156.0,0.5233499725908041,694.8916072398424,-3275.8910223841667,331.6968258224136,0.3115532090442982,8.079279236738228e-09
527,2188.0,0.5240427950164304,677.0820536464453,-3090.839310362935,305.29263152820675,0.2898230854932602,5.973191967106715e-09
528,2193.0,0.5144700413756073,741.5597426518798,-1700.0076100230217,225.73228485840863,0.0480725411417494,3.0743256321333623e-08
529,2204.0,0.5260740901576355,689.8161020129919,-2304.9697279930115,252.37204066389745,0.2619902138537579,7.696644657272181e-09
530,2214.0,0.51823478739243,699.1563891991973,-3131.02491684258,331.9079738604737,0.2385822364634998,8.764068813976279e-09
531,2171.0,0.5330339169548824,738.5051588714123,-3519.2700281739235,269.61846200419177,0.3896430539356645,2.7109544859874512e-08
532,2201.0,0.5169867108203471,720.943259447813,-2169.686246663332,301.1512107078783,0.1781992506601815,1.4576221430150884e-08
533,2206.0,0.5117840016214177,661.9048745185137,-3387.0716270059347,300.9071943371631,0.0992844149792851,5.224124056075062e-09
534,2260.0,0.5287605676567182,709.2215188965201,-2148.7970385700464,209.9559406811952,0.278616141919865,1.190589089462729e-08
535,2225.0,0.5155598414223641,715.5492605641484,-2870.016019418836,325.2953149202687,0.1911840319325094,1.2891359640588416e-08
536,2241.0,0.5133552328310907,747.8676659241319,-3055.917113274336,272.38109047532606,0.0806444251976012,3.9612248385326727e-08
537,2258.0,0.5096270483406261,685.2277438342571,-1446.847590431571,268.41086342919886,0.0157908345116424,9.574508575360909e-09
538,2300.0,0.5273748539062217,696.3330093771219,-2904.966010898352,315.54937633879564,0.35140693165801,8.41775339907075e-09
539,2305.0,0.5133704382320866,719.7092500701547,-3510.564902052284,328.57773967317604,0.1642091491932919,1.509734440573731e-08
540,2318.0,0.516397204361856,686.7986935377121,-1597.6082995533943,238.6760437034875,0.0909499786427416,7.63839502105361e-09
541,2238.0,0.5129835145780817,688.38044449687,-958.8584952056408,212.5179989889308,0.0135624433257249,1.0448046974487828e-08
542,2264.0,0.5371638465253636,688.7778634950519,-3030.146314948797,175.62066557524926,0.4099495185019978,8.596779095912082e-09
543,2326.0,0.5202429118100554,706.1288644000888,-3305.703651532531,334.46714929268103,0.2705131478095501,1.0107203204946093e-08
544,2336.0,0.5422258083149791,698.515552803874,-3064.517559483648,169.1062147434332,0.4957263571753776,1.062036964468936e-08
545,2359.0,0.5363971639843658,712.0885923504829,-2859.647511318326,247.5423951132475,0.4267366361051144,1.2767940527317358e-08
546,2366.0,0.513193874657154,700.2496358007193,-2662.021046876908,317.9678176850547,0.1462067601735407,9.516748263756442e-09
547,2283.0,0.5289184011146426,710.8557011187077,-3095.663910359144,322.8860867703392,0.3820194703809022,1.1598494091144341e-08
548,2302.0,0.5135180386854336,672.1727036684752,-2216.614118590951,274.4368454870919,0.0861147436010972,6.0050949461595e-09
549,2317.0,0.5107049921853468,736.4142351225019,-2560.496672987938,273.142303614578,0.0398069543248077,3.0931154977900904e-08
550,2323.0,0.5238839051453397,734.4139393046498,-2962.9648078233004,306.55016966209905,0.2889945245237289,2.1800725099214745e-08
551,2329.0,0.5173040374787524,731.3495095819235,-1394.498048722744,190.85699029480844,0.0746913031717658,2.1125375934289268e-08
552,2370.0,0.507123252702877,663.4808238595724,-3257.411514222622,295.1285266808015,0.0191928223177003,7.282464600805599e-09
553,2246.0,0.5183382130367682,694.5112792775035,-2529.350335523486,316.77278637572533,0.2200173060542836,8.012731019627342e-09
554,2257.0,0.5153657785709947,739.0593272820115,-2270.0481813400984,273.0938797575868,0.1134399069950714,2.6093791909352005e-08
555,2262.0,0.520523178637959,674.2643992230296,-2868.686559051276,298.36327016547807,0.2278758291416248,5.709604299708664e-09
556,2273.0,0.5114565746020526,721.3923243805766,-1543.1380089372396,262.10216079403483,0.0363231247032182,1.8011772083036793e-08
557,2345.0,0.5204277176456527,713.85313808918,-2474.835392832756,316.39644134998537,0.2502269435262439,1.2059769039419516e-08
558,2350.0,0.5154007929656654,652.8226801007986,-2776.4202017337084,230.5369568895273,0.0674324656767354,5.207043960859707e-09
559,2380.0,0.5251691216789186,708.9309602230787,-3531.8652257323265,335.2629898983108,0.3416114653699689,1.0901230240905736e-08
560,2398.0,0.5121071726456284,693.6448404937983,-2928.043147176504,319.4891810393595,0.1325596806241611,8.602903246657933e-09
561,2290.0,0.5105587435653434,651.7037577182055,-2954.4270180165768,272.27173256426624,0.0362128112527846,5.3309306266085955e-09
562,2294.0,0.5221622689394281,707.7860969677567,-1786.5086998790505,251.76301577730987,0.1977481732681161,1.0777641132349504e-08
563,2364.0,0.5274784758966417,668.1169188767672,-3353.9021965116262,257.891757112217,0.2897864965036613,5.542816393881929e-09
564,2286.0,0.5141427861014382,681.1642049998045,-3227.5377675890923,323.54024091534336,0.1681608151979497,6.571873613144521e-09
565,2297.0,0.5195639492385089,725.6749448180199,-3476.1887088418007,332.237338179959,0.2580248418288414,1.643199277611483e-08
566,2308.0,0.5325027328263968,690.8363502845168,-2700.150515511632,221.0961746744459,0.3470566095082557,8.352084837240826e-09
567,2348.0,0.5226329103298486,685.4214084893465,-2114.4492365419865,247.39159073741592,0.2013587082001603,7.1605423949066595e-09
568,2354.0,0.5105418215505779,683.6845002323389,-3416.917156800628,319.2577471530216,0.1093137323153729,7.587138065692232e-09
569,2377.0,0.5217698517860845,739.0930946171284,-2735.5398528277874,289.9177332896269,0.2358429713731129,2.5233466583278843e-08
570,2347.0,0.5287255210755393,742.6606605947018,-3555.090108141303,286.1292340322445,0.3386898113018851,3.041635645678849e-08
571,2393.0,0.5181572133814916,748.9762480556965,-2624.704394862056,253.8408383202589,0.1347220249815318,3.669257799331708e-08
572,2408.0,0.5351558739040048,686.4925413951278,-3189.485429227352,266.1708744287092,0.4204628403255582,7.433007782572425e-09
573,2433.0,0.5140499576553702,742.1620834246278,-2360.789582133293,266.11864079053305,0.0831800603952793,3.053373933260234e-08
574,2454.0,0.5198339479835704,668.558845333755,-2549.7759640216827,253.0483367319609,0.161140639515488,5.598752101619064e-09
575,2475.0,0.5282288261316717,720.0915284454823,-2285.8871787786484,246.40917075946933,0.2921690230769702,1.493986202112407e-08
576,2382.0,0.5155481645930559,672.5831554085016,-2363.644267246127,279.0632166052968,0.124563705960843,5.7970328982610714e-09
577,2386.0,0.5091557414270937,703.4171064943075,-2243.0200908333063,289.51160214173086,0.0410778984728164,1.2790157040279462e-08
578,2401.0,0.5119522574311123,726.2275879457593,-2093.120682612061,280.4185523533471,0.070259774858067,1.9518592017806456e-08
579,2417.0,0.5167742408486083,747.3404853418469,-3332.5747087597847,295.80276162209515,0.1673557350073913,3.4666085229200774e-08
580,2462.0,0.5116279591666535,704.1922655701637,-1237.2318260371685,253.42038717938337,0.0281652890434174,1.212062799077301e-08
581,2478.0,0.5148319735052064,690.4000323265791,-2182.108173519373,299.1761974553579,0.1427546882376521,7.635467383603034e-09
582,2494.0,0.5128233577823267,677.7025049179792,-3193.0465813726187,318.0234579309291,0.1408572406396386,6.3716473147797406e-09
583,2534.0,0.5175177677115426,708.3775931224227,-2250.496245548129,310.5068917711255,0.199310112887392,1.0685142547044706e-08
584,2546.0,0.5107656029844657,699.3870881199837,-1648.3569648116827,274.6009359225322,0.0429222637706056,1.0623382475770937e-08
585,2385.0,0.5150680425157771,713.3647003397346,-1238.328792527318,228.7967113588138,0.0604780938931998,1.3282434735828723e-08
586,2406.0,0.5169338754937053,670.9247329458594,-3575.95162242651,322.316981115726,0.2070199903046373,5.486979011804577e-09
587,2419.0,0.5239404672337696,711.0503578558564,-2696.9709377735853,319.627452436187,0.3057605876654041,1.1389025927913933e-08
588,2438.0,0.5190329365199432,684.9824545904994,-2889.127053692937,320.3567828821477,0.2349808914623797,6.752143542705575e-09
589,2452.0,0.5294500987185166,699.6927228197455,-3239.7688385099173,325.12889704204605,0.3921004588871721,9.087031305044474e-09
590,2473.0,0.5210577933955938,751.2830832600594,-3399.512865766883,279.408428442326,0.2113158781901334,4.0270600857819934e-08
591,2489.0,0.5188692669942975,734.910800755024,-1935.216922312975,252.82376128704607,0.1452220637936724,2.199952489062261e-08
592,2507.0,0.5308452026732267,726.7279952764511,-2924.4895689189434,283.6109123458659,0.3688909591826012,1.7941355388675708e-08
593,2521.0,0.5177037717401981,711.4290867745876,-3218.9099863171577,332.9241350550276,0.2323123651828336,1.144510915158858e-08
594,2526.0,0.5125010638823733,656.1846471577883,-2003.266117349267,233.6503194432136,0.0219071730666879,6.355211769720503e-09
595,2395.0,0.5309538415679709,724.3911376595497,-3284.814544022084,313.67788997344064,0.4021629561927706,1.6746020297742817e-08
596,2449.0,0.5146765465755015,729.5305312052369,-3146.6728437691927,319.60309995277936,0.1702943015566451,1.932696784948172e-08
597,2476.0,0.5230686923069879,662.9978380352259,-2814.223792031408,158.69728522470302,0.1615145044990459,5.826161616122994e-09
598,2497.0,0.5131548965442926,737.2778981551528,-1778.0054803937674,248.4282965152105,0.0473545349721716,2.7246511503757425e-08
599,2524.0,0.5253574141347781,680.3019293397665,-3111.721356958151,309.00670289087327,0.3139612920871921,6.2976776938914385e-09
600,2413.0,0.508970955121331,716.7700317874551,-3085.8158580958843,297.1817052067176,0.0507252529868935,1.883238515875648e-08
601,2435.0,0.5268404061999172,714.2362146452069,-3442.8776409476995,332.6135865094501,0.3625308495004133,1.2460755997859412e-08
602,2482.0,0.5098471959261224,661.23255379498,-2428.866595029831,275.5163222695327,0.0298171323982953,6.133997829712104e-09
603,2498.0,0.5076412334898487,686.0499291867018,-2613.888467475772,293.4754506297457,0.0243401602983526,1.0189645889327976e-08
604,2510.0,0.5160935991303995,695.0131274014711,-3464.2043575644493,333.97670328175457,0.2107199189295087,8.189592340996653e-09
605,2547.0,0.5245739760436118,748.4812167659402,-3171.747203171253,256.165827403996,0.2411652888875448,3.697091614065301e-08
606,2568.0,0.5354385757585988,693.5569070652127,-2911.270422488451,238.7389090051114,0.4055269204056625,8.678737227048111e-09
607,2573.0,0.5107973265182227,724.6548239514232,-3468.565911054611,311.271152769224,0.1006910500560113,2.004686309096707e-08
608,2579.0,0.5236134291347116,718.9346976205707,-2053.130890801549,270.8509315546612,0.2412856563323614,1.3891865787106746e-08
609,2492.0,0.5280699210474268,705.568865314126,-2478.3413350582123,287.8095058427754,0.3304188337461912,1.0244957682266144e-08
610,2532.0,0.5318085485929623,673.0213035270572,-3420.399485528469,244.15734092794457,0.3492221154804381,6.125124810328648e-09
611,2545.0,0.5162713662628085,724.7704358771443,-2513.2644038647413,311.29431880291685,0.1819172776572488,1.631141420892357e-08
612,2514.0,0.5098297719610855,665.8763771504164,-2724.819143861532,287.5350953796334,0.0483016001627432,6.0602011428814745e-09
613,2543.0,0.5407220869231969,719.2840569093823,-3011.125671118498,152.79792826051647,0.4664557917785258,1.6997470698274593e-08
614,2550.0,0.5223653528140858,658.3193689212203,-3039.847060292959,160.8846448960531,0.1500195867861261,5.530952646772863e-09
615,2561.0,0.5136415163148195,734.2216980084777,-2602.488100156188,293.7243726410778,0.1164929407081996,2.3240648333320683e-08
616,2566.0,0.5193702027620748,678.8603569939733,-2974.381513148546,315.21884423943874,0.2331170609179843,6.113322423297904e-09
617,2622.0,0.513098450419493,685.7015399634838,-3571.855875849724,329.3607248200776,0.1614186051886766,7.230209920821151e-09
618,2604.0,0.5227275635162368,700.8777034282684,-3022.5251264870167,329.36812066075686,0.2998601486367747,9.077986743533112e-09
619,2617.0,0.5184893107134849,740.9742469340563,-2129.4546503573656,250.81589068153875,0.1369636390733112,2.706920648112469e-08
620,2652.0,0.5257012895075605,676.0530127584934,-2752.249837294221,256.5936648780907,0.2598274646978182,6.163421422957458e-09
621,2660.0,0.5320826972601935,682.8934990242124,-3343.935630843044,295.72949367397706,0.4005006997515503,6.72106809621617e-09
622,2654.0,0.5122021208750084,707.1896430850029,-2032.2710864245887,293.4437755525023,0.094052303591387,1.14751628821777e-08
623,2657.0,0.5116814005468041,712.5865964218974,-2987.1351454406977,317.39126674399625,0.1231574856537345,1.3391920711112662e-08
624,2670.0,0.5146203606249765,694.8587059229612,-1298.327062278986,231.79711842863028,0.0554976413125845,9.270613428430977e-09
625,2691.0,0.5269356172857806,731.5977827832103,-2536.555862054229,261.79793461682385,0.2847544952402003,2.0428220719837666e-08
626,2582.0,0.5201503682648764,687.8059389069676,-2413.546135649085,301.677570401038,0.2266589675062188,7.080297977647755e-09
627,2598.0,0.5177352170785889,704.8820542916656,-1454.9355637282133,238.04273282436552,0.1124978350062596,1.0411039055591453e-08
628,2619.0,0.5334778038971126,717.2680356353521,-2761.4671446383,261.0950149718538,0.3893391226509297,1.412000730387208e-08
629,2636.0,0.5250747756892815,692.4857629835606,-2637.851567566395,304.61288987439406,0.3044702087147068,7.755745969112133e-09
630,2710.0,0.5199290235340596,650.2588080242276,-3457.7534168958664,199.1409644731088,0.1235220894428626,4.978977029422054e-09
631,2721.0,0.5120756417280063,730.1625834777951,-1176.3805869966743,235.067396136007,0.0161424949928058,2.5079904373808963e-08
632,2601.0,0.5206961725279688,732.0946402102709,-3365.2348816394806,326.5295110747035,0.2670988036436458,1.9929884819768856e-08
633,2606.0,0.5151336630946025,665.525985211134,-1882.4018228799105,210.6359839093004,0.0486536209202671,6.369759769045134e-09
634,2610.0,0.5102738333726302,695.3643164038658,-2507.090320810676,302.04873713561614,0.0783002268064207,9.662747559668633e-09
635,2625.0,0.5127670865878463,746.0970789566636,-1358.7683290243149,213.57442569878447,0.0106243042309203,4.503344824622864e-08
636,2662.0,0.5172040940122679,655.4958886280656,-2685.5559423565865,207.6716403172136,0.0818783120604804,5.3852207420130095e-09
637,2674.0,0.5111249171523378,664.2591137439013,-1515.6414806842804,246.04601122000585,0.0115222070642104,7.652512516009915e-09
638,2678.0,0.522025339989923,698.076085485518,-2796.3911656290293,323.7546388676253,0.2828871354020578,8.563583322369003e-09
639,2738.0,0.510118402754888,672.9334270954132,-3319.3579763174057,309.097274957339,0.0871829812831211,6.4411838135637895e-09
640,2609.0,0.5161472953204066,720.3705849125981,-1656.2899332493544,267.20142886971286,0.1180715675393868,1.4605698466390896e-08
641,2626.0,0.5072173426253721,678.0528919398785,-2349.338360130787,290.1003812545242,0.0122112151085896,9.719329664687134e-09
642,2633.0,0.5215018648654223,721.7379199713469,-1831.077595800161,255.60666578777204,0.1908366575246826,1.497330703289098e-08
643,2647.0,0.5339995503798127,719.9729361385107,-3242.42498986423,304.77325362379054,0.4385408605905991,1.5049918158701833e-08
644,2694.0,0.519300404349342,701.4377092197537,-1993.45729239285,290.5700152993789,0.1987266615087536,9.160368471309564e-09
645,2702.0,0.5167427963484079,677.0418290048838,-1566.8476235121489,181.81744201461925,0.0609305540850621,7.326672265148721e-09
646,2707.0,0.5234943785751238,741.4754573628306,-2872.4385000765324,280.9169777814198,0.2512917648978691,2.7770490007403734e-08
647,2638.0,0.5158157599112019,660.88313549757,-3271.724877879024,292.9138845960462,0.148558945109362,4.864851880797771e-09
648,2642.0,0.5094241950521246,690.7484166324139,-3138.78469504416,311.0293210707432,0.0799380683202349,9.2627614569581e-09
649,2669.0,0.5088784101512284,729.4157766923308,-2191.809280961752,273.67076878443163,0.0117273690468753,3.187816802293639e-08
650,2675.0,0.524210552899167,727.4159618839622,-3592.742193862796,331.4244121288788,0.3235616007287126,1.756955758421227e-08
651,2701.0,0.510998066351749,747.2239561006427,-2375.04804097116,252.1254775626184,0.0163795641195281,4.997998519322377e-08
652,2712.0,0.5377857245225459,695.9213449433446,-3282.193824648857,290.2361230022894,0.4825764135516786,8.764527998226556e-09
653,2780.0,0.5256280576996506,698.6294476687908,-2221.2199442088604,271.2490631846352,0.2736888255481805,8.853157842399722e-09
654,2705.0,0.514582109390758,716.8857630714774,-2242.1082872897387,304.8678585480547,0.1474067504371067,1.3565188106478022e-08
655,2731.0,0.5283212423557416,733.7260960787535,-3181.5560281276703,299.4720034496738,0.3474041733340669,2.197942013117523e-08
656,2745.0,0.5187774530099705,718.5516206175089,-2829.1286565363407,325.54491033120155,0.2380926092032367,1.3568254335515337e-08
657,2750.0,0.5129155633691699,663.13152089715,-2302.54731439054,260.73541177905025,0.0580166111713992,5.6966495222719286e-09
658,2753.0,0.513247316791676,723.6735424771905,-883.9946653693914,205.60487964126463,0.0136037720296469,2.1068014602311492e-08
659,2804.0,0.5298701362963766,707.7458705380559,-2864.077783003449,308.9740902853584,0.3811245278456877,1.0833083768595162e-08
660,2814.0,0.5134048008918762,696.2562754005194,-1718.4743106365204,277.0207246903581,0.0880248623616289,8.867125874997973e-09
661,2765.0,0.5104882294638082,733.3288525417447,-1594.9489563703537,256.52536992018827,0.0134923582619861,3.06974106074982e-08
662,2777.0,0.5177951204450801,726.9165816158056,-2310.935591161251,301.25575261071805,0.1905485278544409,1.7111811607586733e-08
663,2793.0,0.52029918350745,710.7714140415192,-1469.6555703878405,203.2260378301321,0.1319012641868664,1.2098294565152111e-08
664,2854.0,0.5178933260077611,664.966115988791,-2704.7560460865498,265.6919873601791,0.1440682944066045,5.263406049461666e-09
665,2734.0,0.5151023220270873,703.0658008158207,-3088.430757075548,329.8187585247225,0.1908615238583334,9.734896352627773e-09
666,2748.0,0.5277989729680121,688.2448896765709,-3382.905086874962,324.9413357352042,0.3679863241104348,7.251975576402955e-09
667,2754.0,0.5075494180805982,700.6009401381016,-3506.140826269984,302.0288279512748,0.0372057600050534,1.4336167508924274e-08
668,2766.0,0.5158237292990089,683.3359956741333,-2571.944434940815,308.791287029232,0.1716869411007308,6.6742531899108255e-09
669,2792.0,0.534722412750125,677.6146287098527,-3547.1991162747145,266.1107164137501,0.4134866865101647,6.404875447211101e-09
670,2813.0,0.508072394314222,719.5935245975852,-2668.1482180953026,284.89255029435174,0.0168341665168364,2.450815173379164e-08
671,2822.0,0.5195324156386778,690.9717915579677,-1640.157813951373,219.3135123864604,0.1283193337333643,8.188054776248782e-09
672,2828.0,0.5243797072069719,687.0145876705647,-2773.554814606905,307.23057479372164,0.2972392282752943,7.021194330743462e-09
673,2833.0,0.5140891731437296,734.5569336786866,-1435.4574959725142,226.6386560211989,0.0424220175651279,2.4680525951452133e-08
674,2846.0,0.5115129321301356,701.7184391617775,-3349.27925169468,325.29555137898666,0.1325969626294934,1.0403334178675503e-08
675,2861.0,0.5095954080391676,738.7101941928267,-3226.640474796295,276.26013785150184,0.0269856577873227,3.932822582668766e-08
676,2868.0,0.5305889493273571,679.6753399446607,-3308.5511952638626,291.2017876709471,0.3729167339243636,6.355551571720088e-09
677,2886.0,0.5186586779216305,669.5805557444692,-2435.308362543583,257.1105606864932,0.1463984715362984,5.658306434436394e-09
678,2761.0,0.5213903675740585,744.2777623981237,-3100.286600366235,293.0343754058466,0.2340643455414065,3.041755800296157e-08
679,2790.0,0.5172505103517324,692.9258606210351,-3160.2282386273146,330.7077001707659,0.2229024850017596,7.821643256365337e-09
680,2801.0,0.5163655849313363,736.5291054174304,-3403.766728565097,320.0414845456116,0.1955973642561077,2.342921108285631e-08
681,2849.0,0.5123706312011927,718.3507690951228,-2401.431911811233,302.1298683424428,0.1100272821140987,1.5116118410014546e-08
682,2856.0,0.5341687004966662,709.3390182033181,-3105.309201031924,304.5765795707119,0.4408876070786089,1.1496068615435552e-08
683,2782.0,0.512408390166238,669.7669863700867,-2907.8277233988047,300.23224485529727,0.1076735664842229,5.726528825144362e-09
684,2787.0,0.5265137591166422,721.3591932877898,-3053.068885579705,321.5642499236673,0.3455726106673508,1.4990814257680702e-08
685,2806.0,0.522270055897534,675.615892149508,-2145.932375639677,169.1428077091261,0.1511429605952958,6.7791841543576245e-09
686,2834.0,0.5087071552546695,681.278217881918,-2272.648569568992,287.871494234604,0.0315031614966865,8.43308478872328e-09
687,2878.0,0.5133015334559604,668.193995282054,-1277.9007229954004,202.25638619465207,0.0125202854485869,8.235372276336591e-09
688,2893.0,0.5101025812420994,715.1992700621486,-1912.982764095068,278.63103302088706,0.0385870713597917,1.624996917214284e-08
689,2898.0,0.5092636895691977,678.1680613011122,-1688.546061515808,273.2451164328921,0.0171714158163509,8.496852801681924e-09
690,2818.0,0.5079288889234885,672.2887192666531,-3062.1092207729816,296.826190955737,0.0342972605986608,7.493745514384453e-09
691,2870.0,0.5213306151656434,703.8402295485139,-2593.9352598041296,320.10039210454715,0.2682048405387071,9.630626305979131e-09
692,2884.0,0.5333059014147148,697.0230332389474,-3573.529772087932,326.3708935601401,0.4491141412994295,8.753906421541901e-09
693,2924.0,0.5234442381979898,706.656499505043,-2366.0699263215065,304.9032433337792,0.2803666731570823,1.0285617709006628e-08
694,2825.0,0.5221965457685291,716.266744658351,-3552.228569984436,335.4679968110532,0.2995481308639277,1.2844250397423269e-08
695,2843.0,0.5319108025729656,731.558308377862,-3031.051520258188,263.17388771018955,0.3659365880405089,2.110502917993622e-08
696,2851.0,0.5255299057811499,753.2529642805457,-3515.174281597137,234.8628093412601,0.2390196745041255,4.6418866082530514e-08
697,2881.0,0.5129299901332707,728.7358420714736,-2808.943286910653,305.67440616421544,0.1238543446580812,2.001680931956464e-08
698,2894.0,0.5156161158019676,708.9713001996279,-1118.3637656271458,199.4923646666744,0.0503110783563862,1.2548525041897904e-08
699,2899.0,0.5228967098612338,713.4488702937961,-3328.391022607684,333.6689385261403,0.3073946303138201,1.2012471912729622e-08
700,2905.0,0.5182691527344286,724.4239245355129,-1310.815990716219,172.23685866466002,0.0832405239148324,1.747479543244291e-08
701,2897.0,0.5149615534953773,745.066153369844,-2694.5588037371635,274.6277742838543,0.1091587620335819,3.298720990216028e-08
702,2902.0,0.5208673866046593,682.320111580193,-2996.1289945989847,318.88099240901465,0.2598800496815392,6.450937702437121e-09
703,2921.0,0.5199791102670134,737.8734362870455,-2051.456954330206,246.0027735278232,0.1566169273962379,2.4331011540440003e-08
704,2926.0,0.5144166021747515,674.9815391004086,-3536.034957692027,324.54155902446337,0.173562601610789,5.950814251376934e-09
705,2937.0,0.5192008801456541,750.4298294335604,-3287.222869321704,282.9288869755381,0.186900803990221,3.866240395860783e-08
706,2958.0,0.5165349111519754,689.0415495634079,-2816.635490208864,321.9968829575383,0.2007733904477001,7.320889079460357e-09
707,2972.0,0.5263451186195016,704.3350301682949,-3197.2159177064896,329.8446111397399,0.3523953087549006,9.891057066273614e-09
708,2977.0,0.5122371785202995,740.928119532764,-3438.694310188293,294.52475654523136,0.0962588307343437,3.1964776390429875e-08
709,3011.0,0.5276303407689557,737.3180101439357,-2851.998857036233,261.8173886873761,0.2959412362517223,2.4809220093761132e-08
710,2939.0,0.5327666207030416,723.0468603223562,-2628.884272277355,210.5208034728367,0.3465890763721998,1.7141732966475382e-08
711,2990.0,0.514901308817789,663.0308528989553,-1754.2946051806211,187.4317638331166,0.0319337599625462,6.751272362272343e-09
712,2996.0,0.5305816611368209,702.2160978987813,-2545.609685406089,268.3648520469496,0.3494558281446254,9.740518148203536e-09
713,3017.0,0.5211817917088046,726.8048436939716,-1734.4187289476397,226.85226102046173,0.1610187524873065,1.758814557228291e-08
714,2946.0,0.5082445076853037,709.8367960751057,-1912.3218107968569,280.95618503081806,0.0131591016617393,1.806778624566037e-08
715,2962.0,0.5088694470468909,658.7017543613911,-3598.211959004402,296.8065668148544,0.0485691806910625,5.664365086003296e-09
716,2979.0,0.5257967394357548,715.8293920382857,-2358.377843722701,290.0326411917298,0.2979456801812672,1.2902640855312174e-08
717,3052.0,0.5236662748549133,669.1972520947456,-3459.581808373332,303.81686908281347,0.2823464551209679,5.3147027437263805e-09
718,2930.0,0.5109685367392376,704.6440890431404,-2881.478399410844,314.2584428346931,0.1078661765579342,1.1441262204287527e-08
719,2935.0,0.5356077283062041,735.8882055431604,-3449.2079090327024,250.01588727348351,0.4154842039394698,2.541055694939555e-08
720,2945.0,0.5139365058718249,714.4523349776864,-906.3292924314736,197.59037843518803,0.0206761977803966,1.5896932385643283e-08
721,2991.0,0.5397645948408172,725.2354774996638,-3262.6914024353027,242.91859959615908,0.4792167566879519,1.8594710028555385e-08
722,2942.0,0.5138100185105577,691.4803646504879,-1846.5957574546337,281.2882090691452,0.1005688946395167,7.99975739156662e-09
723,2955.0,0.5300415134849027,717.9128480702639,-3401.921546459198,326.67853665690376,0.4022584071944978,1.3945951901352102e-08
724,3000.0,0.5388583833258599,681.662209071219,-3525.451245903969,244.6683081588636,0.4653141372969127,7.2002454989254225e-09
725,3038.0,0.5126073384098708,680.386330857873,-1489.2921566963196,247.3159414648984,0.0371875112494265,7.679925025210456e-09
726,3065.0,0.5194725201511756,713.0071745067835,-2580.533592402935,321.0317231688009,0.2422827740683332,1.1817719419998374e-08
727,3070.0,0.5136106318514794,653.9103169739246,-3108.856445923448,270.02554257895224,0.0814296477554244,4.848668791279716e-09
728,2969.0,0.5170784444222227,732.6221641153097,-3079.4037021696568,319.2819920158519,0.2049685203638584,2.044848415202056e-08
729,2974.0,0.511691715484485,679.2958110570908,-2480.766638740897,297.1281439095524,0.0919936680608592,6.753104438536736e-09
730,2982.0,0.5179672282841057,687.396059371531,-2223.065059259534,294.4256922544756,0.1836076123327903,7.0651762492947365e-09
731,2993.0,0.5156543591571972,730.9993327781558,-1977.7707416564224,275.4316262135549,0.1211896789673526,1.9850117867222057e-08
732,2998.0,0.5215588314644992,666.3800648227334,-3237.3465925455093,289.89899084784736,0.232571467266778,5.138959887944707e-09
733,3005.0,0.5073773486306891,710.0646999105811,-2743.272165209055,289.75019400303705,0.0140898240574247,2.038027303532828e-08
734,3014.0,0.5186053791176528,707.1579365804791,-3423.2474248856306,335.31337729994016,0.2482572068457011,1.0356518686496288e-08
735,3025.0,0.5152716404525564,722.6059618219733,-3176.356227323413,326.83607401563853,0.1891605885299006,1.558762515438266e-08
736,3047.0,0.5376170877972618,714.7582591325045,-2969.296685233712,249.3300778584104,0.4478312638662938,1.3691977032364818e-08
737,3085.0,0.5108484733942896,729.7249464318156,-1423.0394583195448,253.3775056613441,0.0154458378390031,2.6144672152956083e-08
738,3100.0,0.5266900695161895,708.3281543105841,-1936.154793575406,189.0424510042617,0.2344433198355797,1.1762147116127236e-08
739,3028.0,0.5284926276747137,691.8580615893006,-3044.453066959977,313.77825036000286,0.3659196694293397,7.755335919052458e-09
740,3058.0,0.5108295628149062,667.2132283449173,-2062.16307207942,267.8170804750396,0.0341014636880998,6.440634191121051e-09
741,3074.0,0.5078985054465011,702.562303468585,-3333.3525627851486,301.6426199778924,0.04182724610562,1.4351548455155682e-08
742,3124.0,0.5309266066690908,695.4104657098651,-3149.148029834032,314.47268205691194,0.4025846531949715,8.384968303456675e-09
743,3054.0,0.5144127470441163,697.5213833153248,-2322.987748682499,309.42809290530295,0.1516067089284835,8.777582407984864e-09
744,3097.0,0.517425471264869,739.8945932090282,-2475.8651968091726,282.9686938647393,0.1593154740662198,2.6007365137936145e-08
745,3102.0,0.5113452197192236,673.4296292811632,-3074.3005581200123,307.8123939829173,0.103451114793974,6.20248695550034e-09
746,3107.0,0.5254504259768874,711.8374118581414,-2886.431155353785,322.9880631067845,0.3317221338623156,1.1677614826077645e-08
747,3113.0,0.5206374725513161,722.4027711898088,-1755.6596618145704,251.2559988224976,0.1724166848278409,1.5266112148280746e-08
748,3134.0,0.513073396072723,706.9508545100689,-1552.6605617254972,269.299910196622,0.0718934267378818,1.1303684060684221e-08
749,3158.0,0.5209633459011093,662.8275493904948,-3174.222825095057,271.43824220761906,0.1999437857218112,5.0231305920216494e-09
750,3086.0,0.5161892629647628,693.5007996112108,-2288.5821249336004,307.0454413928879,0.1746348413509618,7.952403918831728e-09
751,3110.0,0.5176215854613111,680.1243173703551,-3443.595752120018,328.6348669128489,0.2254834276798463,6.267642866774937e-09
752,3121.0,0.5160013913642615,726.5393974259496,-3238.8319194316864,326.5094709719803,0.1992485039070289,1.7222440657229988e-08
753,3150.0,0.5156684719352052,666.1145052313805,-1732.3849976062777,176.86508516750033,0.040318705182023,6.788850951252783e-09
754,3156.0,0.5281459495192394,690.6801840290427,-2510.7894256711006,263.00217263105174,0.3053639131249201,7.763366141624963e-09
755,3182.0,0.5147600958356634,700.1083718985319,-2921.794844046235,326.5980593119952,0.1814401260102761,9.191384966288026e-09
756,3081.0,0.5224466571491212,748.8785557448864,-2814.941594749689,238.5337683253845,0.1907654244059676,3.708145762674167e-08
757,3105.0,0.5125822902657091,746.7936160042882,-2228.1682033091784,245.06257842503763,0.0343687354969646,4.113728686475912e-08
758,3201.0,0.5138405464077368,750.6952759250998,-1642.0756202191114,195.46583099890827,0.0178882727248675,4.9472904186332834e-08
759,3212.0,0.5240328573063016,680.6779383867979,-2472.257545217872,263.79943217915394,0.2401977544558864,6.509376491619471e-09
760,3227.0,0.5322562845470384,726.1598381400108,-2664.8194190114737,212.5409333414784,0.3388591696856096,1.8619537743995123e-08
761,3084.0,0.5244815031578764,658.1307699531317,-3396.8177050352097,183.0205086895405,0.1942769069752082,5.384477729742731e-09
762,3090.0,0.5085233053332194,663.6313556879759,-2097.641586139798,277.8103610985977,0.0125378345907847,7.387528083497116e-09
763,3179.0,0.5293557453528047,729.3602432310581,-3464.921737834811,318.2651042039334,0.3834771290789368,1.9249176807809272e-08
764,3186.0,0.5111747014662251,670.2669078856707,-3491.983161494136,313.3311843106632,0.1094773266955684,5.9313315261310865e-09
765,3193.0,0.5191265500150621,714.6555253863335,-3114.197287335992,331.55209302886493,0.2508921962601515,1.230102749961346e-08
766,3198.0,0.5139554164512083,653.6682116240263,-2586.076135933399,238.7981457678677,0.0507296969269802,5.388596195551072e-09
767,3209.0,0.5218517827102914,711.3378335535526,-2115.4888171702623,293.330968338624,0.2415108460597188,1.1391460699071436e-08
768,3233.0,0.512025862778537,724.2171882465482,-2702.7291275560856,303.5276713764697,0.106995807861688,1.8209157953556984e-08
769,3142.0,0.5189527332736179,705.508439950645,-2160.091542452574,304.61022976780214,0.2126065082900227,9.9847911311031e-09
770,3153.0,0.5149256756808609,720.020117200911,-1957.0413194596767,289.389252431872,0.1297480308625312,1.4632181001794606e-08
771,3160.0,0.5367223824141547,707.2606832906604,-3561.1117344349623,321.9274897537911,0.4946332624057089,1.1094608005991632e-08
772,3214.0,0.5168564336653799,656.0488764196634,-3557.6690286397934,286.52755345879245,0.1554427186824417,4.5935614322861775e-09
773,3218.0,0.5090536402910948,686.2087275832891,-2860.474319010973,302.705367418189,0.0609778310539178,8.687932048651746e-09
774,3223.0,0.5350620198482647,716.8377809226513,-3414.112991094589,314.88205482503827,0.4639637302134733,1.3914364685224443e-08
775,3230.0,0.5118590845726431,695.8531657606363,-1868.4898484498265,284.4423433213973,0.0749079180658175,9.154630590184693e-09
776,3236.0,0.5310463203210384,694.0568272396922,-3509.524556994438,327.04347248472413,0.4171357282438905,8.182035350693464e-09
777,3155.0,0.5231519709154964,751.6987334564328,-3038.9097187668085,228.5280017659508,0.1950513652503459,4.2220078649663175e-08
778,3281.0,0.5153071749443189,742.4793860688806,-3001.129946485162,295.2097923590361,0.1441359946703934,2.955530208453384e-08
779,3228.0,0.5260455702710897,670.7507824152708,-3036.49095967412,255.2651004499792,0.2641594966749324,5.744314909640021e-09
780,3240.0,0.5338215019088239,703.0051195248961,-2561.5432407706976,199.9121112382601,0.3602431628879619,1.0818957344339058e-08
781,3251.0,0.5252510641282424,739.5160681381822,-3306.523472070694,303.5964979468945,0.3058937609774079,2.6210078999924845e-08
782,3283.0,0.5225495435437187,714.1589250043035,-1889.3512688577173,263.5978142975293,0.2161978733613176,1.233868594208387e-08
783,3313.0,0.5164806062681601,716.4734811708331,-1372.7062672376633,235.1757858421738,0.0892537194557768,1.3690766633693014e-08
784,3196.0,0.5267576179327443,684.8158291727304,-3217.971907183528,317.59615406224407,0.3446467542963112,6.806780199489056e-09
785,3202.0,0.5082745478395373,665.0151350349188,-2521.302702650428,285.1256147993399,0.0203494010892392,6.9911913842052395e-09
786,3277.0,0.5104487391328439,712.1453558281064,-3192.0700561255217,314.2515940739304,0.1001854813195544,1.4263840266067986e-08
787,3286.0,0.5205222533177585,685.3756315633655,-2699.7683241963387,312.10301793969893,0.246024663052773,6.787427442264171e-09
788,3308.0,0.5237900419533252,705.9475905448198,-2738.117492571473,321.5614814473133,0.3058836095286929,1.014024406605512e-08
789,3314.0,0.5106237414106727,707.6968602091074,-2335.39891988039,297.38245809416867,0.0761644533354551,1.2573044431786768e-08
790,3331.0,0.5272805627342314,725.7463567331433,-3130.087796598673,317.6854685742108,0.3524188223530471,1.7041145124900782e-08
791,3254.0,0.5216767622437328,708.7679966911674,-2960.167200118304,329.43314139358154,0.2848331023909373,1.0732178444826944e-08
792,3265.0,0.5132765020756052,728.9781687036157,-2436.8958815932274,295.239467472322,0.1132128512525822,1.9876761011497602e-08
793,3270.0,0.5183116670884192,667.9319817945361,-2810.3291038423777,283.85578392166485,0.1743157148460214,5.308753013474916e-09
794,3302.0,0.5173978040274233,701.9217428937554,-1619.6472465991974,262.1766873031321,0.1318802556873212,9.50712924405352e-09
795,3401.0,0.5217351520899683,743.1144116818905,-2566.621617972851,260.6239872870914,0.1998802656634012,2.9257515417938564e-08
796,3305.0,0.5203256275737659,734.8186016082764,-3530.825437232852,326.73351905751593,0.2620042662723992,2.1719930756964764e-08
797,3310.0,0.5140695967059583,677.5676193088293,-2046.4560024440289,273.754230462932,0.0938630382350942,6.4159651344130435e-09
798,3345.0,0.5142364664841443,710.5645633116364,-3452.632248401642,332.32683653150457,0.1819347399023549,1.1683375791775462e-08
799,3323.0,0.5324194490211085,719.5243136584759,-2925.2449963241816,289.33622706699623,0.3991316872057877,1.4740836554528828e-08
800,3334.0,0.5196474366402254,696.0528574511409,-3251.341393589973,332.9100663725936,0.2600681626481346,8.22816779885746e-09
801,3362.0,0.5068705003941432,688.6112380772829,-3584.0540796518326,301.67863222124834,0.0263833260559729,1.1814604165560558e-08
802,3367.0,0.5372453300654888,718.4200924634933,-2805.299214273691,152.15876982582415,0.4059110753635554,1.6237882515492732e-08
803,3374.0,0.5154493489535525,709.3881445378065,-2494.898983463645,317.95519588623347,0.1792568992934343,1.1139066284808536e-08
804,3406.0,0.5154777592467145,684.0306008607149,-3094.7260323911905,324.25760840523105,0.1885485901905912,6.7731430097194505e-09
805,3422.0,0.5120622162660584,667.6654566079378,-2309.021915495396,273.9288233616664,0.0624037574637618,5.908009050314044e-09
806,3427.0,0.5261670808773488,721.1318579688668,-2530.2872344851494,296.41754808754354,0.3111802384197552,1.4859287877718186e-08
807,3442.0,0.5110286157066003,680.8312621712685,-1342.1591319143772,253.40483949917123,0.0184064680152851,8.600034353156031e-09
808,3446.0,0.5219238873617724,676.7799299582839,-3409.089545533061,322.5724359961406,0.2799493851375578,5.917398490447967e-09
809,3462.0,0.5190228271484375,673.4764279052615,-2608.1482853740454,285.25747090950466,0.1872552734209429,5.70265864942986e-09
810,3326.0,0.513464890588075,691.2373509258032,-3285.6353502720594,328.1737871599672,0.1649911546346122,7.92945214909259e-09
811,3341.0,0.5106519299186766,740.435609407723,-2729.0853179991245,269.5267104874218,0.03370655500048,3.674188576452997e-08
812,3348.0,0.5288355462951586,681.2246301397681,-2870.7343585789204,264.72317817371345,0.3180763476468074,6.6387976752798265e-09
813,3358.0,0.5115393758611754,692.6601865887642,-1768.205077573657,278.179688695993,0.0604353306385452,8.8211050296357e-09
814,3373.0,0.5095456183608621,713.9415138587356,-1671.9970028847456,273.0446189358819,0.0213277390173013,1.7145885857089538e-08
815,3390.0,0.5132606698339806,659.1540675610304,-2830.602825433016,274.2994909940488,0.0818578213637652,5.110577678197859e-09
816,3393.0,0.5128905105311423,718.758471570909,-1183.5409887135029,237.8460543915699,0.0322326171909498,1.6444676448567915e-08
817,3417.0,0.5181424691528083,730.4243658483028,-2905.683163180948,318.3760570012016,0.2193109262286152,1.8959306280796828e-08
818,3372.0,0.5226312608970329,673.9732620865107,-3183.03100168705,307.4463039085292,0.2713958259342716,5.6799132331402764e-09
819,3376.0,0.5416344436304644,703.9010842889547,-3006.598437577486,187.95917813245904,0.4898903998126863,1.1623962793699686e-08
820,3385.0,0.5184318047389388,723.9353266358376,-2304.252367839217,304.2307757519732,0.2042667995818686,1.5680086804832386e-08
821,3453.0,0.5084193943347782,723.1022203341126,-3027.4583492428064,287.0177509458838,0.0256687147200787,2.5625477321088527e-08
822,3473.0,0.5145905200438574,748.0238035693765,-2415.5910786241293,249.0864103252956,0.071526979650679,3.805484988641477e-08
823,3478.0,0.5198055997584016,694.5968068763614,-2718.69419887662,321.99067871820847,0.2483850789963901,8.001957262817031e-09
824,3378.0,0.5104631766257808,679.7224617749453,-1898.328511789441,275.7460481030089,0.0398667846884455,7.523257824026928e-09
825,3403.0,0.5304064100421966,715.2471357584,-3230.0139259546995,322.2879973188973,0.4030358523999647,1.3040707911835588e-08
826,3410.0,0.5092125373287126,654.33693818748,-3312.048188969493,286.8902070569134,0.0377283762092074,5.465217734603722e-09
827,3444.0,0.5302154466090724,704.704883210361,-2269.3300500512123,202.65434162921247,0.3000247166490634,1.0956574570205997e-08
828,3500.0,0.5230730454064906,696.4334464818239,-2645.202573761344,315.638610847327,0.2881824432013062,8.310418490724631e-09
829,3506.0,0.5099287161789835,702.1524427086115,-3047.894693166017,311.9778360479017,0.088925505600599,1.150952283054496e-08
830,3518.0,0.5127536872774363,681.7231782525778,-2124.02534969151,286.09694831004424,0.0912971454737912,6.888887551756591e-09
831,3532.0,0.5247276039235295,689.9137657135725,-2944.420510903001,318.38347349184454,0.3157978205152644,7.394608613865963e-09
832,3388.0,0.5274526649573819,694.0956304222345,-2172.3809648305178,205.0364753163713,0.2541775442917491,8.802326405906741e-09
833,3430.0,0.516904545663856,689.4187634810805,-1944.9728541076183,280.3661119389845,0.1476022511812375,7.421735454592619e-09
834,3441.0,0.5167129390034825,735.8338149264455,-2151.4929436147213,275.231622079885,0.1376000298295625,2.2814136222787733e-08
835,3457.0,0.5139876634767279,738.1993726268411,-2979.8108138144016,299.36161300622666,0.1302444929061323,2.6332475433521e-08
836,3469.0,0.511143806274049,717.8655545786023,-2198.2693511992693,289.57820130311546,0.0717958192914869,1.5955231394340097e-08
837,3475.0,0.5232665846822784,723.3801003172994,-3500.9612560272217,332.71931681463144,0.3115606188217066,1.5557944767741235e-08
838,3502.0,0.5147862928453834,671.8474205583334,-3363.1899386644363,318.157263833973,0.1698257652220399,5.6574588652410556e-09
839,3513.0,0.5188353023072705,746.3588613271713,-3566.1956906318665,307.4813628498074,0.2147652514381141,3.2811021168414296e-08
840,3420.0,0.5259733733767644,698.8579269498587,-3473.4937828034163,333.76079517791067,0.3514035596924925,8.81659588393569e-09
841,3460.0,0.5329401642363518,709.7656398639083,-3294.392028450966,320.17115617102326,0.4378575661091749,1.1545782311689617e-08
842,3511.0,0.5359556127013639,731.0547533631325,-3165.622365474701,222.73569999175984,0.4057298155181401,2.2036913637915487e-08
843,3538.0,0.5097703582234681,691.9142814725637,-2556.2304988503456,300.51257061305915,0.0682404384469587,9.28393335440302e-09
844,3560.0,0.534538562828675,697.4753468856215,-2820.01912035048,252.6118696794252,0.3998989588681192,9.180836660235844e-09
845,3448.0,0.538508592969738,691.4167633280158,-3359.6427004784346,281.81216975521784,0.4865538795976494,8.100016454723134e-09
846,3470.0,0.5166629730537534,697.8691178560257,-1291.8678436428308,206.2924946491501,0.0719093997027625,9.706763222962542e-09
847,3515.0,0.5331309540802613,710.0101409852505,-2456.319135054946,180.0629645464541,0.3418146540944108,1.2723194351696748e-08
848,3522.0,0.5075633234065026,674.5439597219229,-2895.416552200913,294.972869395343,0.0256452737640662,8.214480204615371e-09
849,3497.0,0.5210423250542954,725.3044575452805,-1880.5946309119463,259.2034045234183,0.1871832410217549,1.6439817244216233e-08
850,3529.0,0.5211567370267585,720.5736608803272,-3273.092670366168,331.8200975931952,0.2802992389540126,1.4310314857040396e-08
851,3537.0,0.5151580085000024,732.3599722608924,-1607.1471601724625,243.1750542417493,0.0747588477196274,2.1473503367165524e-08
852,3558.0,0.5175497153773904,651.9878688082099,-2981.9144669920206,207.3322160815042,0.087533735159367,5.168751122196453e-09
853,3565.0,0.5085336095420644,728.2505980506539,-3391.355664655566,286.50068099844367,0.0265952555427277,3.042897428591231e-08
854,3571.0,0.5245563621027395,729.9872720614076,-2103.16543802619,233.20161795023265,0.221683893710074,1.9496249160603745e-08
855,3627.0,0.5285856162989513,722.1939741820097,-2819.1113401204348,301.77353677060427,0.3539805747169549,1.551896373039326e-08
856,3553.0,0.5113362673437223,714.6883635595441,-2680.566148459912,307.37405208688983,0.1026350902896117,1.4415664185258413e-08
857,3630.0,0.5151894770562649,692.0320118963718,-3400.983601436019,331.99069002227174,0.1951051348687458,7.822385107094011e-09
858,3641.0,0.5185131528275088,737.4809745699167,-3197.933432087302,316.46862584564894,0.2221778260373733,2.376092473957643e-08
859,3666.0,0.5094717694353312,671.7278005182743,-2407.6960634440184,285.52104817373794,0.0395509005313985,6.813312718277741e-09
860,3678.0,0.5121427073050291,651.2698113918304,-3213.352851569653,272.3036879859366,0.0613383084940741,4.890138785422534e-09
861,3686.0,0.5171620128769427,703.9303669705987,-2854.474177211523,327.9198098618109,0.2179105050247243,9.719673383626902e-09
862,3697.0,0.5166284997528419,717.5118465349078,-3041.757302731276,328.7186582620408,0.2113017992811216,1.3373157516880881e-08
863,3550.0,0.5125486380979419,705.0890216976404,-3521.8478959053755,330.3695760320704,0.1549735304407077,1.0774387855619168e-08
864,3555.0,0.5265657717594877,743.5544789209962,-3342.3311065882444,282.54733845529216,0.3011235119752971,3.081448496222428e-08
865,3582.0,0.5136604054365307,678.5946829617023,-1104.23356667161,196.71101487242703,0.015490782923772,9.01481995825508e-09
866,3634.0,0.5102041630353779,661.4598846435547,-2788.618405535817,283.6174049135344,0.0479138089436639,5.705682142483144e-09
867,3644.0,0.5277117629535496,706.7349621653557,-3076.708896830678,325.00856895485714,0.3667962279657734,1.048740707805159e-08
868,3657.0,0.5214761399244889,755.816986784339,-3462.056364119053,253.51437595494616,0.1883042962388204,4.966141393672304e-08
869,3692.0,0.5232129950262606,699.9580533057451,-1735.2465357631445,200.14785433169217,0.1798869753289972,9.733583809551111e-09
870,3574.0,0.5223718518484384,699.2392006143928,-2421.3682785630226,308.32749593122946,0.2686419703487522,8.769219394322544e-09
871,3585.0,0.513691960577853,745.2003237232566,-2884.0093184262514,276.7935750454961,0.092212596529764,3.48221654567156e-08
872,3590.0,0.5193904347065836,682.412968762219,-2355.9027314186096,289.4396524770956,0.1985818960694881,6.4934546519667675e-09
873,3601.0,0.5143204270442948,727.8978654369712,-2548.3052283525467,304.66046937681733,0.1431739561656182,1.8560400965722817e-08
874,3606.0,0.5201905556768179,668.7852655723691,-3144.964357092977,299.1438872245883,0.2238756725100116,5.286983975201181e-09
875,3646.0,0.5131799708399922,674.6635784208775,-1940.3346575796604,264.32506045025906,0.0669033080115525,6.4513604368263514e-09
876,3650.0,0.507285129968077,681.6054464876652,-2968.366458266973,296.9008433197332,0.0246321112859587,9.63319699061604e-09
877,3662.0,0.5157378496602177,702.2728598117828,-2202.703646197915,307.5072408536648,0.1685566112958982,9.497839357617898e-09
878,3675.0,0.5312695275945589,740.52345700562,-3109.57438275218,198.00076209112007,0.3160857258363637,2.9950901725813294e-08
879,3683.0,0.5262507463945076,732.8034388646483,-3422.3104253411293,319.7462972719519,0.3396707208864345,2.101758060709957e-08
880,3572.0,0.529548957105726,667.165076546371,-3587.522427365184,250.28124376761792,0.3168314010441038,5.5720153075876724e-09
881,3673.0,0.5180609105946496,715.8751680701971,-1997.939867153764,294.2629541099269,0.1848114394209548,1.2714749261667538e-08
882,3700.0,0.5299587504472584,689.2264868691564,-3177.074258029461,311.3236575827811,0.3849576591325201,7.431027616480544e-09
883,3710.0,0.5140193868428469,684.775487408042,-1131.4785171300173,201.34436432559315,0.0241903736027767,9.096647128986824e-09
884,3734.0,0.519885960794054,706.3543762639165,-1826.7746485769749,275.5590223673101,0.1880269199655783,1.0217890500635929e-08
885,3587.0,0.5271972017316148,713.0712608620524,-2224.002266675234,262.8186447948001,0.2899571356039752,1.2272645209641329e-08
886,3602.0,0.5085870507545769,687.9537656158209,-1613.315261900425,277.5541224898538,0.013136992182311,1.065052224193746e-08
887,3617.0,0.5125144249713048,711.694419272244,-1713.9470502734184,277.52474811398366,0.0747693455933495,1.2741814987298776e-08
888,3654.0,0.5188888052105903,677.9059226438403,-1772.34888933599,182.5817674743013,0.0981058812426718,7.07519074911266e-09
889,3660.0,0.5251116158720106,665.9790639579296,-2918.933346122504,178.63752325421078,0.2034765758938247,5.927998961944701e-09
890,3676.0,0.5257138823531569,687.0902733504772,-2583.228619024157,285.2880876259586,0.2910608018547717,7.091754383616713e-09
891,3718.0,0.5192830477328971,659.8722447827458,-3512.3755272477865,289.7671460060583,0.1973715822152709,4.737611779821729e-09
892,3742.0,0.511921671195887,670.717765763402,-1396.4287295937538,237.4478568664022,0.0158329707752576,7.827346986555375e-09
893,3720.0,0.5355244339397177,704.5909892395139,-3223.8352831453085,306.80738241775697,0.4633120949400795,1.0381668738549009e-08
894,3725.0,0.5110629785340279,736.1866668984294,-3106.136672571301,288.04783156373264,0.0681555878782708,2.92998739665232e-08
895,3732.0,0.5292659066477791,675.1591512933373,-2964.776237681508,217.28174563887296,0.290750677443753,6.4847813580947965e-09
896,3790.0,0.5159042573859915,679.8419651389122,-2740.5262134969234,310.8199583388935,0.1757940624066981,6.306418296744326e-09
897,3746.0,0.5065716970292852,667.545950114727,-3152.510517463088,296.30348544859106,0.0127712200806398,8.50219221060484e-09
898,3785.0,0.5214132171869278,733.2405304163694,-2368.868378922344,284.7352759004576,0.2236560398804375,2.0714894614146052e-08
899,3801.0,0.5177997312042862,753.4232520312071,-2929.414372891188,249.63550134995785,0.1245087455340279,4.445382943097812e-08
900,3825.0,0.5164167640358209,740.080987624824,-1885.1849500089884,239.6354553881293,0.0921432992323798,2.700686137503853e-08
901,3841.0,0.5134991924790666,725.8816817775369,-1493.5411915183067,251.13694008715845,0.0559726756402185,1.8554487337582332e-08
902,3852.0,0.5244001108128578,675.4346178472042,-2492.4730360507965,221.6105071415788,0.2114543377802067,6.408176106870369e-09
903,3713.0,0.5137287786323578,722.7483987435699,-2071.964681893587,290.11554486334745,0.1124021605799732,1.6249250961759188e-08
904,3731.0,0.5235262405779213,737.9228742048144,-2591.356721520424,273.8521312641603,0.2433700473320694,2.449962559390437e-08
905,3761.0,0.5155340947303921,739.2999460175633,-1343.0769704282284,176.99348075832714,0.0380608297887147,2.918510172610469e-08
906,3774.0,0.5128369182767346,697.2116319835186,-3033.6290795356035,324.2813941195887,0.150283409894468,9.02919291069054e-09
907,3794.0,0.5095140872756019,709.2676071822643,-3451.793186366558,313.29872646609874,0.0848827401963514,1.4257671840972945e-08
908,3830.0,0.5222910228511318,686.5952760353684,-3327.3505970835686,329.5060522199685,0.2937510246063438,6.9532118335645706e-09
909,3858.0,0.5087822383735329,677.2136278450489,-3003.737201169133,300.7344797521317,0.0536712020288999,7.521464021815753e-09
910,3870.0,0.5114260098244995,660.7253938913345,-2168.197486549616,258.98946451731274,0.0317815369592098,6.058356446028535e-09
911,3771.0,0.5333878258429468,728.33850286901,-3348.2395973056555,296.287422776265,0.4209410377273345,1.9136558415539696e-08
912,3806.0,0.5124651859002188,688.7290820479393,-2626.3065051287413,311.1583029959669,0.1252581502804839,7.761459244146709e-09
913,3812.0,0.5318169594136999,701.888728030026,-2806.145813316107,289.9625743335522,0.3904957694360531,9.618252068599756e-09
914,3822.0,0.5141829627426341,705.8631908148527,-1660.555275902152,276.1771063806772,0.0990584299905978,1.0596751222889934e-08
915,3891.0,0.5249292472423985,744.5835488662124,-3456.815793737769,294.6868442568683,0.2902396555572444,3.158243768412265e-08
916,3753.0,0.5207860526815057,713.6264831572771,-2770.756583288312,325.2652953324023,0.266806461244978,1.1999175561917136e-08
917,3758.0,0.5150436327373609,654.4555823504925,-2469.40952539444,217.6454815483877,0.0517579253512542,5.566332233357719e-09
918,3804.0,0.5256126753566787,664.5504666864872,-3289.801709353924,242.4607434281704,0.2460942639458611,5.410714935486446e-09
919,3756.0,0.5229892123350873,681.9117856025696,-3553.049510344863,329.78138658361,0.3041138890144235,6.4412663490869664e-09
920,3762.0,0.5101851977640763,683.9127537608147,-2138.269344717264,286.7823182596756,0.0526015237220651,7.914391501896556e-09
921,3788.0,0.5248118273401633,703.5490919649601,-2050.6362352520227,261.894236598126,0.2507122750748165,9.830721925686585e-09
922,3842.0,0.5079801538586617,690.8852477371693,-2443.081122636795,291.62576277036715,0.0264642322988759,1.0864855753056296e-08
923,3851.0,0.529775862810202,736.4833296090364,-3089.1480434685946,268.28408242353566,0.3365437033095055,2.4464813681690294e-08
924,3865.0,0.5173442144552246,721.6539927572012,-3385.3811647742987,332.1302574871936,0.2261280159710877,1.4815379890377336e-08
925,3809.0,0.5115956281963736,731.1426584050059,-3574.3495121598244,310.8248130182601,0.111844020369137,2.3376677746315748e-08
926,3814.0,0.517289973651059,666.4784151688218,-2091.749456897378,204.8343319427956,0.0817063836757358,6.100864778054504e-09
927,3821.0,0.5086139718350023,710.9183871373534,-2497.550575062633,289.2482908160309,0.0323059553681798,1.6676864397997986e-08
928,3827.0,0.5242963990103453,716.4333709701896,-2998.707740753889,326.4247049784221,0.3189866240037801,1.3003567098584482e-08
929,3833.0,0.5196157988533378,719.4474670290947,-1415.3072532266378,190.61900080860107,0.1141040828626421,1.498821826950131e-08
930,3854.0,0.516449054311961,708.0516558885574,-3178.8610216230154,332.1445517638358,0.2133386961991226,1.0689042581208104e-08
931,3889.0,0.5159173396928236,712.0260192081332,-2346.7949956655502,313.1203058219972,0.1792710178788837,1.1777848785602282e-08
932,3924.0,0.528402736792341,703.3532762899995,-3406.2418207526207,331.3867131361759,0.3835785436932001,9.772020037331933e-09
933,3934.0,0.5119942223094404,698.8908300548792,-951.0628927499056,233.9757966160728,0.0137904246076377,1.2189678017779116e-08
934,3945.0,0.5200102481571958,741.7629335075617,-3232.875175774097,308.46497777305143,0.2336171103227511,2.758561794892497e-08
935,3964.0,0.5270170176774264,701.2637582421303,-2311.8735563009977,273.5872908024776,0.2982213640376053,9.366540202076755e-09
936,3868.0,0.5264308802410961,692.8690980374813,-2828.190912678838,311.1309374549421,0.332412261358548,7.844613192001027e-09
937,3875.0,0.5255337065970526,727.3175829276443,-1996.153063327074,188.07409642990336,0.2142725588559315,1.8746490357764464e-08
938,3947.0,0.5292748694168404,716.7227988690138,-2571.22694067657,283.7357574119346,0.3446054726539552,1.3472658489076122e-08
939,3970.0,0.5081905390834436,653.3151911199093,-3430.9104558080435,289.39035673867414,0.0260159411932141,5.8125594462444775e-09
940,3977.0,0.5221079638041556,727.6961129158735,-3021.485673263669,322.41407244235654,0.2824309129531672,1.751428197234777e-08
941,3998.0,0.5117759341234341,683.1846359372139,-2762.2878570109606,309.3942808664855,0.1123189330515053,7.173292456834687e-09
942,4004.0,0.5311273639788852,707.6089553907514,-2603.528505563736,275.5892486185904,0.365147629500643,1.0942015713333025e-08
943,4008.0,0.534081544126384,690.3291049972177,-3467.5192829221487,313.1722722765558,0.4478770576743352,7.714779638544834e-09
944,3878.0,0.5178786677774042,698.4445110335946,-2535.837811231613,319.13050817862063,0.2164689840845592,8.652380727717137e-09
945,3921.0,0.515010023820214,733.6620094999671,-2863.140582293272,308.21866753184725,0.1587298660147932,2.1858792407397014e-08
946,3966.0,0.5138750165235252,665.369132310152,-3478.116975724697,310.9359680684348,0.1458439107998767,5.2271615138748054e-09
947,3982.0,0.5165990026621148,670.6207898259163,-2648.053711652756,288.08246463432766,0.1536625990939197,5.52726003133777e-09
948,3986.0,0.5087970675947144,699.7534631192684,-1966.6838742792609,283.6025569710416,0.0260086140299743,1.2444463522826804e-08
949,3993.0,0.5171104780863971,744.2020481079817,-2460.92492043972,267.6250388797059,0.1339714669551173,3.059382596605991e-08
950,3890.0,0.5103952145203948,703.6924026161432,-1370.0981810688972,265.1191329563442,0.0233905971834105,1.2649567305861705e-08
951,3896.0,0.5391199141275138,700.1962769404054,-2938.4478349238634,198.3816629185376,0.4498971915069142,1.0526624214919264e-08
952,3910.0,0.5186953464429825,688.1771414354444,-3053.7871442735195,327.0435260439537,0.2388658603515744,7.148635084819718e-09
953,3954.0,0.510915388809517,655.6957405805588,-2599.9503146857023,267.65952043045564,0.0352476495032235,5.595727804375079e-09
954,3974.0,0.519092334206216,709.9818764254451,-1334.4010703265667,183.4701148293373,0.1019778087286748,1.220097435004304e-08
955,3980.0,0.5241167816566303,698.0046744644642,-3367.812668904662,333.3389827644795,0.3244270655185188,8.600497097668905e-09
956,3985.0,0.5147036719229072,723.5887837782502,-1073.452254384756,197.6236652138068,0.0337621788225337,1.8543374185972618e-08
957,4013.0,0.5093310327548534,720.1395624503493,-2913.854955509305,293.7987294150696,0.0507104155186177,2.007772188182804e-08
958,4019.0,0.524991488615051,722.1535697206855,-2412.7263754606247,292.44626846857506,0.2884745710350618,1.5165351982248843e-08
959,3907.0,0.5278919050982223,718.8354335352778,-3157.532675564289,323.63190307248846,0.3679097125382957,1.412048156365453e-08
960,3943.0,0.5377028588065877,726.2756825238466,-3506.8520978093147,290.7862274793999,0.4817844675289832,1.8478099313273647e-08
961,3995.0,0.5319993322342634,712.5261721760035,-3569.0574433654547,329.6527870127312,0.4334298180079621,1.2296894938870885e-08
962,4006.0,0.5179791828477756,675.9925878420472,-3291.5438409894705,321.86172353392016,0.221619879677473,5.875332559966453e-09
963,4017.0,0.5157220606692136,749.59513168782,-3496.352520212531,291.0313562421826,0.1443918472280199,3.879727019313282e-08
964,3926.0,0.5208801511116325,678.255464322865,-2264.710773155093,256.9052151324033,0.1821165073738369,6.322725549036037e-09
965,3950.0,0.5144999248720705,686.5608365833759,-2017.4531791359184,285.6368904644971,0.1176666704335859,7.210350256071461e-09
966,3961.0,0.5192081998521463,732.0097706466913,-2218.744087591768,284.8512252634072,0.1895849919564815,1.9855745246436365e-08
967,4001.0,0.5122848387341946,736.8628857657313,-1807.17309191823,251.96966403571253,0.0371434340252973,2.8338271525768765e-08
968,4022.0,0.5215963208256289,692.3154747858644,-2055.928371101618,272.5797133747749,0.2113475976646641,7.776920164138718e-09
969,4036.0,0.5335701908683405,686.0036638751626,-2986.094518750906,241.19883609727904,0.3762185226111362,7.562697024995198e-09
970,4046.0,0.5160548118734732,689.9904979020357,-1430.9207942336798,225.42127379237945,0.0743233597881921,8.325706579565757e-09
971,4033.0,0.5130172323342412,717.2185974940658,-3346.5141490101814,326.6412228649928,0.1563274814085448,1.4288818578190589e-08
972,4073.0,0.520069056134671,719.3320370465517,-2638.891242071986,319.8817268002009,0.2494933984305931,1.3829770978483444e-08
973,4092.0,0.5271250860160217,678.8109177350998,-3517.678378522396,318.4234871204669,0.3509675536392512,6.178615376333072e-09
974,4045.0,0.5103682962898165,726.6578708216548,-2282.459245249629,279.1554918919241,0.0435561078349888,2.2435769548046304e-08
975,4078.0,0.5143266348494216,663.9843784272671,-2942.0089803636074,289.74086537540524,0.1210430623211627,5.162183349710701e-09
976,4082.0,0.5108799212472513,693.1485810875893,-3243.2517036795616,320.67739225261647,0.1164295684919787,8.940421924640244e-09
977,4094.0,0.5135484233358875,702.9172144830227,-2377.774680778384,310.9337186604656,0.1409935660340896,9.978610473999398e-09
978,4035.0,0.5276533620432019,741.3825715705752,-2682.977638766169,166.880967854481,0.2434053523185367,3.026547909570828e-08
979,4054.0,0.5206030019326136,700.8246036246419,-3589.9449214339256,336.4957787732112,0.2781359163295565,9.03714379652906e-09
980,4087.0,0.5353448121435941,724.8324368149042,-3135.980247706175,270.99812912985027,0.4275620354448506,1.748205711176863e-08
981,4051.0,0.5228095870185644,732.3931015655398,-2797.2111336886883,306.6673744533451,0.2730765108931067,2.0298424997140666e-08
982,4057.0,0.517653311509639,735.4799793660641,-1679.6180840581656,224.7231552834184,0.1005368205778235,2.307729621316517e-08
