,Nr,xNi,T,t,Ms,cfrac,mipd
0,9.0,0.5118514714995399,701.1312977969646,-1579.765960201621,271.0854105306753,0.0549845392211995,1.044491662723512e-08
1,24.0,0.5339026369294152,722.9474089294672,-3203.1487863510847,296.3300517514322,0.428819329340946,1.6345841265795827e-08
2,43.0,0.5251047753170133,699.3738080561161,-3365.2230095118284,332.9992438749012,0.3381519259293444,8.879049175357322e-09
3,62.0,0.5169584431452677,746.5947471931577,-2075.3140434622765,222.0355388158872,0.086976768014643,3.4487141188989394e-08
4,75.0,0.5231514417240396,684.7629692032933,-2298.3395989984274,267.2062194312064,0.2298173944119878,6.899088302057388e-09
5,93.0,0.5095978462509811,668.2224639132619,-1688.5764073580503,266.66777436852874,0.0128228644520236,7.720556423473004e-09
6,97.0,0.5189218574017287,672.1954682469368,-2310.951104387641,253.2735972766889,0.1465465676251635,5.887165679134988e-09
7,125.0,0.511052112611942,688.477408029139,-1873.889996856451,280.4637354995796,0.056257544835401,8.318025313273357e-09
8,129.0,0.5176175221242011,698.9473997429013,-1843.4898164123297,281.55841510588147,0.1603733190998044,8.79510125112975e-09
9,141.0,0.5078324967855588,691.5242631360888,-3437.931999564171,305.35259391244466,0.046976308922951,1.0952588568908632e-08
10,157.0,0.5086588511010632,659.9163810908794,-2278.2901905477047,277.6089177769186,0.0143502578986936,6.900076623913138e-09
11,167.0,0.5345620833709837,679.0136406570673,-3420.9121227264404,258.18912797494784,0.4044855958496769,6.612161132377319e-09
12,172.0,0.532817396176979,720.968070551753,-2879.348450526595,277.05213410299035,0.3931679535463665,1.5399905782709866e-08
13,30.0,0.5183249688334763,737.5897807255387,-1557.4923131614923,169.2836569447042,0.0830732817325513,2.568598223428691e-08
14,89.0,0.5160871626669541,705.8129838854074,-2128.663355112076,304.81904479621835,0.1699095508768139,1.0204133272488454e-08
15,132.0,0.5266069258982315,711.2242810055614,-2386.279197782278,289.7974424861875,0.3101366265545377,1.157578130088828e-08
16,139.0,0.5232793608400971,707.1023045480251,-1708.5610069334507,208.64483461795737,0.1852517993958968,1.1137618025206653e-08
17,150.0,0.513961732299067,739.8333525657654,-2214.857378974557,265.5756521736498,0.0810566056067449,2.811646579784625e-08
18,13.0,0.5081674453057349,678.5245146974921,-2237.391646206379,286.7431356686847,0.0213241012948127,8.633650111294571e-09
19,22.0,0.5136377592943608,753.0865903198719,-3471.893234923482,267.7922833441345,0.0788284566720765,4.9167317234639486e-08
20,41.0,0.5132150791119784,662.1264958381653,-1983.0585725605488,237.3775718971643,0.0371584269895747,6.1937009386403184e-09
21,99.0,0.5306465875264258,694.9188528954983,-2786.1288629472256,286.6733186039203,0.3690122690032168,8.321385149516819e-09
22,113.0,0.5208137920033187,696.3692655786872,-3405.717304721474,334.5244130887329,0.2787194371147931,8.276622018994777e-09
23,1.0,0.5180623454088346,655.691308118403,-3268.894718214869,260.86302999836425,0.1410212244211587,4.770637787495333e-09
24,20.0,0.5239788977149874,730.3338927030563,-2090.5665054917336,239.52172746547657,0.2168512560764699,1.954028546048905e-08
25,57.0,0.5152719435840846,689.5742225274444,-3086.656831204891,326.9961663988382,0.1893877080913082,7.477646278552817e-09
26,66.0,0.5099148005852476,717.5592910125852,-3581.0334865003824,312.96552637855183,0.090279732748742,1.7379512599639552e-08
27,71.0,0.5356858178041876,707.5815336033702,-2981.3563227653503,281.8403206004073,0.4425532086045314,1.1149706414034254e-08
28,78.0,0.5198310080729425,725.4072363302112,-1937.5850848853588,273.48294449595784,0.1845391501934149,1.6352501853352694e-08
29,145.0,0.5214383482281119,667.7423202246428,-3001.303592696786,279.6957901609913,0.2176359719041602,5.291012825343944e-09
30,6.0,0.5141241878736764,720.476205162704,-2258.419678732753,301.65628990676475,0.1357446297108728,1.5077886765992843e-08
31,86.0,0.5127815702650697,715.7947340980172,-1006.383316218853,227.05141640887723,0.0209208068812336,1.6261166877581994e-08
32,92.0,0.5296856709755957,724.0149220824242,-2671.46052159369,275.766197330858,0.3426191928864664,1.647890880890885e-08
33,116.0,0.5233871801523492,713.802397288382,-3044.992831349373,329.14781354459666,0.3090825186679073,1.213699695919835e-08
34,17.0,0.5216303894063458,680.7440150529146,-2672.687860205769,298.99729502465,0.2454947442915887,6.3023880969923535e-09
35,29.0,0.5090926014725119,703.1597688794136,-2831.8834461271763,301.8312370544179,0.0601435470359107,1.265854698195011e-08
36,34.0,0.5093182734027505,734.0783159434795,-2510.555486753583,272.7127386559821,0.0172331807809541,3.47477713305295e-08
37,46.0,0.5220971054257825,711.7065297812223,-2783.1299789249897,324.9004233088675,0.285339398989625,1.149494058136908e-08
38,60.0,0.5290953317331151,739.3474421277642,-3401.012133434415,287.83543236044306,0.3462825038664088,2.6899249536512983e-08
39,73.0,0.5123541988572106,677.4863547459245,-2716.1241464316845,304.2549966691756,0.1130503035528013,6.424588582006918e-09
40,102.0,0.516388917635195,734.9114867299795,-3328.8977053016424,320.7547694296593,0.1969282001267499,2.2192792809844345e-08
41,148.0,0.5243578030308709,747.1172858774662,-3597.048845887184,294.03927306027185,0.2807213013794577,3.4753323729858883e-08
42,201.0,0.5120741704944521,694.4961031153798,-2394.4898016750813,305.5440822000306,0.1108355800321586,8.757930552226135e-09
43,219.0,0.5275099879968912,696.7956779152155,-2228.386079147458,239.748706945688,0.275296762335985,8.912538732812009e-09
44,225.0,0.5185206368612125,685.19715949893,-2913.91926817596,321.49330784216403,0.2290151424474784,6.779107864327572e-09
45,243.0,0.5311879378976301,705.397103689611,-3530.048967897892,330.8608341518293,0.4229635386700545,1.0352725548455342e-08
46,169.0,0.5129786534933374,708.8598819077015,-3240.068679302931,327.5779308260692,0.1571260179254986,1.1600369102851607e-08
47,190.0,0.517315719043836,729.8603383079171,-3500.6931960582733,329.30363651530826,0.2219720430126067,1.873313156580821e-08
48,233.0,0.5135285667749122,669.7586861625314,-1224.5849456638098,195.03502133393263,0.0123360239669023,8.45055086507268e-09
49,284.0,0.5302347650099546,710.0868152827024,-3357.60399363935,328.1038713643296,0.4065022445320141,1.1491766713472949e-08
50,203.0,0.5227285917662085,671.7507529631257,-2813.1665658205748,271.9372380226536,0.2285127639642264,5.631158899850818e-09
51,226.0,0.5089380806265399,710.3034337237477,-1470.8421260118484,272.5814498067816,0.0110190802570943,1.751629379166292e-08
52,230.0,0.5168339875992388,748.1647209078074,-1910.4896407574413,186.60710758242885,0.0646502223071692,3.78830909480499e-08
53,281.0,0.5167684567486868,700.0834168493748,-2761.744578927756,325.3632573698798,0.2087736724875333,8.996610537463211e-09
54,305.0,0.5201326102390885,709.594655521214,-2265.165823325515,308.3501358641815,0.2352884751714867,1.091301823335394e-08
55,312.0,0.5353952016308904,727.4242492392659,-3555.9076253324747,302.8518315501458,0.4576738983624358,1.8844912581463947e-08
56,189.0,0.5100225886330009,695.9036540985107,-1340.4268573969605,265.617298308001,0.0181247245576352,1.123994135800556e-08
57,228.0,0.5271093795448542,725.8807875961065,-3228.284058719873,321.2932688664062,0.3539490095482747,1.7092038131247584e-08
58,246.0,0.511607738621533,723.5230607166886,-2947.948272898793,307.9094469655616,0.1075187101798698,1.8269640680931155e-08
59,267.0,0.523788699968718,691.1920559033751,-3379.661038890481,331.65746202987657,0.3177896070553474,7.555914912079844e-09
60,297.0,0.5131714067142457,689.2000624164939,-1565.1181150227785,260.82940241382136,0.0622544159075803,8.152883779438788e-09
61,182.0,0.5125100410263985,745.3591792285442,-1361.5647599101069,219.05028478081968,0.0101731791189269,4.437866513800591e-08
62,187.0,0.5256459183199331,680.3098207339644,-2957.9304222017527,298.0862935563883,0.3052453057133632,6.310390465614776e-09
63,198.0,0.515382520207204,727.6388370245695,-1723.1985323131084,263.54443980493755,0.1012037601148883,1.813728079196465e-08
64,215.0,0.5373039612686262,688.9843791723251,-3277.913159877062,268.73001500432923,0.4568097551920796,7.79123759650303e-09
65,222.0,0.5196683337306603,714.2846491932869,-2542.77576059103,319.37019513283786,0.2429687536427292,1.2184185158136156e-08
66,265.0,0.5117172141978518,668.4759954735637,-2054.8079520463943,265.3410672524749,0.044845614720478,6.286341263995385e-09
67,270.0,0.5204239555541426,738.6359379068017,-3079.003456234932,309.95698276640616,0.2417497271006652,2.4710581054840272e-08
68,289.0,0.5195587726589292,673.7025659531355,-3479.5178297907114,322.5817686592617,0.2455606912918735,5.6586683089703806e-09
69,337.0,0.5224876312026754,693.2993601262569,-3335.7738565653563,332.5290182480664,0.3001991233458943,7.829173266356567e-09
70,185.0,0.514782928978093,672.5644705817103,-2476.593822240829,287.1439808275183,0.1242548567627142,5.78212317192935e-09
71,206.0,0.5200669938931242,742.141641639173,-3187.543261796236,305.9272006768057,0.2310840161529311,2.7971183458170764e-08
72,217.0,0.5157303265668451,659.0796013921499,-3547.1006020903587,298.7591898145607,0.1557548647245321,4.73802419341776e-09
73,253.0,0.5105740728508681,675.477663166821,-3348.796943575144,313.3410862284849,0.1006157782594268,6.576425237815122e-09
74,258.0,0.5106396061321721,716.5204783901572,-2441.4705600589514,295.3111243635873,0.0731154227760423,1.5878493572984602e-08
75,269.0,0.5083861264772713,705.6144720315933,-1762.3222690075636,279.7181825505698,0.0133998066502619,1.587127077302152e-08
76,294.0,0.5157958571659401,729.1850167512894,-2693.167746439576,311.40907163987214,0.1750289237768486,1.8688887856054626e-08
77,321.0,0.5172494130348787,658.4033609554172,-2634.0436924248934,225.17613123221287,0.09411291740889,5.35702025445628e-09
78,326.0,0.5148930937983096,715.4199946299195,-3426.1075247079134,332.0511073987892,0.1909466741789664,1.2990269328208913e-08
79,308.0,0.5228381555201486,720.2354822680354,-1964.5348481833933,264.4385603376786,0.2217442288418895,1.4371731642705214e-08
80,317.0,0.5102390727819875,687.4352694675326,-3016.077625751496,312.0298478310757,0.0936050203029411,8.256979980777544e-09
81,323.0,0.5295078382128849,695.657997392118,-3051.8484100699425,314.8873416751023,0.3821017792203586,8.376974248726713e-09
82,340.0,0.5247039394639432,735.6208737939596,-2806.49845674634,290.94907713784403,0.2822463793884074,2.28123208232102e-08
83,363.0,0.5242914999555797,704.6638718992472,-2650.185414031148,316.9533829502253,0.3076971946685313,9.877198152712336e-09
84,374.0,0.511460945722647,733.8628118485212,-1245.1079986989498,240.7811278888252,0.0115072516533609,3.0107954253782346e-08
85,380.0,0.5283703493280336,726.5581149980426,-2290.5767899006605,206.8128170263045,0.2705476260672351,1.8441332895144663e-08
86,393.0,0.5113050930760801,681.4751690253615,-3508.456327021122,322.45097180204266,0.125314812935439,7.064158185529808e-09
87,422.0,0.5160209424048663,745.9223975241184,-2993.569241836667,286.7773226685818,0.1428698675011149,3.3192901931839755e-08
88,318.0,0.5171785807562992,712.0787515491247,-1601.1237870901823,264.22897392174235,0.130840416919945,1.1819685234644944e-08
89,333.0,0.5074863280821592,665.5042104795575,-2870.582491904497,291.5670701092322,0.0187893501396821,7.368345697874721e-09
90,342.0,0.5129124332312495,742.8755030781031,-2332.220632955432,259.945999643039,0.0569665956289478,3.3419539488670214e-08
91,354.0,0.5087690132390708,731.8345624953508,-3174.4103115051985,281.4071910518085,0.022067430726786,3.3957957506377936e-08
92,361.0,0.5140279521420598,651.918505653739,-3125.355876982212,261.8172047308727,0.0772819218659894,4.835111105926926e-09
93,366.0,0.5213280979124829,724.2576476931572,-2120.9349051117897,284.74246726297895,0.2223440590059069,1.5835811001995666e-08
94,345.0,0.5158692204440013,678.7980148568749,-1646.5904351323843,225.77682929347043,0.0714903548319464,7.061997280896859e-09
95,349.0,0.5097300959192217,700.9202568978071,-2170.6773564219475,290.23701249470605,0.0510851068645606,1.1426513547616542e-08
96,382.0,0.5176838278817013,749.3034883961082,-2709.274146705866,259.40739699601613,0.1332394764639961,3.725542833354255e-08
97,398.0,0.5208800977608189,751.8816189840436,-2496.989943087101,165.97470269218385,0.1260217507234134,4.3109433023978975e-08
98,420.0,0.5279221404250711,738.1990039348602,-2568.726025521755,172.63164005100018,0.2498366057879427,2.7028099917406626e-08
99,433.0,0.5197647020639852,662.8564665094018,-2847.2050856798887,250.8091574476808,0.1577488464586985,5.233447831683798e-09
100,449.0,0.5170240594912321,705.141553543508,-2927.448296919465,329.1416203404239,0.2175616513692912,9.982010255015508e-09
101,461.0,0.5071071760868654,682.513389326632,-2352.090608328581,290.8832064759332,0.0118260069460256,1.0742948683150008e-08
102,467.0,0.5325037773791701,684.0333561599255,-3207.80470892787,282.85543416460735,0.3939320640205642,6.904043651647282e-09
103,477.0,0.5094277516612783,654.1872150450945,-3392.146611213684,287.87698448777974,0.0426388790686486,5.346550896110103e-09
104,489.0,0.5135722284438089,695.1615510135889,-2550.3942400217056,314.5670735703642,0.146742356826616,8.518417910586014e-09
105,411.0,0.5267847747541964,709.116977006197,-2887.077222391963,320.58962712066915,0.3484261443894076,1.10226166996554e-08
106,417.0,0.5192898165388034,690.7212407141924,-2194.487463310361,294.2308368784194,0.2035392003800206,7.472869611938178e-09
107,505.0,0.5142336634499952,671.5228474512696,-3194.283290952444,313.1003041921012,0.1543486613211023,5.670201961103954e-09
108,379.0,0.5267171735316515,676.8059641495347,-3291.4769869297743,304.2746578238989,0.328720600358302,5.985651219440604e-09
109,429.0,0.5065116818901152,697.8733584284782,-3310.152668505907,296.8803864392302,0.0128363236175867,1.669925388793946e-08
110,445.0,0.5099810177460313,670.4260941967368,-2659.2321798205376,290.90769134293726,0.0560161845760763,6.357905570320352e-09
111,486.0,0.5165288440790028,722.696277834475,-1428.388912975788,235.25287272274824,0.0901192742549528,1.5986708944717226e-08
112,377.0,0.5144148040469736,684.5220245793462,-1916.344282776117,276.2041012288481,0.1027452488914288,7.062309636276216e-09
113,396.0,0.5315008727321402,729.6050098910928,-2979.171546176076,271.71531949787465,0.3672670706435366,1.9717655559756857e-08
114,409.0,0.5164551374781877,656.8403750658035,-2461.3688327372074,204.02530143425537,0.0670856209913856,5.6034389296395075e-09
115,414.0,0.5188116070860997,719.8045032471418,-3261.3441087305546,331.9803131247206,0.2469317909497805,1.4014920431096296e-08
116,419.0,0.5295755088375882,667.9685663431883,-3575.779853761196,256.8490547611609,0.322760211280764,5.571796637586309e-09
117,438.0,0.5124643636774272,710.4981140419841,-1836.6339158266785,284.2534349420072,0.0840220479976128,1.2333498328106838e-08
118,452.0,0.5259698391472921,724.6886307373643,-3523.303359746933,330.60643641089587,0.3478544655430875,1.6403962180256003e-08
119,497.0,0.5206237437902018,686.0258807241917,-1729.9373544752598,187.24381933295768,0.1298529146674273,7.795859691496308e-09
120,514.0,0.5108493568887934,735.9618678316474,-2932.3392011225224,283.04984834830816,0.0570683772392834,2.969025059602621e-08
121,521.0,0.5118816490331665,664.0074799582362,-3361.302592232824,303.78997864821304,0.1052345827501264,5.3485916730538e-09
122,470.0,0.5132806097110734,726.1381187289953,-2907.1530874818563,313.043646461463,0.1401728434408196,1.821083449083312e-08
123,537.0,0.5165861691301689,687.6530213654041,-2608.3741944283247,314.6811151474481,0.1913514520512731,7.134309203617628e-09
124,542.0,0.5184156409092248,744.7731078416109,-3397.0378439873457,306.71856819505865,0.2074511264863658,3.090684757418218e-08
125,557.0,0.5068201309395954,676.6700880229473,-3559.166784211993,301.1586637459425,0.024747132713449,9.163745793798156e-09
126,441.0,0.5150915499823168,707.3594997823238,-1157.8152414411306,216.0057259460648,0.051444366227755,1.1979937932601457e-08
127,498.0,0.5082329785870389,713.4736232832074,-3102.8191421180964,294.6619190140025,0.0353485924014378,1.88827960242132e-08
128,513.0,0.51797166260425,708.5081819444895,-1675.418046489358,269.21651618199667,0.1496925869897188,1.0806707824504728e-08
129,579.0,0.5293351663136855,693.0901130661368,-2307.853776589036,180.9498177540741,0.276875883189513,8.8913163704816e-09
130,510.0,0.517996728643775,736.0578037425876,-2415.840359777212,289.43245183261985,0.1771080086813331,2.2701666740102853e-08
131,519.0,0.5363625192735344,693.868327178061,-3517.536674067378,313.5859930297284,0.4819699420394158,8.349116435865964e-09
132,561.0,0.5203409850224853,682.6532589271665,-3094.4133706390858,322.81013382427284,0.2572302965628947,6.4833103484957015e-09
133,580.0,0.5253966413158924,740.7354213669896,-3331.939846649766,300.30062337272693,0.3041251921436118,2.7422402580883745e-08
134,589.0,0.5076748317200691,662.9363261535764,-2492.2129925340414,286.1636918551405,0.0127501634325218,7.445782693535668e-09
135,593.0,0.5222929477551952,698.2017247378826,-2027.523147314787,274.86189549290697,0.2251031168172386,8.664763327723793e-09
136,605.0,0.5095621916465461,690.3904854506254,-3252.172828093171,313.8027136264794,0.0863927333472072,9.10851031293702e-09
137,610.0,0.5085894333105534,719.4322050362825,-2202.780696004629,280.0425680799945,0.0170952947365459,2.2617454881306123e-08
138,614.0,0.516479503880255,742.7274452522397,-1629.9788910895586,187.8818185206872,0.0591726035099925,3.1191301952672975e-08
139,633.0,0.5146328388061374,703.990536518395,-3450.4756417125463,333.2808244910314,0.18892394110944,9.994856331119273e-09
140,523.0,0.5236283514788375,701.2914043292403,-1987.034578621388,262.2291749381471,0.23204269094424,9.349707388640217e-09
141,547.0,0.5301517602801323,706.5162725001574,-3265.840332582593,325.81617410553866,0.4029670893105941,1.0554785216223861e-08
142,573.0,0.5103712299140171,705.0031573697925,-2410.07140763104,299.10336954090764,0.0750734805767536,1.1961199077153542e-08
143,585.0,0.512428305610083,684.8454631119967,-1328.3501610159874,243.4066657805619,0.0301137194168611,8.502974987354296e-09
144,526.0,0.5205767147336156,713.5680571570992,-2361.376144364476,311.46765402534817,0.2460003720589982,1.197871443655651e-08
145,564.0,0.5226455266447738,732.2040049359202,-3468.783260509372,327.0351400470435,0.2958713385209303,2.01608828078002e-08
146,577.0,0.5174234971171245,670.3447611257434,-2789.1701459884644,293.0377641639116,0.1733481645311102,5.4578828383231635e-09
147,615.0,0.5344043744681404,709.488086104393,-2559.550144895911,183.07740679880203,0.3645940634925368,1.2635215891480402e-08
148,622.0,0.5211670574126765,727.2874119877815,-3315.8092830330133,329.13426374813184,0.277136585501927,1.7249565444542653e-08
149,534.0,0.5136075924895704,730.2120382711291,-1486.423745378852,243.11624069657884,0.0492065281368754,2.1329353408915666e-08
150,550.0,0.5156252505676822,718.62468957901,-2736.6722747683525,321.2697784755895,0.1865092567625759,1.392845858671927e-08
151,582.0,0.5150335295684636,733.0193537846208,-2007.113742828369,272.69520128968395,0.1076413529123873,2.14552515612866e-08
152,617.0,0.5138772086426616,679.3489047139883,-2294.3487737327814,291.12234873850906,0.1161926792136213,6.450846719151746e-09
153,596.0,0.5249102596752345,715.6904675811529,-2623.2451792806387,312.35900798154296,0.311321566613075,1.2797778351464688e-08
154,619.0,0.5244435671251267,686.6035554558039,-2720.0572103261948,302.89665707444385,0.2928994273942769,6.974408554001061e-09
155,649.0,0.5115024868957698,707.037434540689,-1861.8242237716915,284.15332573419585,0.0689260340458908,1.1854372592272753e-08
156,673.0,0.5190745753003284,700.7798589020967,-3165.238916873932,332.65326143262325,0.2515547446719706,9.03325544923508e-09
157,707.0,0.5288461402244866,679.8297871276736,-2917.9100800305605,263.3133791804212,0.3168965171628469,6.510025456629929e-09
158,718.0,0.5201851425180212,734.5598006248474,-1771.6045796871183,211.49905471546325,0.1345175399997174,2.2384871115565708e-08
159,646.0,0.5144783276831731,711.3548472523689,-1190.6428176909685,228.5496510884986,0.050447324933699,1.2980691076167226e-08
160,667.0,0.5269602294452489,682.150406986475,-2479.704668372869,222.56568481350067,0.2549332035303818,7.088114733523361e-09
161,689.0,0.5199181452067569,665.8916131034493,-2579.5793764293194,236.4632324691377,0.147273412943935,5.572747301099404e-09
162,701.0,0.5101900791749359,658.014456294477,-2700.102651491761,276.63200430130445,0.0369074357324547,5.678052858824998e-09
163,712.0,0.5383569572586566,719.9030094966292,-3388.942504674196,293.8246106198253,0.4944541729267516,1.5397530374581662e-08
164,636.0,0.528187380428426,722.1167219802737,-3149.7072838246822,319.99699887995394,0.3682507300064747,1.5454609423285316e-08
165,663.0,0.5368976908409968,704.5662166923285,-2801.7170939594507,216.8959138420699,0.4189685547862355,1.1173180715601716e-08
166,670.0,0.5186739541077987,731.7405139654875,-2178.970703110099,284.0857890626981,0.1802581110119648,1.9711924286821443e-08
167,717.0,0.5072627207404002,709.9250236526132,-3070.5977987498045,292.2198571910071,0.0164494011926453,2.048039230908769e-08
168,721.0,0.5218258198909461,651.2220671772957,-3533.982903510332,162.6952601313873,0.1412687012349821,5.147152498853469e-09
169,652.0,0.5312972628930583,719.0698704496026,-2457.542011141777,222.9692830785592,0.3278127318472312,1.5121479379273273e-08
170,665.0,0.5162838361877948,674.4270205497742,-2954.8751916736364,310.5106586691782,0.1809889653149451,5.794201333728751e-09
171,676.0,0.5281079028453678,713.1123512983322,-2864.478344097733,315.0095954961433,0.3616024839398375,1.2196261601127364e-08
172,710.0,0.5153798084938899,749.9982031062245,-3232.27229565382,279.6009299519953,0.1226838934048736,3.9829102648590616e-08
173,726.0,0.5131305609038099,721.6715451329947,-2526.147586852312,306.5453781403903,0.128176669493239,1.607759893229858e-08
174,761.0,0.5143747939122841,660.9605855122209,-2225.2879064530134,236.7936306307868,0.0558062976155587,5.745075029455388e-09
175,766.0,0.5181701287627221,716.1461765691638,-3020.968643948436,329.699041922526,0.2347745321071068,1.279261613725086e-08
176,681.0,0.5128606014279649,656.2771255895495,-1704.625354707241,214.670488310806,0.0129522852052721,7.1614516489087375e-09
177,691.0,0.531763724940829,688.1682293489575,-2997.3840471357107,281.5129358716328,0.3810541147624763,7.396273237390072e-09
178,745.0,0.5133665533037857,692.5749019533396,-2816.2638802081347,320.0156037500627,0.1517472655401597,8.144948203248394e-09
179,765.0,0.5106976341735572,683.1334014981985,-1595.3580468893051,266.4766377511798,0.030114579357349,8.262131358555084e-09
180,769.0,0.5182803801679984,675.6340667977929,-2101.2691162526608,249.5383658034356,0.1322572310935363,6.230890814010573e-09
181,781.0,0.5083120089955628,652.9619094356894,-3178.262010589242,285.73646605497515,0.0219223745977006,5.928873932065192e-09
182,807.0,0.5350418947311119,696.466680392623,-3223.393154516816,302.09674374421684,0.4516401053024983,8.733748257581121e-09
183,822.0,0.512115717115812,720.1559707522392,-1668.6784733086824,269.0212456215469,0.0562729347020032,1.6374660151246276e-08
184,694.0,0.5126281038206071,737.9412196204066,-3593.126725405454,307.107584210688,0.1215200708641663,2.78269732838924e-08
185,705.0,0.5172091299016028,687.1064033731818,-2435.701493918896,306.8880782268505,0.1896520545434953,7.040017017422982e-09
186,729.0,0.5157330275513232,696.7209516838193,-1398.1530480086803,237.5626698133182,0.078970892190249,9.162276734756968e-09
187,733.0,0.5092488610604778,673.6232364922762,-1970.5153930932283,277.10214613298234,0.0228306548960192,7.573633080665096e-09
188,748.0,0.533649880848825,732.56730645895,-3190.639717876911,256.83197390691896,0.3886756996343959,2.21661271051786e-08
189,763.0,0.5260557498829439,698.7132741883397,-3550.141040235758,334.5816712813458,0.3534823425967477,8.794940672911648e-09
190,774.0,0.5143085743207485,731.011004857719,-3114.9125955998898,316.1086592021797,0.1598495545537674,2.0448225809334496e-08
191,797.0,0.5088807465229184,685.5736920237541,-2537.88883946836,295.0803789672537,0.0459200688734187,8.766277310630328e-09
192,811.0,0.5253007931634784,689.3146212399006,-2057.8503482043743,190.41889855184155,0.2112249131710288,8.16781137597533e-09
193,785.0,0.5214796459069476,707.7111537009478,-2743.439421057701,324.8074136687803,0.2762785491875811,1.0476602473521925e-08
194,814.0,0.5218921249778942,736.7926137894392,-2600.7564660161734,288.31310865562284,0.2356620291815792,2.3331597687407908e-08
195,873.0,0.5139208703115583,704.790082462132,-920.1722703874112,198.91345952158804,0.0211415448140499,1.2945539818207337e-08
196,900.0,0.5264349433267489,736.292501501739,-2990.527717396617,290.2804971200001,0.308054452507863,2.3632038929274213e-08
197,771.0,0.5284780096774921,682.8813933208585,-3475.529834255576,319.9338334127029,0.3724283052563927,6.626206567946738e-09
198,788.0,0.5241412672493607,718.3984506130219,-3286.3189313560724,331.3075246261795,0.3224338351396148,1.3665232951485252e-08
199,843.0,0.5229471425572411,702.797772474587,-3128.4651942551136,331.3775763112272,0.3054066382624005,9.457348425085452e-09
200,865.0,0.5187395697832108,660.228326022625,-3055.8237589895725,264.3178684166348,0.1559551597169937,4.9625435562195665e-09
201,870.0,0.516174360360019,717.3523034900427,-2047.8923119604588,297.49442841308024,0.1606592184845915,1.3383847576275048e-08
202,886.0,0.5115680168243125,740.9909786656499,-2810.417814552784,274.29929359624674,0.055140114848274,3.390959981826717e-08
203,893.0,0.5112282204208896,699.0400168672204,-3492.397079989314,326.15336501671726,0.1297589135231614,9.936470025095973e-09
204,897.0,0.5177586525864899,688.8483910635114,-3572.737471014261,334.3222539674031,0.2349195413265007,7.250514220310926e-09
205,909.0,0.5080319921160117,695.9931183978915,-1931.9256741553545,284.1355840160289,0.0149759948732657,1.2827453813711077e-08
206,802.0,0.5091826441511512,714.611170142889,-2919.6859538555145,297.6837426427563,0.0547592832342108,1.7184003145798006e-08
207,809.0,0.5130203956644982,666.5619450807571,-3376.564824208617,309.587077645737,0.1311283987977394,5.3949909837689984e-09
208,825.0,0.5154460276663303,701.9862001761794,-2340.0246206671,312.72472939210644,0.171734482410724,9.473205637361628e-09
209,841.0,0.5125625736406073,650.0743735209107,-2647.128654643893,245.1973282304573,0.0341872340445353,5.464262772561739e-09
210,860.0,0.5298604470677674,728.4820714592934,-2712.329189479351,261.8456053240315,0.3318160954787137,1.8919598957772947e-08
211,881.0,0.5209782268386335,691.4265104755759,-2013.970609009266,270.24432603988544,0.1987426685879059,7.672558745051965e-09
212,898.0,0.5109885960165411,721.871687322855,-1261.1288163810968,252.9424960051036,0.0172000854771176,2.0202617733297826e-08
213,902.0,0.5146983687346801,744.0378731116652,-2571.823111921549,271.81310519154584,0.1011316057955064,3.1972100302927115e-08
214,846.0,0.5200277072004974,722.3446203395724,-3442.713261768222,333.2277456012325,0.2658994403440726,1.4981326834424572e-08
215,867.0,0.5308330285456032,697.5049261748791,-2630.12261800468,269.78104387744906,0.3548117658988411,8.854164286818484e-09
216,888.0,0.5359500211756677,711.1301314458251,-2967.101702839136,275.76348854428085,0.4412698518167926,1.2164642664954768e-08
217,915.0,0.5332603853754699,702.4267960339785,-2844.1097158938646,283.2241126302152,0.4060718786718575,9.831786650325516e-09
218,857.0,0.5159488257253543,686.3775382190943,-3294.532888010144,329.3326075087152,0.2023585675598716,7.013859003624332e-09
219,884.0,0.5232385019538924,733.7143713608384,-2328.2435674220324,267.85648494783385,0.2319339981702633,2.1287458935980216e-08
220,894.0,0.5176480874465779,726.4895898103714,-1349.5989829301834,193.07213097209376,0.0816397372535046,1.826722873473416e-08
221,918.0,0.5137677328148856,712.4304229021072,-3158.362014591694,327.670741303645,0.168637217982721,1.2354801862462632e-08
222,939.0,0.5248006949992851,676.0467422008514,-3504.520446807146,318.9581822935319,0.3175473299997047,5.886917006253503e-09
223,834.0,0.5100806006649509,730.0020532682538,-1852.6656970381737,265.6373787984167,0.0190804518384215,2.726664374688121e-08
224,862.0,0.5190089592058211,751.2054632604122,-2287.465756013989,179.60917102572247,0.0989258665525104,4.16944198992757e-08
225,905.0,0.5113682295940817,674.2886087298393,-1436.8520937860012,249.1190545557749,0.0189265607440972,7.856325165627928e-09
226,925.0,0.5085239004483446,672.3462079465389,-3137.422273680568,299.5151205489672,0.0477658288758407,7.0669285525382245e-09
227,937.0,0.5128169290302321,683.3306826651096,-2186.69818751514,290.9017288369627,0.0995735822848351,7.031794571962229e-09
228,946.0,0.5075653532100841,725.0801869854331,-3410.498667508364,286.68423689193446,0.0119123863597695,3.385427242154035e-08
229,972.0,0.5321539043774829,716.8265600129962,-3571.492885798216,327.77028692982174,0.4338284926101947,1.3710019207266869e-08
230,985.0,0.5155150853283703,669.6087970584631,-1816.093391552568,215.559378508844,0.0582772218073388,6.503207754272805e-09
231,1017.0,0.5140661621792242,693.6508137732744,-1750.245787203312,276.70933774112814,0.0979762616325527,8.323680240178528e-09
232,1041.0,0.5216992340423167,657.5231247767806,-3163.332198187709,207.25519697795377,0.1577669109064634,5.243663881990166e-09
233,958.0,0.517533059110865,717.8914758935571,-1883.065776899457,285.68531045483013,0.1647441971086156,1.342175519418969e-08
234,990.0,0.5194867408042774,734.2144796252251,-2837.650031223893,310.97135023704703,0.2291752193978195,2.1287016358470533e-08
235,996.0,0.5272511912882328,722.8515990823507,-2145.030888542533,219.38278381412624,0.2580071201559022,1.6362370814903e-08
236,1014.0,0.5118154294416308,727.9641068354249,-2428.9545983076096,289.1420710700708,0.0814618699802046,2.0738357473396932e-08
237,1046.0,0.5136952527379617,714.8961274698377,-2364.236257597804,308.2707204451185,0.1392027857521079,1.3170576130067757e-08
238,942.0,0.5222273316606879,753.7835938483477,-2975.2382408827543,206.6589680770485,0.1663977293253464,4.633194913131213e-08
239,955.0,0.5254622600926087,707.2508775815368,-2465.3038546442986,303.184789417291,0.3085753509177302,1.0501873031548961e-08
240,987.0,0.5277293933648617,691.8927375227213,-3198.2577681541443,322.5713998259616,0.3643899192264154,7.741954168365913e-09
241,1030.0,0.5140883017191663,743.6393528431654,-3577.436443045736,303.3774386095441,0.1377761919940451,3.2138052575343645e-08
242,948.0,0.523186797387898,710.6728759407997,-1793.0221259593964,239.00299997857408,0.2033645617069604,1.1668939753058174e-08
243,953.0,0.5149679993884638,654.9962429329753,-2883.088355138898,254.20066181896624,0.0833286351621517,5.0091111175755865e-09
244,969.0,0.5122276136372238,697.0643343403935,-3028.6210533231497,322.45876758973066,0.1387473530971341,9.16992891294616e-09
245,989.0,0.5093811107287184,706.3007343187928,-1552.6021666824818,273.1082432558876,0.0188217880090959,1.4422794389897671e-08
246,993.0,0.5183493355708197,703.2580517232418,-2505.668666213751,319.5482140860097,0.223916283771822,9.532850950330298e-09
247,1012.0,0.5236946541350335,750.7094784453511,-2910.2641079574823,207.521906130384,0.1916986938994629,4.1095046794312935e-08
248,1027.0,0.5286975528858602,671.1903591454029,-2991.929067671299,161.02978943824172,0.25976067240517,6.4547143262498915e-09
249,1067.0,0.525079898457043,676.6278516128659,-2498.866795375943,218.84042198818952,0.2212245961107347,6.542965173107681e-09
250,1086.0,0.5168789498880506,724.7865225374699,-2888.9392621815205,322.3851344248999,0.2063140126618966,1.621152617389459e-08
251,1000.0,0.5372113227145747,730.4284580051899,-3373.628666996956,259.0967431002467,0.4479390144820234,2.1225165776963943e-08
252,1009.0,0.5206869661388919,678.2121826335788,-3210.914871096611,320.4164628666297,0.2592074406564762,6.048819921412693e-09
253,1068.0,0.5323807302862406,726.2653326615691,-3506.7991007119417,315.2853921548694,0.4248442613929306,1.7851072853371687e-08
254,1113.0,0.5161669974867255,668.0681714043021,-2835.535877197981,292.4590135655054,0.1532809548778479,5.337119752449491e-09
255,1137.0,0.5207559563266113,674.1135666519403,-2430.3563978523016,259.37834307517954,0.1827532509308999,5.94242553278133e-09
256,1021.0,0.5107391943316907,656.0088043287396,-2070.4273369163275,255.8831494402041,0.0167503263044229,6.464712001590831e-09
257,1025.0,0.5180597827676684,693.9430469274521,-2566.8493945151567,317.890316686379,0.2174420963648919,7.937139768709834e-09
258,1037.0,0.5080934508284554,701.2123534828424,-2726.696864515543,294.777314157382,0.0334096350645491,1.3577297100834347e-08
259,1049.0,0.5166738408617676,703.0787708610296,-1698.9326443523169,274.5549797794184,0.1360747265790495,9.667395840851465e-09
260,1053.0,0.5091010006004945,665.4443145170808,-2132.0424154400826,276.05637836049374,0.0188916109836468,6.993791233471971e-09
261,1065.0,0.5132396408962085,683.8751611486077,-2980.811069905758,318.8468061832206,0.148173948235604,6.986386416909029e-09
262,1085.0,0.5104592545237392,689.4785206392407,-1501.9473318010569,267.2397874039564,0.0273817157437214,9.344380883405513e-09
263,1090.0,0.5098624527920037,740.8103896677494,-2254.985284432769,262.6271747190321,0.0114221374041149,4.4225483283791e-08
264,1094.0,0.5149458598485217,717.7126675471663,-1112.1724292635918,207.02374984922608,0.0432495536584115,1.5455198158232817e-08
265,1100.0,0.5318714101845399,710.8470038324594,-2552.270234003663,256.18091162468426,0.359363371007188,1.2010007978596328e-08
266,1124.0,0.5268484887015075,719.470287822187,-2925.8089810609818,317.7223804684831,0.3461227555119132,1.4266862149306741e-08
267,1142.0,0.5113467579241842,729.241479486227,-3209.677806124091,304.57472533978165,0.0984242922964263,2.2320038033062948e-08
268,1083.0,0.5259068024577573,705.0712095946074,-3259.47166197002,331.46652617096606,0.347908701371762,1.0032258161062109e-08
269,1097.0,0.5123406460322439,700.2620157599449,-2247.912436723709,302.59824409564067,0.1102970013391611,9.762615256548382e-09
270,1116.0,0.5296387989958748,745.8537811413407,-3192.409985885024,173.4703956972129,0.2796943179353404,3.664762054495631e-08
271,1161.0,0.5115904998546467,691.6043997183442,-981.375851109624,238.66468868934,0.0115380466926047,1.1064758029896996e-08
272,1193.0,0.5129486262053251,670.6463019922376,-2596.0622012615204,290.56495222269336,0.1010844035440065,5.778976516270216e-09
273,1206.0,0.5125404325919226,722.6345517113805,-874.4565792381763,219.31080319619232,0.0108755646095407,2.1234193358826965e-08
274,1099.0,0.5231653552222997,662.9854004085064,-3565.9162882715464,286.3483017619216,0.2528562866271622,4.9323549751440595e-09
275,1115.0,0.527776370998472,690.3154809400439,-2417.4942668527365,249.12895737989177,0.2869583710338683,7.839661400731849e-09
276,1121.0,0.5189573993114754,709.4202041998506,-3524.9590907245874,336.0005445790644,0.2541375010605005,1.0882847226701092e-08
277,1150.0,0.51778012576513,743.861456848681,-1745.332245156169,175.29711867286156,0.0760242828450938,3.1920444598351856e-08
278,1155.0,0.5284281676122919,684.4443845748901,-2694.82025206089,260.45354155719565,0.30748636954912,7.017124416561121e-09
279,1181.0,0.5086559198237955,682.2217513993382,-3557.7836126089096,311.5035985443473,0.0693043184625758,8.286157924555984e-09
280,1217.0,0.5171213631192222,701.6916808858514,-1527.1288990974426,251.5703313807098,0.115457846700809,9.624369237681822e-09
281,1225.0,0.5120932340854779,657.2477422654629,-3441.474996507168,293.4536024933389,0.0924019498775225,4.920595596987393e-09
282,1251.0,0.5303856210783124,699.6996587887406,-3424.2345348000526,328.489916428919,0.4090667142909052,9.128171877939425e-09
283,1129.0,0.5137895157886669,664.9778963625431,-1385.7758302241564,190.01082213028155,0.0141779945533832,7.877222305976487e-09
284,1156.0,0.5265658896509559,748.918002769351,-3477.6456981897354,261.7104737937623,0.2787247477497498,3.8567571168793176e-08
285,1182.0,0.5187617215607315,717.0582567155361,-1284.9017780274153,168.08770214388852,0.0901695647102591,1.4526846832657604e-08
286,1111.0,0.5377406216273085,698.2806097343564,-3101.176607608795,270.1509424617573,0.4648899867048743,9.294131375554096e-09
287,1118.0,0.5192260771105066,738.5771586373448,-1818.372481316328,211.0413327859756,0.1180499191693942,2.5545269610985532e-08
288,1139.0,0.531624610493891,681.8662544339895,-2905.2899681031704,219.7403086100682,0.3316408754666902,7.191913970311933e-09
289,1149.0,0.5110107342153788,651.668536067009,-3090.088650584221,273.7393114420636,0.045518247324048,5.129711968509202e-09
290,1153.0,0.5176256032427773,677.1604610979557,-3120.765534415841,318.9946877311419,0.2125813044536207,5.987222230090233e-09
291,1172.0,0.5244211330451072,724.3921576812863,-2267.0421324670315,279.0117716415244,0.263509115161475,1.6119521506124964e-08
292,1195.0,0.5246680348273367,693.3623758330941,-3077.1417383104563,325.6329292263153,0.3234367960668796,7.876612304045668e-09
293,1223.0,0.5354248421359807,687.0353472977877,-3172.7579064667225,260.1589880789507,0.4199371239760682,7.538659785163597e-09
294,1158.0,0.5145663306675852,726.6633600741625,-2095.690694823861,288.2914343564114,0.1225944832683234,1.7778276272058953e-08
295,1176.0,0.5341636085743084,731.6981108114123,-3014.2191264778376,209.4796681538988,0.3697686668130097,2.2395481971941585e-08
296,1209.0,0.5148352929484099,695.8088713139296,-3359.2611126601696,332.049833094194,0.1901177523905051,8.435412010264036e-09
297,1227.0,0.5227092023706064,709.9930933117867,-2122.5780833512545,289.97905702136444,0.2503754976997621,1.1071690345667962e-08
298,1265.0,0.5205529288202524,690.896148905158,-2808.1374507397413,321.65174350660493,0.2588327436395269,7.47785793207636e-09
299,1310.0,0.5185452334722505,725.5852353200316,-2959.569409489632,324.246398172689,0.2330211949647858,1.6417316721653816e-08
300,1169.0,0.5213640280300752,704.4983236119151,-1962.674954161048,280.690882555029,0.2177302799243754,9.80320498624852e-09
301,1186.0,0.5097604498919099,713.0632806196809,-1899.8040553182364,278.8878615217878,0.0336205305448064,1.585129872691585e-08
302,1198.0,0.5223579753143713,735.5303030833602,-3381.533807516098,321.5914258460241,0.285054646887963,2.241894392081361e-08
303,1212.0,0.5293562914757058,715.3001089394093,-2760.104947909713,301.88369401579774,0.3657223052519917,1.2981556790310968e-08
304,1246.0,0.5196163119934499,751.588807143271,-3293.133247643709,276.9742677235879,0.1855930506496624,4.060932566575252e-08
305,1273.0,0.5142867591604591,675.3389864787459,-1343.9709272235632,199.57454038920883,0.0277369593667776,7.862730256881507e-09
306,1289.0,0.5117472477722913,705.7532023638487,-2881.211670488119,317.8031468916004,0.1247480312155443,1.1298707153217937e-08
307,1307.0,0.5272269978467375,685.523929335177,-3499.03714992106,326.57667049413544,0.3614975037836434,6.906696179000542e-09
308,1313.0,0.5195506953122094,696.4249549433589,-2384.625619277358,310.7432022166741,0.2298193820690731,8.283540213101491e-09
309,1334.0,0.5120277031511068,734.7357488423586,-2573.726404085756,283.41973393549097,0.0759709744297935,2.575111489912449e-08
310,1218.0,0.5103514782106504,727.7931326627731,-2857.824970409274,291.1773898317187,0.0621360970081269,2.3170568436893143e-08
311,1230.0,0.5200973654258997,719.864656701684,-2648.5318288207054,319.8458317344478,0.2498605510468967,1.4023555371709837e-08
312,1254.0,0.516825561565347,710.4430254921317,-3053.711636736989,330.6122311477455,0.2166795096245118,1.1250547644780209e-08
313,1277.0,0.5106099428283051,698.6342336237431,-2487.2232154011726,303.280991656691,0.0853194187662438,1.0164873416282888e-08
314,1305.0,0.5167160863243043,677.7785657718778,-2174.0016728639603,274.6629637149534,0.1368859844934414,6.211105017462268e-09
315,1325.0,0.5069538458064199,689.3533821776509,-3135.764443874359,297.8134369240121,0.0211321955585725,1.2022968942756193e-08
316,1329.0,0.5202069268329069,671.9000251591206,-3598.7051133066416,322.3820175416939,0.2547314006542058,5.509974121319232e-09
317,1353.0,0.5126505974121391,665.5989396199584,-1765.8116217702627,238.95540684368063,0.0293301266581637,6.662132615200773e-09
318,1241.0,0.5156450238963589,681.2970269843936,-2288.7006886303425,292.5473779122641,0.1454117818616563,6.492346620101357e-09
319,1270.0,0.5116817172570154,746.2174686789513,-2016.0860639065504,243.60094034322788,0.0180440699305013,4.490754849805888e-08
320,1309.0,0.5087930541718378,699.9447441846132,-1657.000074908137,277.7425730358803,0.0166663262433455,1.3092789731999094e-08
321,1238.0,0.5130425459332765,736.970975548029,-1603.9494507014751,239.6182618232603,0.0364421106761536,2.771683865720344e-08
322,1302.0,0.5133886930113658,740.0277718156576,-1045.4577639698982,195.87069119145391,0.0104016505448423,3.5692720518284595e-08
323,1337.0,0.5153580256877467,687.2818929329515,-1459.5761943608522,230.8130147279,0.0669472176664346,8.003130259305957e-09
324,1363.0,0.5327702260948718,708.7398708239198,-2946.308635175228,299.82741961716573,0.4151155851415196,1.1260566216540593e-08
325,1268.0,0.5238239273475483,738.9628259837627,-3334.11780372262,311.0672987872814,0.293657378100946,2.5428441759141814e-08
326,1292.0,0.531234430721961,723.1396354734898,-3238.1956961005926,312.2528897566058,0.4048379158111054,1.6181641631838225e-08
327,1320.0,0.5374269894184545,736.7249370738864,-3436.2796012312174,160.44884878973147,0.4108528310203982,2.768412989869313e-08
328,1345.0,0.5172904263995588,680.2191456407309,-3230.156834051013,324.83152765918265,0.215612520688422,6.285706901148045e-09
329,1366.0,0.5128384617203847,721.1192920431495,-3531.706093624234,326.49857895738654,0.1535381136033855,1.6008015770259252e-08
330,1348.0,0.5255276093492285,729.9236939847469,-2912.0575435459614,307.54634687873875,0.3147608777128308,1.9101257281231988e-08
331,1385.0,0.5140088849468157,690.1023240014911,-1810.7199646532536,277.398767300072,0.0980592798909153,7.814861157397589e-09
332,1464.0,0.5358373405691237,717.966887652874,-2830.2409183233976,230.3368039003369,0.407489446877291,1.4981732172444574e-08
333,1326.0,0.5218043468799443,721.3815002143383,-1706.68759457767,227.7872883217672,0.1720619579870233,1.5205596514729062e-08
334,1332.0,0.5227748217340559,742.0196955651045,-2999.6648132801056,290.6284657793301,0.2522066557504647,2.81834698834453e-08
335,1350.0,0.5149015128752217,752.2076407074928,-2437.981851026416,229.79557108720016,0.058512903502316,4.5672882793665163e-08
336,1373.0,0.5096942323958501,678.7032280489802,-2765.4512710869312,299.65997432590405,0.0657155762222364,7.2755602270450785e-09
337,1433.0,0.516501986742951,694.555425979197,-3402.8852239251137,333.56682083215645,0.2159983230809517,8.098982273546803e-09
338,1438.0,0.5188910932186991,742.5495515391231,-2602.801372110844,279.61239916025664,0.1776602507360951,2.84035798243817e-08
339,1341.0,0.5102420002873987,664.1912730783224,-1919.8874942958355,264.23953379058617,0.0197213970311755,6.8259393197427315e-09
340,1357.0,0.5075438418099657,702.75205925107,-2065.272764861584,285.95648370161314,0.0103805945368534,1.6578388198404682e-08
341,1387.0,0.5243108850764111,667.3569604381919,-3185.6711369007826,270.7634697044901,0.2522543551618637,5.339032720718189e-09
342,1401.0,0.5145001104893163,661.365964859724,-3019.565476477146,285.83941267858523,0.1179664094606045,5.003943632336577e-09
343,1417.0,0.5112805377459153,658.7878490239382,-2355.525217205286,263.1106319336832,0.0348387814935926,5.816429111916008e-09
344,1462.0,0.5124068659590557,747.7544926851988,-3099.387108162045,268.9278118458356,0.0607757677569906,4.205652769360546e-08
345,1469.0,0.5099726150138304,707.2052041441202,-3204.8012919723988,313.5864406725923,0.0921131410963612,1.2991060433919633e-08
346,1390.0,0.5212977219372988,747.4714357033372,-2815.028927475214,260.7540606818089,0.1929787905007835,3.451271932795393e-08
347,1403.0,0.5266321930615232,699.0820261836052,-2544.6520764380693,298.59714018494145,0.3208100411239323,8.868175372038041e-09
348,1419.0,0.5235223117703572,696.0351746529341,-2781.490669772029,319.9104311478857,0.299989870975672,8.25685006662186e-09
349,1436.0,0.5306769346259534,735.3022330626845,-3084.793718531728,263.8184257137645,0.3467265388121079,2.3685115452268425e-08
350,1443.0,0.5295725817512721,706.1617545410991,-2260.295666009188,225.1979164123184,0.3001712960061023,1.102340759354062e-08
351,1449.0,0.5127292677760125,698.0275972932577,-1277.2565837949514,248.0186110369271,0.0399475533855805,1.0158170018190645e-08
352,1457.0,0.5196958536561579,685.1410114765167,-2088.923655822873,271.25432905928244,0.1796215949047516,6.886040571702953e-09
353,1406.0,0.5177358538936824,711.0583797842264,-2226.52617841959,309.0106611803293,0.2004752728894722,1.134425461506239e-08
354,1410.0,0.5109005724126473,736.3598760217428,-2137.6221913844347,263.8444014681661,0.0297347322841186,3.0845691302941414e-08
355,1422.0,0.5208662069775164,714.1052778065205,-3366.8787337839603,334.42181046406165,0.279340659132397,1.214051143842769e-08
356,1460.0,0.5230990522308275,725.0018102675676,-2674.341760575772,311.6115271457581,0.2835789285272048,1.62706503908958e-08
357,1475.0,0.5290656618913636,689.7015538066626,-3327.24047228694,321.8028745517857,0.3830089523085992,7.473801558208734e-09
358,1492.0,0.5249703343678266,711.635853908956,-3403.844851255417,333.8113910033764,0.3371483575564661,1.1598550827110321e-08
359,1505.0,0.5184374574106186,687.9439782351255,-1624.3460811674595,221.0456071992668,0.111090817831237,7.8290666216276e-09
360,1513.0,0.513585777496919,673.3254602178931,-3313.530226796865,317.64236583345325,0.1514747738648072,5.878416426145573e-09
361,1547.0,0.5235704872198403,678.5663402825594,-2976.890853792429,304.48046376931893,0.2817337731674246,6.106009183461144e-09
362,1446.0,0.516056833001785,723.6974262073636,-1942.1758364886043,285.1278078594806,0.1410719934043677,1.5883167782803472e-08
363,1459.0,0.5319815719872714,677.4176134169102,-3470.0199231505394,284.79533569488126,0.3877600641466949,6.190051794577843e-09
364,1473.0,0.5169885112950579,666.978155747056,-2008.3508547395468,200.24035312682616,0.0740624268760549,6.233879440588965e-09
365,1478.0,0.5151595570985228,739.188893288374,-2787.76839338243,295.3397646381196,0.1420758327994294,2.6301594357889128e-08
366,1485.0,0.507044184114784,659.7381246089935,-3512.052726745605,295.8883268407629,0.0192648326873612,6.906162967745611e-09
367,1489.0,0.5220453864848241,699.4718104973435,-3046.854877844453,329.95784387186285,0.2907688364283832,8.80737258166999e-09
368,1526.0,0.5119030886841938,713.393486700952,-1534.013231098652,266.7311390401449,0.0497148580371931,1.3934498794475285e-08
369,1545.0,0.5119391417223961,685.8502655476332,-2502.843002602458,304.0596879985534,0.1065161849069424,7.479695901964912e-09
370,1561.0,0.5165502849034965,650.8375089243054,-3255.49459643662,243.91499616047312,0.0983631974069283,4.804397918013375e-09
371,1566.0,0.5184130803635344,722.9862194880843,-2466.943814232945,312.2192078309177,0.2149439248512425,1.5276534096908975e-08
372,1570.0,0.50940630949568,718.5299640148878,-1619.5692244917154,270.4215416090462,0.0152175483229905,2.0444883290267852e-08
373,1577.0,0.5133027613209561,676.5743897110224,-1078.000395745039,201.18830861418667,0.0119191892099122,9.158776712932034e-09
374,1501.0,0.5094691363442689,691.9315158948302,-2471.724211424589,297.0877496173308,0.0581448328901769,9.499084332652864e-09
375,1529.0,0.5141538322344422,708.3313217759132,-2669.808116555214,320.3353761812137,0.1637110585456975,1.1112302771002692e-08
376,1550.0,0.5206455587828532,750.3241103887558,-3502.878026291728,289.92247377953413,0.2185484101683298,3.8586232729723655e-08
377,1617.0,0.5222680429834873,675.9247900918126,-2908.387899398804,298.8021678285434,0.2549053842614528,5.8528924604285505e-09
378,1644.0,0.5333834378328175,712.7865155413747,-3030.274524539709,301.20603617970147,0.4257625388909085,1.2443952356075653e-08
379,1506.0,0.5090354669839143,722.7763567492366,-2983.21472145617,290.1698736308856,0.0402929024042223,2.282681042951184e-08
380,1511.0,0.5337517994688824,703.3034377172589,-3579.1573852300644,328.04489255541137,0.4571188726976886,1.0026575496108302e-08
381,1518.0,0.5217648504721001,730.5071159079671,-2296.4629612863064,284.46583395494014,0.2287707216877272,1.9034004395702444e-08
382,1532.0,0.528807030809112,720.5615053325891,-2130.3059969097376,153.35437447386352,0.2595703853597415,1.626990640433815e-08
383,1559.0,0.5371641715755686,680.8155288919806,-3412.137232348323,230.94886333731048,0.4298849545952838,7.1836201147883454e-09
384,1572.0,0.5276656740531326,734.1237984970212,-3574.3796836584806,318.3925105536187,0.3588526474779296,2.216841280587041e-08
385,1587.0,0.5320301719801501,697.2155475616455,-3160.221164301038,312.53777380300835,0.4169089082523576,8.730385449041343e-09
386,1604.0,0.5253171759704128,717.5207607448101,-2503.80598269403,302.6106855434656,0.305703104481874,1.3433230092032053e-08
387,1625.0,0.5159995015803724,690.54472386837,-1222.7365717291832,182.66725562849777,0.0485466701824187,9.140616000476222e-09
388,1641.0,0.5138087069941685,702.0433772727847,-3569.849606975913,333.2687598946225,0.17713795389079,9.738135380992276e-09
389,1542.0,0.5142118469486013,735.8817316964269,-1366.993131861091,215.3741465069529,0.0362012868544983,2.6228504715757098e-08
390,1553.0,0.5217185110785068,695.4574427008629,-1794.8817048221829,236.6914898528782,0.1772579209482406,8.595608727051735e-09
391,1590.0,0.5121859541535377,716.7065567523241,-2842.232649028301,314.56901532644724,0.1263007095321822,1.4574447049639905e-08
392,1601.0,0.5174700103513896,707.6489689201117,-2146.904408186674,305.6519335205297,0.1918196877003199,1.051617698808404e-08
393,1569.0,0.5193409432144835,691.9560996815562,-2988.8748832046986,327.52457241446393,0.2488043476346373,7.631362619878519e-09
394,1574.0,0.5155783956032246,741.869154907763,-2199.456352740526,260.1113964198516,0.1001298882069687,2.8862836166027364e-08
395,1597.0,0.5104565589036792,667.2521617263556,-3454.0179681032896,307.2935988014581,0.0893711695382748,5.819946236473797e-09
396,1622.0,0.5126938993716612,731.1875161156058,-1887.7105951309204,266.1878939244705,0.0616056866811698,2.216993182325545e-08
397,1666.0,0.5111158096278087,711.273792013526,-3221.754267811775,319.29388935209425,0.117765482786188,1.3348274307651031e-08
398,1671.0,0.5359203753061593,698.8689725100994,-2921.342113986612,258.7467254112314,0.4268460995532281,9.433365260722698e-09
399,1699.0,0.5297095856349916,686.2189958617091,-3116.789340600372,302.37052005454007,0.3715781802852382,7.042366968463663e-09
400,1716.0,0.5229119205428288,722.4426306039095,-2745.09236253798,317.50074707147803,0.2881102102676213,1.5137267856887852e-08
401,1620.0,0.5249241712456569,753.9328725263476,-3212.77316249907,180.02711081498728,0.2007591961025825,4.878676159717885e-08
402,1629.0,0.5095098419254646,653.604222945869,-2612.083488330245,273.0251063277901,0.020732652061026,5.983938374394782e-09
403,1713.0,0.5198987392988056,702.7270883321762,-3284.6768260002136,334.18493033673815,0.2652555195098261,9.40193047040326e-09
404,1613.0,0.5077048863330856,684.6911670267582,-3371.766519919038,303.7924555636314,0.0424777188974542,9.557753330035516e-09
405,1657.0,0.5146357437642292,666.2689052522182,-2413.560089841485,267.3309488245007,0.0941274914630627,5.528687119086191e-09
406,1661.0,0.5109640771895647,704.1301855072379,-969.282404333353,247.59636432260564,0.0106031552271373,1.4102592725353109e-08
407,1676.0,0.5313712565321476,741.2958002090454,-3378.4245036542416,250.40756012615324,0.3466550962708751,2.9884166795000016e-08
408,1697.0,0.5191595349833369,678.971684537828,-2698.740481585264,303.9864119908038,0.2148610368093608,6.128920883020427e-09
409,1662.0,0.5179037568252534,736.6192791610956,-3196.398839727044,317.47765696203487,0.2145935207053493,2.3143134300646494e-08
410,1689.0,0.5163251989940182,697.5902328267694,-1981.2548372894528,293.43588052511905,0.1571089403804798,8.602751069082226e-09
411,1737.0,0.5119861683482304,709.7716466709971,-1517.556195706129,267.2192775425095,0.0517117032217393,1.2691432587581144e-08
412,1752.0,0.5350722232228146,714.2348471656442,-3494.259548932314,320.6698652135408,0.4694545343965028,1.3016722883422871e-08
413,1796.0,0.5261740534892306,716.4493972808123,-3167.097744718194,327.79247522019347,0.3476496203694856,1.3127140999066332e-08
414,1650.0,0.5079855008004234,713.8519257307053,-2083.1578217446804,282.1455541809355,0.0110293576319895,2.136247417643978e-08
415,1659.0,0.5264979746518657,688.552830517292,-2839.5255893468857,304.9495148050672,0.3262184018985802,7.255481558067701e-09
416,1675.0,0.5233674497390166,691.5997254103422,-2599.116399139166,307.7144376159025,0.2827219124003596,7.596201205064696e-09
417,1686.0,0.5140497364569455,724.435083642602,-1296.1740095168352,233.4643754619521,0.0474497785871612,1.8047710318239232e-08
418,1692.0,0.5308901642076671,717.2396206483245,-2338.16246688366,195.58169987120704,0.3086978678969773,1.4735247940675742e-08
419,1702.0,0.5158917155442759,728.6093967035413,-3473.6703626811504,328.2358678083317,0.2000364360603964,1.833894178199465e-08
420,1725.0,0.5101102693332359,680.2380654960871,-2235.8085092157125,287.29157709306094,0.0522491628964765,7.4477978548437025e-09
421,1745.0,0.5218561894958839,688.9092016592622,-2330.106358230114,291.00749543800333,0.238576451572067,7.2403092347225845e-09
422,1758.0,0.5195805554650724,728.8900370150805,-1652.223318815231,225.38677030536107,0.1332384611154328,1.868116229459041e-08
423,1673.0,0.511439472711645,668.8470358401537,-3074.029859527945,302.4185789060297,0.0964468100888306,5.788521827715403e-09
424,1678.0,0.5210134662874043,733.572423607111,-2059.507044777274,256.88730393168925,0.1842547780187889,2.1051743246864457e-08
425,1729.0,0.5171571089187638,664.3920824676752,-3428.225118666888,306.1949397326576,0.1878984540227906,5.0070479074249355e-09
426,1734.0,0.5152945064101369,712.2534547746181,-2631.7611761391163,320.7896681284127,0.1810092322902597,1.1940903537850064e-08
427,1757.0,0.5092957322020084,696.8742709979415,-2965.229685232044,307.0271116935358,0.0716047432917618,1.0686919414227274e-08
428,1762.0,0.508850397914648,725.8389727398753,-2379.845108091831,278.0887743735196,0.0181074244915661,2.707368899336792e-08
429,1750.0,0.5131496223993599,744.4472707435489,-3338.052825629711,289.6902959452134,0.1028490276143273,3.471489798482947e-08
430,1794.0,0.5105519250966608,730.871355868876,-1521.469609066844,256.5346105590597,0.0145351274850009,2.784843566009232e-08
431,1814.0,0.5135067504411563,732.9584001377225,-2995.7308910787106,307.23581406133826,0.1348396145335518,2.23955448728222e-08
432,1771.0,0.5241771772503853,708.0140407010913,-3444.572082906961,334.87772125686075,0.3270532618270197,1.0634204905512696e-08
433,1805.0,0.5082984352996573,691.1537352949381,-2657.703974470496,296.0393604660954,0.0386193401795705,1.0377320361798249e-08
434,1833.0,0.5130834028916433,703.8182595744729,-2459.180575981736,312.29187369081654,0.1361307246416018,1.0299810225808049e-08
435,1854.0,0.5170908034965396,727.3451335728168,-2481.5674658864737,308.01653626651006,0.1894725354794754,1.7414113904242862e-08
436,1885.0,0.5098177776252851,686.4722637832165,-1293.3050751686096,263.9649392758511,0.0125442572952737,1.0100765313339297e-08
437,1889.0,0.5187915978906676,682.0085698738694,-1908.2106783986087,244.14698619226272,0.1354028243683328,6.8654433344494764e-09
438,1769.0,0.5134405311848969,655.2906569465995,-2119.5365589112043,222.48580293859067,0.0283501518311132,6.118652177969582e-09
439,1774.0,0.5216093071596697,718.0643536522985,-3126.5895288437605,330.4703607509985,0.2851325812296865,1.3419270921402332e-08
440,1785.0,0.5143663698062301,683.272131383419,-2710.6760401278734,312.8480401617441,0.155941467858786,6.781215171530186e-09
441,1851.0,0.5257286441000179,687.4845641106367,-2177.097284048796,208.53026864042883,0.2266398536124112,7.801263748786948e-09
442,1896.0,0.5367746680555866,724.1826936975121,-3072.253952175379,243.08766944983464,0.4301427827281251,1.7638372066612003e-08
443,1793.0,0.5181954160425812,698.3790647983551,-2862.602671980858,327.4271167721605,0.2321554906614165,8.63159411591589e-09
444,1811.0,0.5336970562953502,692.2113637253642,-3594.770332798362,322.75541103562057,0.4513643785060584,7.981238789252936e-09
445,1849.0,0.5154046719847247,679.7611642628908,-3495.994150266052,328.2862764236393,0.1930906685705624,6.328486408631405e-09
446,1892.0,0.5269848139863461,731.9133969768882,-2434.061433747411,242.44351382641585,0.2686597423602094,2.0873633192286042e-08
447,1910.0,0.5115489488746972,719.1548232734203,-2153.670696169138,288.86586734531045,0.0769267841665302,1.614381396962908e-08
448,1923.0,0.5282170449057594,704.3467527627945,-2738.3257526904345,308.0112111967994,0.3554307788729223,9.966392783064111e-09
449,1788.0,0.5286295510502532,730.6475857645273,-3296.176488697529,311.72484237440415,0.3656859974639593,1.994156947375429e-08
450,1812.0,0.5241108749294654,740.2057168260217,-2577.716371044517,254.91424544225973,0.2324521256243278,2.678850248827937e-08
451,1821.0,0.5089605608070269,662.4091679230332,-3297.911063209176,295.44465583096286,0.0477319528017001,5.939778088022871e-09
452,1830.0,0.5157078423630447,714.4569317251444,-1774.484323337674,282.09105541531767,0.1313303955953777,1.2553154897475241e-08
453,1857.0,0.5173371585272253,672.7396177127957,-1728.1121615320444,172.5129104662106,0.0672770719564511,6.9126511020287945e-09
454,1883.0,0.5279902791790665,700.8777428790927,-3022.621578723192,321.5117616329933,0.3670287939973936,9.252129068169416e-09
455,1865.0,0.5124886000342668,688.2954493165016,-3188.780253008008,323.65633403845834,0.1443116983196093,7.696184946106206e-09
456,1870.0,0.5199643550580367,745.5356987565756,-2393.0879283696413,242.5753669490352,0.1532524311305098,3.207738685266496e-08
457,1881.0,0.5159572453889996,663.1250694021583,-2541.542102023959,257.41984161617887,0.1030589563831527,5.341591799806946e-09
458,1886.0,0.5190499733248726,713.042015619576,-3548.4989415854216,335.879936707836,0.2553010141087746,1.1834580911107532e-08
459,1894.0,0.5162596687301994,754.1607136651874,-2916.0335496068,246.6682690111429,0.0963143877668148,4.7078720392242274e-08
460,1891.0,0.5307806853624061,674.7319688275456,-3234.131981804967,245.22441979351163,0.3331110198112613,6.241522360618228e-09
461,1917.0,0.5111813421547413,676.7271506786346,-2343.459041789174,288.86435792817923,0.0712575909754749,6.660366299283237e-09
462,1933.0,0.508051033327356,674.149020537734,-3032.108662649989,297.4980993586373,0.0372676508305616,7.628003980743786e-09
463,1945.0,0.5163674444565549,672.485853806138,-1556.310602277517,159.42445538043523,0.045584696122472,7.29496339512859e-09
464,1961.0,0.5127594292163848,660.5469535663724,-2777.55501754582,276.87032303151784,0.0776622448105016,5.226298341764882e-09
465,1979.0,0.5254267403110862,670.4939157515764,-3398.8961286842823,296.0772280937696,0.2995041664680907,5.451178566152455e-09
466,2012.0,0.5301214078161866,718.775571770966,-3452.334784716368,327.275386001743,0.4040230251552776,1.4273437996307604e-08
467,2025.0,0.5136599003430457,680.5708134174347,-1644.4674029946327,251.64026712016712,0.0591572207102337,7.194132721410853e-09
468,2040.0,0.5362109911441804,736.1259382218122,-3253.811386227608,151.2806637990831,0.3877463863436008,2.7417768352431133e-08
469,2057.0,0.5118400753801688,655.7438147068024,-1849.8046718537807,237.09418899768704,0.0141450540290683,6.8185333630921315e-09
470,1913.0,0.5145028168382123,699.1201530024409,-1039.4106231629848,199.5623003552281,0.0314063579032285,1.1019178160940042e-08
471,1942.0,0.5137431767303496,749.7075656428933,-2677.3821987211704,253.64920247626668,0.0628040278891643,4.235111925963756e-08
472,1954.0,0.5096193207707256,738.1311613693833,-3515.674520283937,280.93882015954875,0.0346044530246397,3.7900548781283614e-08
473,1959.0,0.5347809180570766,690.7593771442771,-2934.2115473002195,239.92603250369856,0.3953829969487626,8.236393184798958e-09
474,1966.0,0.5221584813250228,716.08891364187,-1988.9081049710512,277.6937579537598,0.2264341748620027,1.282109367754378e-08
475,1977.0,0.5150038905721158,692.7485512942076,-2080.892337486148,296.05109806004725,0.1407510297988794,7.954062812290886e-09
476,1907.0,0.5314367894781754,706.9248690456152,-2524.285439774394,257.79098588251003,0.3536662314139424,1.0943403978859713e-08
477,1940.0,0.5245780134387314,726.9915132597089,-3096.288935467601,321.51731526298846,0.317312710171355,1.7388716634614514e-08
478,1986.0,0.5105227754777297,724.7633683681488,-2561.193745583296,289.3933957268585,0.0619415520428468,2.06192537830071e-08
479,2009.0,0.515512176095508,706.3963789865375,-3147.8302236646414,331.0176710704966,0.198393421076861,1.0403464058983313e-08
480,2033.0,0.5207118637859821,701.4259203523397,-2624.885132163763,321.22662125270864,0.2606059135733617,9.1473692448508e-09
481,2046.0,0.5180848391680047,720.7676242664456,-1496.287927776575,235.8966907759052,0.1164461028102552,1.4936289683523337e-08
482,2050.0,0.5108024753117933,728.1708435714245,-2644.2763064056635,288.77551133738814,0.0652774702738,2.2515660885744363e-08
483,1926.0,0.5147452199272812,721.7329574376345,-3264.197047054768,327.61940228286693,0.1826588258735697,1.5376112747814162e-08
484,1974.0,0.5123766937898472,725.2335639670491,-945.2073153108358,224.25245700158712,0.0119048706620356,2.2500439412479417e-08
485,1980.0,0.5292227623937652,733.3298696577549,-2606.735307723284,214.569314305697,0.2886539987730778,2.2639030828264386e-08
486,2059.0,0.5236700337613002,708.4964908659458,-3174.654808267951,331.8245672251134,0.3162852678761782,1.0729328431115416e-08
487,1937.0,0.5212187817180529,686.9304357096553,-3466.924325376749,332.379804151827,0.2818733386203991,6.9869874022445315e-09
488,1949.0,0.5084385757334531,709.1631479933858,-1826.7790038138628,279.5969768980157,0.0140283888994389,1.7262094364564522e-08
489,1953.0,0.5192017053440213,706.1048737168312,-1316.6813615709543,166.32396407697848,0.0971284048767979,1.1432944505602193e-08
490,1963.0,0.5248585528042168,697.8308913484216,-2359.5134541392326,291.60618266778675,0.2854181788506401,8.597010161566895e-09
491,1982.0,0.5175356261106208,740.6138145923615,-3080.803764984012,306.6123091872592,0.1941462435595543,2.6641800465700627e-08
492,1993.0,0.5122961197281256,675.3080587089062,-1935.469502583146,268.29772715953345,0.0581401984328639,6.6220502112609705e-09
493,1998.0,0.5202885754127056,732.2670141607523,-2718.404382839799,308.930379016059,0.2383810738425053,2.001799894660637e-08
494,2022.0,0.516616504159756,737.4115445837379,-2309.716245532036,280.6642346016259,0.1435122090176206,2.4069643755294963e-08
495,2036.0,0.5236807356076315,713.4025023877621,-2025.866350159049,272.1661223834476,0.2438593635706663,1.2101386875383708e-08
496,2045.0,0.5107915370957926,693.7318690121174,-2893.716863170266,313.7200615313834,0.1044186316603173,9.083907888595677e-09
497,2078.0,0.5182915584836155,752.9195855930448,-2209.4124108552933,152.59546514356416,0.0766453947934177,4.5776158934253184e-08
498,2089.0,0.5132038129121065,706.5041522681713,-1783.744240924716,283.72417270816834,0.0947197064394159,1.0956972072655716e-08
499,2104.0,0.5352721582259983,716.5648923069239,-3336.8420597165823,309.9727293705402,0.4625023571430822,1.3830689895665753e-08
500,1995.0,0.5225104003911838,682.5626942515373,-3317.45148897171,326.059784528099,0.2927375824589731,6.4991408310381875e-09
501,2017.0,0.5183028292935342,665.0128932669759,-3330.2974194288254,301.9549547956923,0.1991801029165043,5.0328490353929956e-09
502,2110.0,0.5169252458633855,732.1594125404954,-1354.3722320348024,184.54256081382096,0.06527368582806,2.195122938763461e-08
503,2086.0,0.5155012382147833,711.7709384486079,-2448.1707986444235,316.10339082149073,0.1773843636854031,1.1769293874816594e-08
504,2100.0,0.5225214888108894,739.5299392938614,-2167.7832663059235,217.1025632019141,0.1771911421244204,2.6454448318705692e-08
505,2115.0,0.5292118456354366,684.830109924078,-2820.478344708681,271.5753497709828,0.3308511048307818,6.9843507454334485e-09
506,2062.0,0.5207007971592248,720.4254721850157,-2860.3741250932217,324.834778114888,0.2650282253264111,1.4241562348100288e-08
507,2076.0,0.5305774494819343,730.1669022813439,-3590.7356534153223,317.6208065709787,0.400711850390423,1.9899125203816183e-08
508,2113.0,0.5175468540051952,677.5535097718239,-2402.669818326831,287.85400516427467,0.1679747365463133,6.0679736938223795e-09
509,2118.0,0.5149926090333611,725.3418549150229,-3181.1144661158323,324.661207324921,0.1820806985355214,1.6931764924192444e-08
510,2155.0,0.5245669679343701,694.8672189190984,-2445.182107016444,296.4402511073312,0.2868564454856905,8.10216726712286e-09
511,2185.0,0.5115377424377948,698.7776620686054,-3275.3244258463383,324.3077177115589,0.1314816553751289,9.748015987536052e-09
512,2073.0,0.5166277427831665,680.9127938374877,-3008.499339222908,320.292023005978,0.1997735887347073,6.378456634634933e-09
513,2102.0,0.5122854068176821,746.7772586643696,-3493.498576059937,280.9393837450014,0.0762467596470849,4.0550918575792944e-08
514,2109.0,0.5105115371895954,697.3256602883339,-2811.5140669047832,310.91155491637323,0.0958879830021802,9.932149386138237e-09
515,2132.0,0.5248692975658924,723.8332832232118,-3009.7439512610435,321.55531427677425,0.3216016662731114,1.5894321349858852e-08
516,2153.0,0.5137539325561374,672.1438199654222,-2920.349619537592,305.4199617305115,0.1358134004177956,5.764756570990126e-09
517,2201.0,0.5162485806457698,667.690685801208,-2679.995347559452,282.7285596029454,0.1406563611817607,5.364348437145996e-09
518,2242.0,0.5103158279228955,719.9535818770528,-1435.751174390316,262.46902721801786,0.0184879849899408,1.9594077861760188e-08
519,2081.0,0.5194620787724853,662.0601991191506,-3248.14779125154,282.7366112965512,0.1907123313093291,4.903627807445118e-09
520,2097.0,0.5202993419673294,689.3898225575686,-2482.037341967225,307.34757947335964,0.2364465785967427,7.281212640179089e-09
521,2169.0,0.5147561148926616,696.1995140463114,-2163.0951538681984,302.44057219642843,0.1464344260328678,8.509234402611461e-09
522,2233.0,0.5147941951779649,688.1872728094459,-952.8124038130044,156.45070231333509,0.0172334922761272,1.03847149962737e-08
523,2146.0,0.5084498569369316,712.6919792965055,-3377.2200006991625,300.6690981956471,0.0485427932474002,1.7786544901197524e-08
524,2166.0,0.511381847630255,722.0757916942239,-1028.235849738121,241.96398767594133,0.0114112252055206,2.1164430060427127e-08
525,2172.0,0.5282282617362216,713.9702460169792,-2523.704667761922,290.2164671240257,0.3355615263926067,1.2466213480202344e-08
526,2182.0,0.5145137443253771,719.0289111062884,-789.6394036710262,161.73926668595678,0.0143183139396183,1.8868681538972103e-08
527,2188.0,0.5314259049063549,711.3921444863081,-2732.416544482112,287.8809321608884,0.3823187439782953,1.1923348836550156e-08
528,2206.0,0.5188026323309168,739.883098937571,-3466.350580751896,318.8839272962824,0.2296598686904064,2.579661188503505e-08
529,2212.0,0.5279791800305248,720.7864169403911,-2351.8542654812336,261.036599018973,0.3008061237434061,1.5026335594872297e-08
530,2228.0,0.5230102465953678,752.5110258162022,-3392.830239236355,261.08161027888,0.2208928574810789,4.325038135266937e-08
531,2237.0,0.5100558248069137,650.3403906524181,-2426.540321856737,263.3408693283332,0.01550165492248,6.170167246861147e-09
532,2241.0,0.5170797261409462,694.3117170035839,-2724.2026146501303,322.8151683070191,0.2098212449207549,8.030160201889184e-09
533,2125.0,0.5076285978965461,654.7935105115175,-3117.773513495922,288.81097280428446,0.0164018552386187,6.477083886523002e-09
534,2129.0,0.5221695908671246,705.9964111074805,-3552.64234431088,336.29611836871794,0.3001488912129694,1.0106564354646503e-08
535,2141.0,0.509608425470069,683.536732532084,-1966.109854727984,281.36300929162263,0.0350989102871731,8.347652222884036e-09
536,2151.0,0.53435818456579,702.1658138558269,-3073.493917286396,299.4374663754435,0.4387631543740444,9.796306431138613e-09
537,2158.0,0.5212080580787734,734.9612469598651,-1902.3086048662665,220.8805698380069,0.1574606280869105,2.2553644614990164e-08
538,2173.0,0.5110628217505291,674.0264816954732,-1668.0147673934698,260.1827962531505,0.0274670604937866,7.315297396631184e-09
539,2178.0,0.51117064030841,741.194397509098,-3029.275800660253,276.6955722940477,0.0524236158698632,3.545297904304339e-08
540,2221.0,0.5064986729249358,686.1148376390338,-3529.2180463671684,300.2382968601842,0.0183347809144687,1.2033831602644648e-08
541,2225.0,0.5199534815503285,672.6316117495298,-3092.198358848691,307.3561810719573,0.2312930455245735,5.570355474305841e-09
542,2244.0,0.5257178886095062,734.6080841869116,-3306.4346842467785,314.1617643448561,0.3253910028328418,2.221146549515333e-08
543,2269.0,0.5091963144904003,666.766052134335,-3159.457837790251,297.42109817480554,0.0545397440326074,6.189523181841521e-09
544,2203.0,0.5269955265615136,689.9453204497695,-3105.7067949324846,319.00630802977327,0.3497253325053224,7.450503395958291e-09
545,2209.0,0.5190392389567569,709.0432952716947,-1991.23880378902,293.8195947208597,0.199149000849275,1.0791228876597011e-08
546,2230.0,0.5124995057284832,729.7949707508087,-2068.008004501462,276.1382300938615,0.0725072431424056,2.1233754266216044e-08
547,2249.0,0.5120416213013231,679.8693946376443,-1260.0329529494047,238.73507301692533,0.0190585782374711,8.521552604805798e-09
548,2259.0,0.5325375464744866,696.729380749166,-3452.797955274582,323.9244833797391,0.435642183579032,8.670678382685062e-09
549,2281.0,0.513495887662284,685.3659244254231,-2317.266174405813,299.4802703323501,0.1229777116844351,7.136995373548529e-09
550,2286.0,0.521509972512722,747.9977300390601,-3320.817681401968,288.83927470963374,0.2304463315611306,3.5211641637549086e-08
551,2297.0,0.5142454595537856,653.165670260787,-3412.9128366708755,278.4120128895708,0.1032217099210305,4.641753338603569e-09
552,2308.0,0.5260748609993607,746.5512771904469,-2971.0992470383644,222.4227362160212,0.2400140941774615,3.522996060496268e-08
553,2321.0,0.5216202239179983,700.0334279611707,-2469.439361616969,313.18068417305085,0.2636648195905027,8.898296970759251e-09
554,2278.0,0.5168673976138234,732.6160763949156,-1631.637827306986,236.171006298872,0.0965173371666805,2.1067871443565948e-08
555,2283.0,0.524122156132944,678.1112897768617,-2791.5680911391973,287.03613751762333,0.268508069978163,6.10640013915417e-09
556,2290.0,0.5082871862826869,730.7489920407534,-2885.507794842124,279.56374908347726,0.0116059074358972,3.688085644635504e-08
557,2313.0,0.5117064658319578,682.9264363273978,-1374.7628543525934,250.7156084213284,0.0262714952305547,8.412825269053621e-09
558,2334.0,0.5185975187364966,718.4101059287786,-1790.6208481639624,274.3543857356956,0.1661673863196298,1.35792184169096e-08
559,2345.0,0.5131608714163304,673.884448222816,-2201.6849264502525,277.98707372727245,0.08559355132483,6.151857833661002e-09
560,2364.0,0.5289092135010287,720.1681124418974,-3154.2573999613523,320.0271192443032,0.3788289621030076,1.4711657896975138e-08
561,2246.0,0.51541571715381,742.324139252305,-1931.271034106612,238.40060507559045,0.0744848350566499,2.997795899921547e-08
562,2289.0,0.520500968103297,698.721331320703,-1498.5638692975044,179.28016443788576,0.1244415747496848,9.719995416020898e-09
563,2299.0,0.526185109722428,705.4496107250452,-2038.6418256908653,240.4533465890012,0.2539674847594971,1.0519638941184322e-08
564,2350.0,0.5218449726654217,729.0013608708978,-2988.13629001379,320.51711741163683,0.2762393689078386,1.8192643173557013e-08
565,2370.0,0.5101213574176654,737.6761168986559,-3363.721871003509,282.92078820226635,0.0455349074764328,3.4535326289518954e-08
566,2382.0,0.5198878654558212,715.6046232581139,-2142.588311433792,300.0898452497249,0.2205641422435448,1.2583287890594126e-08
567,2406.0,0.5163141105743125,724.0886402502656,-3560.2676901966333,332.13757556488974,0.211398503482557,1.5992879702712027e-08
568,2253.0,0.5073152673104778,701.7787765711546,-2571.159768104553,290.915631559353,0.0150770246024918,1.605800650438472e-08
569,2305.0,0.5181398021569475,668.3079033344984,-3513.887830451131,316.37738797105743,0.2165660163762489,5.263652318799491e-09
570,2310.0,0.5143556250445545,738.805918097496,-2489.793606474996,282.0599823290737,0.1102046151115863,2.6572750598363866e-08
571,2377.0,0.5126089819753543,658.2206203788519,-2934.7534239292145,278.02501416278704,0.076988379534478,5.0804680808375084e-09
572,2262.0,0.5130946522438898,714.3490440025926,-3138.5233405977488,325.00427182282834,0.1550725701455141,1.3224644155863282e-08
573,2324.0,0.52418845878914,710.1386783644557,-1873.6950136721127,240.66253843733483,0.2212102850393297,1.1550070586951997e-08
574,2333.0,0.5088393527455628,692.3100269958377,-3050.9489849209785,305.99043399730834,0.0631017564416146,1.0024585922157326e-08
575,2338.0,0.5093064772989601,721.4683565124869,-2293.2477604597807,280.8457175569388,0.0295717373156023,2.1389429688706225e-08
576,2347.0,0.5251602597441525,681.1683725938201,-3583.852313831449,327.45512899855,0.3326496998690444,6.390165109882522e-09
577,2361.0,0.5153055519144982,709.6602655947208,-2853.5250909626484,326.0950001158893,0.188618450901579,1.1231700740303192e-08
578,2379.0,0.5229006819194183,695.4752711206675,-2516.965926066041,308.9273549879454,0.277278920789202,8.155614338538922e-09
579,2395.0,0.5280447988072411,670.9507984295487,-3213.3539613336325,253.3396811317905,0.2948896120498445,5.803961903274909e-09
580,2302.0,0.5182061074953527,723.4723415970802,-2620.843854546547,317.13757932241924,0.2185702097865853,1.5493762610100835e-08
581,2384.0,0.5396636068215594,712.9053865745664,-3079.8206448555,253.67568765026056,0.4839417232380564,1.31765297994315e-08
582,2390.0,0.5128798840381206,728.4973888844252,-1209.6323914825916,230.3760436640601,0.0253351015549205,2.2152932977008464e-08
583,2403.0,0.5308793976530433,704.8310914263129,-3031.121948361397,314.18713363966083,0.4015920918676907,1.0194634149128022e-08
584,2420.0,0.5233783876197413,726.5053936094046,-2828.12431678176,315.7141410204909,0.2927698018636533,1.7009127655574316e-08
585,2328.0,0.533957005389966,732.8327520564198,-3407.712425664068,280.0132061714792,0.4138569772410847,2.2253637232451866e-08
586,2393.0,0.5159024173906073,693.2347228005528,-1895.5355577170849,284.0703962229169,0.1371699400887822,7.983030742914242e-09
587,2438.0,0.5146466390648857,751.8288971483707,-3071.699133887887,263.62693678626505,0.0895074715505719,4.4296754861018425e-08
588,2445.0,0.5079965566983446,704.256783425808,-3233.36860165,300.26627273551594,0.0410273934103209,1.4838011368502422e-08
589,2457.0,0.5164658858440817,702.3894773423672,-1305.8182876557112,220.6593156200304,0.0777468405219793,1.0351983637004726e-08
590,2476.0,0.5329170936346055,738.2655302062631,-3112.480378523469,177.5424420438853,0.337382959593285,2.83787093255122e-08
591,2398.0,0.5191488009504974,742.9420289024711,-2898.9634685218334,293.2575276180582,0.2000569963854458,2.8797908624461423e-08
592,2435.0,0.5281627291254699,674.278806373477,-3386.0836654901505,293.1677050000535,0.3378794864248589,5.802655501335017e-09
593,2489.0,0.5151020852802322,662.6737397909164,-2271.590381115675,240.03896831687464,0.0708255575586767,5.672822406996845e-09
594,2505.0,0.5121752415783704,705.207149758935,-2641.240940988064,314.1389255237037,0.1254908021418333,1.095070220036622e-08
595,2550.0,0.5119502408709378,736.227770075202,-2702.9549460858107,283.88034613929204,0.0754669030538345,2.731782812950347e-08
596,2417.0,0.5210247260332108,684.572986215353,-3202.4718906730413,326.5897796545656,0.2719205630224437,6.705579867873462e-09
597,2429.0,0.5111051074462012,706.8349318951368,-2092.959424853325,291.9732521865947,0.0749588005938025,1.1983421426728086e-08
598,2433.0,0.5178928293380887,681.5261168032885,-2060.361495986581,268.85275867417704,0.1479806129247529,6.572790213378665e-09
599,2473.0,0.5126828431384638,690.6566172465682,-3486.8236005306244,329.0880865840739,0.1550494354970689,7.991949019270254e-09
600,2478.0,0.522279152860865,745.9889094904065,-2687.6130759716034,249.53207299651947,0.1975387358548308,3.2858988292121725e-08
601,2502.0,0.5151950176199899,716.8180522695184,-1506.3265442848206,258.6434496709361,0.0921852921722417,1.3668400394718856e-08
602,2573.0,0.5082136952225119,671.3191990554333,-3425.452831014991,302.5332637337541,0.04804929597678,7.0860992071764626e-09
603,2577.0,0.5217537516588345,687.6012014225125,-2960.308136790991,322.1573842945588,0.2769574965455444,7.063052818048922e-09
604,2425.0,0.5144482140615583,669.192677475512,-1738.1237547844648,222.1109750845564,0.0449564205870662,6.646239686545922e-09
605,2436.0,0.5264867252996192,729.5522737503052,-2589.527884125709,280.52353625024125,0.2975833970958721,1.9014328016214503e-08
606,2454.0,0.5138194624846801,719.6355096623302,-1969.860270246864,288.53644682777536,0.1114357936815752,1.4872598057541932e-08
607,2494.0,0.5174812379106879,710.6827288120985,-3282.063703984022,333.55340873172344,0.2299582092580374,1.1262653615151735e-08
608,2461.0,0.5085593358660117,679.0864356979728,-2525.483974814415,291.9189976735054,0.0358313219282521,8.086122609787806e-09
609,2491.0,0.525328038749285,700.3971262276173,-2752.923923358321,317.2816394036462,0.3233055479333004,9.063323533176814e-09
610,2521.0,0.5155674573872239,676.462550200522,-3342.094076424837,323.22749048760846,0.1884111722647456,6.006260413449619e-09
611,2532.0,0.5273860603850336,715.0605768337846,-3431.529714167118,331.9757399851904,0.3696467657792273,1.2762917411495721e-08
612,2548.0,0.5235597850382329,743.5043934732676,-2285.13954654336,157.6351759685759,0.1697023580664169,3.167766695004628e-08
613,2557.0,0.5108686918020249,663.7998265773058,-3595.987696945668,307.03886874699384,0.0951265291539687,5.479924311659618e-09
614,2566.0,0.5141651030443609,713.7362062931061,-2869.9193090200424,323.3923663834267,0.1682730644014734,1.2643703828229994e-08
615,2582.0,0.5135968441236765,744.8231541737914,-2171.7732332646847,247.7898225003396,0.0538912043200009,3.514388993606613e-08
616,2529.0,0.5184018098888918,695.1115759834647,-3130.7880241423845,331.1039087273624,0.2399305971231156,8.104150961506311e-09
617,2563.0,0.5288179368386046,701.1214954406023,-3244.1595409065485,326.89680986388805,0.3848171548451851,9.335921806025713e-09
618,2580.0,0.5240198651887477,737.5392083451152,-3489.5646538585424,318.4397351727657,0.3054965428901887,2.423335267386501e-08
619,2593.0,0.5193878861889243,699.3634621053934,-1710.9485853463411,257.72086716781024,0.1588591824643805,9.011146980470832e-09
620,2599.0,0.534921608637087,683.7714589014649,-3440.704542025924,289.1640828915761,0.4375100338478014,6.94979016253275e-09
621,2614.0,0.5121508591668681,739.2972989007831,-1451.80655233562,234.6760162768476,0.0170291034512393,3.3686472524157586e-08
622,2626.0,0.5099616875266656,710.7057667523623,-2055.4712422192097,284.8064045930553,0.0460163660696063,1.4395497870549845e-08
623,2638.0,0.5197069095540792,733.2021513581276,-3224.0837026387453,322.9382438404254,0.2481773899745637,2.0605837211332044e-08
624,2652.0,0.5295617186371238,715.7551480457187,-2945.4610772430897,312.27008931341,0.3800882598142726,1.3146175690099616e-08
625,2526.0,0.5193518277863041,725.9544767066836,-2324.149192124605,301.68591040357035,0.214627283816165,1.65654074210869e-08
626,2601.0,0.5133383498340846,653.9839110895991,-3171.558338776231,273.9640072128559,0.0826080839565674,4.8215609344258334e-09
627,2547.0,0.5310470417095349,693.6020796000957,-3298.6787416040897,319.42026548843904,0.4094417762525649,8.102666403546402e-09
628,2606.0,0.5220560993952676,718.4428647533059,-2382.129937782884,306.62023320155527,0.2617504058893085,1.3567638040541807e-08
629,2619.0,0.5259836815670133,674.9753338098526,-3005.4563395679,279.2415541542901,0.2882526794984353,5.891080856999025e-09
630,2649.0,0.5160456051072106,698.135256357491,-3541.287876293063,334.93352778541515,0.211319519128193,8.709495906337583e-09
631,2594.0,0.5094578658696264,726.4005902037024,-3122.4954418838024,291.3023793181568,0.0486159670691858,2.44402473172184e-08
632,2603.0,0.5249813691433519,706.6999715194106,-1852.8468132019043,213.09743332234268,0.2163720617144995,1.1054910034753029e-08
633,2630.0,0.5150667265150696,747.6460336521268,-1763.418186083436,197.78347825814515,0.0400324269301386,3.9190319633131646e-08
634,2635.0,0.5231097433483228,692.9055557399988,-2923.4587356448174,323.2881744282971,0.2980640955649723,7.778017956055215e-09
635,2657.0,0.5188801982533187,679.5179696008563,-2824.453492462635,311.2010001914784,0.2204848066798126,6.181941737214334e-09
636,2662.0,0.5165129138948396,727.1202355995774,-1802.89513617754,269.3839956867622,0.12670591954429,1.74849249426413e-08
637,2705.0,0.5213089283742011,674.5960715785623,-2613.928858190775,276.5894194862746,0.2117197262684965,5.830546551359929e-09
638,2717.0,0.5087114030355587,652.1216967329383,-2904.733272269368,280.15161112239184,0.0191756396525015,5.9821794270074275e-09
639,2589.0,0.5090463515557349,695.3685159608722,-2333.321538940072,292.25357957025545,0.0438441840033902,1.06482217897247e-08
640,2617.0,0.5151486728619784,682.7207000553608,-2586.775719746948,308.603938293925,0.1613583273865992,6.651697678968139e-09
641,2622.0,0.5169994491757826,754.8545194417238,-3587.6952286809683,275.9466338344136,0.1430748208213618,4.7623453203752615e-08
642,2633.0,0.5123957564169541,670.1601894944906,-2442.1251464635134,283.50696265633854,0.0818280027092802,5.883694740749429e-09
643,2697.0,0.5114910907763988,661.7085165902972,-1683.603635430336,243.94693994537096,0.0152756047677158,7.0962839683481645e-09
644,2701.0,0.5077799448510631,684.3155160546303,-2150.995061919093,287.3524096096135,0.0163311884807264,1.0133080703401193e-08
645,2660.0,0.5267270239023492,749.4041814282537,-3185.090472176671,209.7080612392522,0.2441125620369423,4.0353952497727336e-08
646,2685.0,0.5109117999719456,681.7374109476805,-3287.833722308278,317.4472736803696,0.1119490172245471,7.215098380490986e-09
647,2689.0,0.5177469419781119,707.0902133733034,-3369.4919899106026,334.6680942355755,0.2352024485122698,1.0374157775063709e-08
648,2707.0,0.5331826602388173,682.3194723203778,-3089.1027610749006,241.00034854526416,0.3697046924688894,7.092734323843052e-09
649,2729.0,0.512849335228093,700.7134043797851,-1953.5703230649235,291.50960629875294,0.100998444266735,9.720597794267474e-09
650,2665.0,0.5138445295300335,694.8975206166506,-1138.7981683015823,221.14563980660307,0.0341198035882447,9.97576420240996e-09
651,2673.0,0.5208554511517286,704.0433292090893,-2230.8423556387424,304.0748368647121,0.2404519871851612,9.665833543988684e-09
652,2731.0,0.5247670120699331,663.4660796448588,-3271.3887736201286,240.88848615389625,0.2309259849500297,5.332653777306589e-09
653,2748.0,0.529477552426979,745.3713209182024,-3462.36062720418,252.4250835571769,0.3174153228963113,3.4419902941608234e-08
654,2782.0,0.5195396501431242,721.4897341653705,-3042.6563020795584,328.3056781035168,0.2526713903272752,1.4639770983148234e-08
655,2809.0,0.5144074730249122,705.4105972126126,-1545.2427484095097,266.78997942961587,0.0897730910423966,1.0559392287608192e-08
656,2825.0,0.5116708004986867,675.6847423315048,-3579.93209771812,321.0203743226118,0.1284868963195135,6.355405933617654e-09
657,2692.0,0.5266429592808709,719.0189653635025,-2773.6592430621386,311.9330009279236,0.3364829302501984,1.4070716777702713e-08
658,2738.0,0.5075551015557721,715.1588968932629,-3193.187092244625,291.208291135012,0.0192479657301458,2.2841789071427432e-08
659,2761.0,0.5120389203168452,687.1738306432962,-2795.489353314042,313.65576620068174,0.1227440920636271,7.63516452764807e-09
660,2676.0,0.5235112340794876,722.0658316463232,-2531.4922135323286,306.848444390515,0.2837922074376332,1.5021814613088202e-08
661,2710.0,0.5139976248657331,731.5733514353633,-3389.73206654191,319.77482467209484,0.1606177139060784,2.10228347424358e-08
662,2726.0,0.5158498847763986,721.0112896561623,-1267.612386122346,217.87989612204333,0.0654767423707349,1.5915910169331213e-08
663,2750.0,0.5172797242179513,738.1240033358335,-2088.069070503116,262.9322293252261,0.1308893000385824,2.4577129721227416e-08
664,2779.0,0.5274746855162085,703.65309137851,-3416.88713952899,332.48647808907816,0.3714628617524081,9.795622967318337e-09
665,2798.0,0.5215566992759705,725.9276688098907,-1623.656465113163,186.45034972456784,0.1454968059919228,1.7729146413414312e-08
666,2747.0,0.5255165423871949,687.9836572706699,-2683.930141478777,297.7558394711005,0.3028855561615455,7.167010394343484e-09
667,2763.0,0.5227638942468912,679.8972287029028,-2313.291013240814,250.78726548293915,0.2066226628003054,6.5435760297048195e-09
668,2781.0,0.5092594402795657,688.9960702508688,-1799.7964069247246,279.2587370917015,0.0263483391441775,9.637532599760304e-09
669,2785.0,0.5185559785692021,692.5230958685279,-2302.4202078580856,304.87955295289834,0.2070236196488526,7.721188349361069e-09
670,2792.0,0.5369606490759179,710.3480261191726,-3578.192266076803,321.44424562969107,0.497684112159225,1.1943980695130105e-08
671,2806.0,0.5117363313492388,716.3143118470907,-2660.328485816717,308.0368829741252,0.1096341789763291,1.4733906109188661e-08
672,2745.0,0.5149122472433374,665.7070553302765,-3101.7176996916533,299.722793114218,0.1447774821883862,5.1968211471034875e-09
673,2801.0,0.5204542306112125,660.790676176548,-3455.907943099737,284.7213049204305,0.2087522588589113,4.807785449991741e-09
674,2813.0,0.5107083433121443,668.7410975247622,-1837.7352509647608,262.8721235120949,0.0253348712107545,6.903493914314221e-09
675,2827.0,0.5238351552421228,682.9320545494556,-2205.661133676768,230.284754936118,0.2076451184704512,7.06145289569302e-09
676,2838.0,0.5134653226751834,710.0966963171959,-1689.6725926548245,277.6387001596108,0.0898675357053074,1.1867392679955413e-08
677,2764.0,0.5321849376196042,727.6853463053703,-3324.738085269928,303.5191890360009,0.410039621027235,1.8611178991639104e-08
678,2790.0,0.5167053948715329,740.3700347617269,-3309.48905646801,312.4891178802823,0.1900358608290824,2.6651202460805944e-08
679,2818.0,0.5105988654727116,723.2570420205593,-2715.0277867913246,295.57067458454515,0.0729066816039836,1.949901553649492e-08
680,2830.0,0.5205637919344008,730.9584408253431,-2566.379598900676,303.92162154055137,0.2358687432547425,1.9228325975027444e-08
681,2841.0,0.5168148704478517,707.8781014308333,-2375.2461690455675,315.43589257615423,0.1957765001113472,1.0615216496964033e-08
682,2846.0,0.5184903618041427,755.4769342020154,-3150.282909348607,248.48817810228857,0.1346369271718389,4.851859052333012e-08
683,2868.0,0.5226982752187178,712.0890045166016,-3251.914517953992,333.0426665557581,0.3038207199118786,1.1620536134330745e-08
684,2900.0,0.524656764017418,728.2986015453935,-2406.3734594732523,281.56896106122963,0.270220817661544,1.809634046923659e-08
685,2909.0,0.5097714843321591,708.5940918698907,-3471.2381657212973,315.9213747485732,0.0928213853961422,1.3688125480963486e-08
686,2817.0,0.5182469698181376,691.2426497414708,-1444.044628366828,190.3323020720414,0.0905655379863901,8.626872362583985e-09
687,2823.0,0.5364196450449527,705.6627770513296,-3314.7272665053606,309.64590660734194,0.4792654393912746,1.067900489374816e-08
688,2899.0,0.532847681962885,678.8064439222217,-3205.5698219686747,240.2352492996689,0.3636875091902741,6.720040784104444e-09
689,2849.0,0.5196052664890886,666.49747941643,-2192.1431489288807,154.16335806262822,0.0999752660676742,6.2582648368588105e-09
690,2854.0,0.5156561015872285,736.8588535115123,-2968.0424876511097,307.4982315027185,0.1673231207243951,2.3981523555878057e-08
691,2877.0,0.5103621696634218,694.2926844954491,-2629.1406344622374,305.5299128184124,0.0851663008545579,9.397864692629246e-09
692,2883.0,0.5293673902889714,702.8630821406841,-2552.8509255498648,283.27042132820634,0.3455434624971499,9.731295475635234e-09
693,2889.0,0.5125293766940012,695.6976049020886,-1123.347283154726,236.99044365608395,0.0254513073584245,1.0454910864533129e-08
694,2893.0,0.5074449396692217,672.8264827281237,-2259.521174803376,287.7514142163647,0.0118141355601567,8.836569451801086e-09
695,2904.0,0.5346196520840749,721.2344312295318,-3099.9367766082287,285.5612054309825,0.4294292876439337,1.5647235419233392e-08
696,2937.0,0.5145552958920598,691.2585899978876,-3217.3436734825373,328.84355640470784,0.1816387169565126,7.779547126485209e-09
697,2942.0,0.5176366916624829,741.1606727540493,-2420.7745883613825,275.6367625267952,0.1526962580165637,2.7169505557046485e-08
698,2953.0,0.5113574812281877,688.680484443903,-2108.5751619189978,290.43019710661696,0.0764158308567153,8.09742062656559e-09
699,2958.0,0.5207452008360997,744.2075533419847,-3109.3710746616125,295.54260902880253,0.2275077771214051,3.0254641035364655e-08
700,2977.0,0.5192373583139852,683.5122649744153,-3382.1074716746807,329.9347798510356,0.250410947461177,6.588509561953897e-09
701,2851.0,0.5299628847371787,689.2501698806882,-3510.8336459845304,325.3521058632849,0.3997566205216907,7.441252768039439e-09
702,2865.0,0.5200861164089292,701.8036312609911,-2891.167728602886,328.45106167309655,0.2607260206390349,9.217820827571041e-09
703,2881.0,0.5173899749526755,650.1396974921227,-3034.163486212492,198.0324681756116,0.0797313853324139,5.1805176061224644e-09
704,2886.0,0.5148460269812495,722.2774078696966,-2238.487898558378,300.8717634360548,0.1454729093342884,1.5575383543957625e-08
705,2902.0,0.5129595000483096,751.0219790413976,-2831.2196731567383,252.6892180112107,0.0489551469463667,4.7241477517916975e-08
706,2926.0,0.5213752341317013,717.4038947746158,-3520.81582210958,335.1318160601543,0.2874561343803452,1.3187683116303748e-08
707,2950.0,0.5147097648540512,729.5874036476016,-973.7706284970044,170.64357392438467,0.0212019612374122,2.3376423417061778e-08
708,2955.0,0.5234449310041964,665.9644079208374,-3483.7117217481136,293.40427372244744,0.2659766471989923,5.101884476429894e-09
709,2971.0,0.5268372715357691,702.3769783601165,-2274.701401591301,271.71971426412694,0.2933678418107147,9.589850291997471e-09
710,2985.0,0.5128063937323168,667.9564461112022,-1471.496833115816,224.1075339451405,0.0189812287767561,7.464744352916326e-09
711,2861.0,0.5068992290319875,659.2867979034781,-3326.4779437333345,294.5499396310035,0.0148008236360462,7.171116328379068e-09
712,2897.0,0.5223470692848787,686.5591343864799,-1824.27442073822,168.1324181213295,0.1521225919747275,7.958036366510927e-09
713,2921.0,0.5138874602969736,660.1785087957978,-2512.9753556102514,258.1540199840516,0.0704801156567735,5.365797005918237e-09
714,2940.0,0.5284174547018483,733.8840511441231,-2902.952322363853,276.6526165524038,0.3235898017999499,2.2131700479438465e-08
715,2969.0,0.5164027493260801,664.6316282078624,-2749.868867173791,275.71665232661275,0.1333681726646086,5.196876862698352e-09
716,2980.0,0.5277872874215246,731.3454816862941,-3067.723798379302,302.3850807386489,0.3426387675857203,2.0267882726414663e-08
717,2995.0,0.5318606650875881,707.3162019997835,-2766.014022007585,288.8938158640861,0.3900703530715329,1.086091687116142e-08
718,2967.0,0.53658110962715,694.6536368504167,-3019.02874968946,254.67549074999485,0.4345648999372526,8.765347026455098e-09
719,2974.0,0.5189465040108189,712.4820003286004,-1960.34433580935,291.2575303848792,0.1942257520464153,1.1685419356718557e-08
720,2982.0,0.5161557699274272,753.6001234874129,-2593.4489719569683,228.1064264378508,0.0780688498335044,4.657005734557937e-08
721,3022.0,0.5202419999008998,724.6746866032481,-1524.853091686964,195.05175872146816,0.126862366666958,1.703397282160097e-08
722,3028.0,0.5250909328972921,741.5353472903371,-2706.889967992902,249.144139159316,0.2431060802839472,2.8392142746179546e-08
723,3065.0,0.5140995721938089,678.2628443092108,-2020.284666493535,273.2839588513341,0.093680922147951,6.483785119195115e-09
724,2923.0,0.5244320172816516,697.4551232531667,-2938.686742633581,324.3216418701687,0.3184867863660889,8.512913042331923e-09
725,3009.0,0.5168898881040513,696.8817792832851,-2652.572972327471,321.91967095326896,0.2058359339041279,8.440468698357067e-09
726,3037.0,0.5093923323368654,661.8649427965283,-2217.709405347705,273.81711779087544,0.0200683025949076,6.620051164128552e-09
727,3049.0,0.5137063196999953,703.4249855950475,-3063.018600270152,327.2936870632302,0.1672133847836406,1.0052019406729734e-08
728,3070.0,0.5180485444795341,727.911556661129,-2802.3393530398607,318.3048497771983,0.217838502257832,1.7592786174939917e-08
729,3001.0,0.5149565620301292,700.6195029243827,-883.818756043911,157.95523170719937,0.0205928748956925,1.2322557476194336e-08
730,3030.0,0.5132288746768608,734.2807054892182,-2281.150679290294,279.5419366810138,0.0889294934047757,2.3728923000902453e-08
731,3052.0,0.5335062488075346,722.6827628538013,-3423.771444708109,313.28211934442896,0.4394789493831196,1.6185480334890083e-08
732,3081.0,0.5118041911534965,693.9930794015527,-3114.3395215272903,322.11484632236574,0.1320728671722998,8.752072699223606e-09
733,3086.0,0.5206982366135344,743.5875467583537,-2103.8812190294266,199.7831666521087,0.1369311883672808,3.0637576280746625e-08
734,3110.0,0.5155257979035378,748.6093824356794,-3387.9600886255503,290.3268807224195,0.140352900966408,3.7419581786779976e-08
735,3140.0,0.5254515149956569,710.780535005033,-3128.929089009762,329.32227620003255,0.338968607194488,1.1390320738408684e-08
736,2998.0,0.5123295361548662,717.8242772817612,-3348.133599758148,323.93297906782124,0.142411013483999,1.4926532762964403e-08
737,3005.0,0.5098515256401152,677.279616445303,-2947.293632850051,303.5593752909159,0.0743597218560942,7.010093358978381e-09
738,3021.0,0.5071425954112783,689.8395543545485,-2866.034172847867,295.5530080827962,0.0202006939821262,1.1894084051478092e-08
739,3025.0,0.522121715741232,669.5443452522159,-3302.612905204296,302.53116566229795,0.2574870144099213,5.3347039659912634e-09
740,3058.0,0.5081042173830792,720.6789369136095,-2477.2570587694645,282.55997682625934,0.0135482524771164,2.57393705215566e-08
741,3067.0,0.526329673412256,685.9789208322763,-3345.1347425580025,324.445666174416,0.3461449138852758,6.938756174966384e-09
742,3102.0,0.5183604025328532,714.7262181341648,-2754.566129297018,325.2434494272599,0.2316594646968028,1.2344923792818762e-08
743,3107.0,0.5300965782301501,676.5622980892658,-3069.8393404483795,243.20080282397333,0.3204081350360249,6.411105988499139e-09
744,3129.0,0.5152363550709561,697.1722783893347,-1664.5831357687712,270.8673900942814,0.1083831747887534,8.770864801759356e-09
745,3012.0,0.5259180625388399,717.0109029859304,-2109.8024737089872,256.0716063632749,0.2628450350205455,1.3500566952475508e-08
746,3033.0,0.5155482822749764,683.9869398623705,-1616.7791068553925,241.86649114615167,0.0799126398448486,7.382289010302624e-09
747,3069.0,0.5107506290078163,701.3390660658479,-1362.6657865941525,263.2730767789625,0.0265553969279492,1.1695532648692517e-08
748,3099.0,0.5272618934698403,695.4146599024534,-3280.4108764976263,328.08451627028955,0.3636496341166879,8.263218993837431e-09
749,3105.0,0.5194759745849297,683.8096219301224,-2587.871086969972,306.3802563202573,0.2228471602143739,6.619805198026007e-09
750,3112.0,0.5374580228282139,718.5141316056252,-3231.7121263593435,285.59407102984864,0.4734552718597501,1.4756584701793145e-08
751,3121.0,0.5202198494644836,652.6127832755446,-3353.708165511489,209.3840101683764,0.1338955144784476,5.011325372869775e-09
752,3133.0,0.5104924915358424,675.0431859865785,-2152.57648229599,280.4770015057276,0.0475305550554455,6.852071578238325e-09
753,3202.0,0.511239126115106,718.9478576555848,-1934.812716767192,279.702437177188,0.058024745926569,1.6455736632998088e-08
754,3083.0,0.52370555982925,671.2404059246182,-2689.270094409585,238.9664829602723,0.2119024255759802,5.903593214245279e-09
755,3101.0,0.509134365185164,680.7741193845868,-1409.809764102101,269.8625733187952,0.0100733744283768,9.661942554245704e-09
756,3235.0,0.5298491762578488,693.5451591014862,-2491.6659459471703,243.69571651447373,0.3167003898155079,8.432666889276607e-09
757,3241.0,0.5129373591672629,686.2690747156739,-1058.6268369108438,218.7521293990304,0.0171348640395781,9.679061958312642e-09
758,3084.0,0.5309837569156662,735.8641540631652,-3484.9465403705835,295.15189455406426,0.3831462522006821,2.411475636655025e-08
759,3126.0,0.5122385518532246,724.970222003758,-2342.356365546584,292.5878265967336,0.0932880160282514,1.8424529104305252e-08
760,3137.0,0.5175219492334873,700.3266966715455,-3433.405278995633,334.9301674385944,0.2323389968789925,8.999550292284291e-09
761,3180.0,0.5332491682097316,719.5230809599161,-2642.8971011191607,226.9063862485356,0.3625390190083506,1.541977813599287e-08
762,3186.0,0.508020710577257,721.9947413727641,-3497.096933797002,290.9553996513971,0.0259798247333769,2.6352823538961768e-08
763,3225.0,0.516185566461645,704.4474189728498,-3156.1341382563114,331.7472657836763,0.2090327674970469,9.900459290451049e-09
764,3236.0,0.5280095767928288,743.0911039561033,-3512.2355327010155,286.07889081798777,0.3275461796041711,3.0700752913590624e-08
765,3252.0,0.5229582413705066,715.2336548641324,-2471.0960514843464,310.79723322592423,0.280475403448963,1.2549352891431493e-08
766,3158.0,0.5128282102337107,738.392600864172,-3300.332219526172,301.0784521912341,0.1153153450692977,2.797270558883324e-08
767,3165.0,0.5096384800830857,660.3444486856461,-2998.143343627453,287.6533965243767,0.0455352418924365,5.710122378313369e-09
768,3177.0,0.5137568375142292,709.3693134188652,-2043.851651251316,297.6126807304256,0.1241139813481169,1.1489648654606721e-08
769,3195.0,0.5264459884958342,681.6990775987506,-2326.022718474269,165.9003202777733,0.2222324175400512,7.411639699562077e-09
770,3206.0,0.5145770802069456,741.3330688327551,-1446.3798969984057,200.94072771372936,0.0334414333662426,3.177450717466376e-08
771,3211.0,0.5232277890434489,684.2772224918008,-2986.494191363454,316.7203035601158,0.2917886717843852,6.687965081910101e-09
772,3233.0,0.5190198330488056,670.8290995657444,-2972.741996124387,299.7147345800648,0.2069237118144766,5.447029646162525e-09
773,3262.0,0.5173674813611433,722.4529121816158,-1206.7511793226004,168.2978142480419,0.0661636704322105,1.6939431554843114e-08
774,3193.0,0.5146876132441685,673.9464041218162,-2800.9391762316227,304.5047977086517,0.1484532772963895,5.8450208268329404e-09
775,3214.0,0.5209671920631082,726.8324249610305,-3585.505248606205,332.80843616538186,0.2788020661863249,1.7014007491666093e-08
776,3228.0,0.5308439127821476,724.4449360668659,-2851.665626093745,283.2864218922777,0.3685342031510885,1.6773632963879852e-08
777,3261.0,0.5100693942280486,688.0329789593816,-3409.3685790896416,318.554415756426,0.1013104625757707,8.427162271492683e-09
778,3270.0,0.5154347786493599,720.048370026052,-3032.765555754304,326.1333842334282,0.1905400781659628,1.4502663545109864e-08
779,3277.0,0.5073621384520084,679.9650410935283,-3264.8589961230755,300.2857377014868,0.0314687461666151,9.088361078464025e-09
780,3155.0,0.5329797011706978,690.4982789605856,-2701.3116605579853,198.9318126692125,0.345555330633574,8.510450844903433e-09
781,3191.0,0.5391588917374611,704.0855430439115,-2953.6680534482,224.23856989791287,0.4600363447138905,1.1110085154940573e-08
782,3198.0,0.5177693758904934,729.4105305150151,-2021.5199209749696,279.7924629218068,0.1603459710714732,1.8440701664434127e-08
783,3209.0,0.5115791052440182,676.9932847097516,-2560.531689226628,297.2453535616016,0.0904652985822435,6.5332320997035914e-09
784,3281.0,0.5219032026687637,681.2314739078283,-2829.9831446260214,308.1144540283278,0.261382069149503,6.3486411584028845e-09
785,3298.0,0.5088919958751649,732.6961570978165,-2780.409189686179,276.8725010633025,0.016865695251601,3.5030926573711735e-08
786,3238.0,0.5159379196958617,735.3457314521074,-2187.169109657407,278.6937893945037,0.1301554505048105,2.2691793939520656e-08
787,3293.0,0.5091717813722789,703.610607534647,-2676.28755569458,299.0386302063064,0.0567983519264668,1.2716485028718032e-08
788,3297.0,0.5184682220965624,708.0531332269311,-1379.3525531888008,212.927225675186,0.1063824296994509,1.1416441178069774e-08
789,3321.0,0.5143194374348968,690.9461952373385,-2423.05314168334,309.4828191639777,0.1502989902438857,7.763770074092447e-09
790,3332.0,0.5260444686794654,723.3065836504102,-1993.1015945971008,198.98240949701287,0.2275318394011999,1.6702867043465e-08
791,3249.0,0.520038441233337,695.8735660836101,-1872.0549535006285,268.7543995956872,0.182009290584917,8.325753709434563e-09
792,3267.0,0.5289453756297008,709.8112827911973,-3558.614534139633,333.16718560701713,0.3931978547139877,1.132050454096131e-08
793,3305.0,0.5134874635562301,662.6131580770016,-3518.5337215662003,306.9120185817804,0.1340650908316409,5.073600646226932e-09
794,3310.0,0.5214689547894523,710.273102298379,-2515.092507004738,317.3096092692073,0.2666948401851983,1.110093130275053e-08
795,3342.0,0.520476045771502,716.4922158420086,-1685.0617613643408,250.43109323495943,0.1689744983282091,1.3144294527712974e-08
796,3348.0,0.5242404597392306,748.3519654721022,-3090.33974558115,252.55134907198195,0.2323201670614831,3.668218031388482e-08
797,3284.0,0.5253115489892661,728.9108757674694,-3200.5962185561657,320.8560618483502,0.3272340741634337,1.84976055895396e-08
798,3307.0,0.5241302113514393,699.8677936196327,-2144.4511089473963,277.13441157970647,0.2567326477974981,8.989347839936965e-09
799,3318.0,0.5116483053984121,730.6688536703587,-1750.8813299238682,260.2393621398319,0.0369726703637463,2.3675766168208843e-08
800,3341.0,0.5084332170570269,683.0074866488576,-2931.2643125653267,300.238608091217,0.0475833701427451,8.614630045472662e-09
801,3353.0,0.5167268358636647,692.2290343418717,-1480.3026292473078,231.65453650728205,0.0904043612430752,8.425513848400061e-09
802,3390.0,0.5172203470673412,734.6712970361114,-3107.565616071224,317.4212119241052,0.2044876563782335,2.1810834012192188e-08
803,3401.0,0.5126174016389996,680.0356752797961,-2001.1577300727367,277.754841506153,0.0767238947536185,6.831522378291724e-09
804,3303.0,0.534091726797633,692.4739480763674,-3361.849846690893,310.1778088906297,0.4451517362051866,8.030776858231853e-09
805,3372.0,0.5326561129372567,714.5001794397831,-3273.6712764948606,318.060310011643,0.4316384005204698,1.2940481717634781e-08
806,3403.0,0.5228926229290665,672.7810272201896,-3319.165390357375,310.011919562361,0.2785184999615495,5.582868006850314e-09
807,3326.0,0.5182694634096697,746.1656487360597,-3215.2298413217068,296.6471787706731,0.1913079734897469,3.263387261286007e-08
808,3336.0,0.5387800419516862,730.9128011390567,-3527.346028760076,268.04240997809023,0.4797806240004696,2.1718481710433245e-08
809,3345.0,0.5215352597925812,677.7260155975819,-3394.706125929952,323.88202860233804,0.2759322073816861,6.000562003394449e-09
810,3369.0,0.5131195157347247,696.6092836111784,-2734.0601451694965,318.7927959934908,0.1463357098388927,8.855309641970519e-09
811,3385.0,0.5153685591416434,671.9662510231137,-2082.495926320553,256.67329135164346,0.0926675694800867,6.0397818835280396e-09
812,3422.0,0.5190854488080368,721.1846021562815,-2037.001758813858,290.4995365590785,0.1953265836887806,1.4531138693455834e-08
813,3433.0,0.5139754730882123,674.7729491814971,-1618.9072888344526,233.9137436657207,0.0466111931889941,6.991174299105457e-09
814,3457.0,0.517878937968053,658.8394403085113,-2875.7684256881475,247.8452147143417,0.1239999784247056,5.089919371823473e-09
815,3323.0,0.5261107710003853,668.6622574552894,-2897.104861959815,187.7669835283573,0.2240327831539793,6.089672387544149e-09
816,3329.0,0.5181592123396694,705.584380440414,-2349.980853125453,314.36624778121575,0.2141169864112141,1.0020991132404818e-08
817,3350.0,0.5133772984007373,725.6358969956636,-2609.229369834065,305.9308331836494,0.1309404309602886,1.7874331292613294e-08
818,3389.0,0.5102745090797544,709.5645654946566,-1734.635716304183,276.2360368995337,0.0376356172835742,1.3874494930171226e-08
819,3398.0,0.5149340635770931,737.8294987976551,-1329.040689021349,193.9631567524898,0.0357533742162412,2.7951797694102547e-08
820,3417.0,0.5158284437842667,656.3887326419353,-3040.539103746414,264.47690802349825,0.1095202504568688,4.868834380053821e-09
821,3446.0,0.5115135749801993,711.0085764154792,-3454.6747002750635,324.90734948239395,0.1320270656283603,1.2973121530430116e-08
822,3425.0,0.518662694026716,690.2720042318106,-3308.087625727057,332.05486974706366,0.2448965421941829,7.420758251964036e-09
823,3441.0,0.5210767541406677,661.4175422862172,-2661.7263827472925,159.59885197818943,0.1272717771852626,5.7770317147445726e-09
824,3453.0,0.5111296475213021,669.0530870482326,-2842.8946517407894,295.62663463153,0.0810843799513594,5.895328414752419e-09
825,3459.0,0.5281763027375564,696.0867516323924,-2449.826952069998,270.72871449462224,0.3135617074105001,8.512932162136282e-09
826,3465.0,0.511269788206555,704.3369217962027,-1186.3825242966411,253.23268363691608,0.0221194580304726,1.2639511204656242e-08
827,3469.0,0.507911231983453,666.006206907332,-2630.667123198509,288.1488923867225,0.0196693133249174,7.237688408159634e-09
828,3473.0,0.5211779845645651,694.7251200675964,-2165.9205827862024,290.3518597572018,0.2273022610997282,8.035061786018542e-09
829,3490.0,0.5095729471370578,731.3909336179495,-2117.115456238389,269.79128179454045,0.0169385641005732,3.0449992274684733e-08
830,3387.0,0.5257648011995479,694.2208990827203,-3464.474915340543,332.6084230014784,0.347147368469934,8.036307486359155e-09
831,3406.0,0.5199288795748725,752.3892230167985,-2793.210833519697,232.70563931691188,0.1444581789132369,4.250720612857857e-08
832,3419.0,0.5281191411335021,708.6726579070091,-2622.5005511194468,301.03248326259546,0.3461092645107715,1.097600659220216e-08
833,3475.0,0.5333147011557594,672.4485065042973,-3491.8448835611343,212.6389975878108,0.3567657349911883,6.367926248069906e-09
834,3485.0,0.508578377077356,702.3093966394663,-3338.714399188757,307.1340882866671,0.0610602762878047,1.305878923286062e-08
835,3522.0,0.5103823290625588,716.9723461195827,-3075.132482126355,308.2680550978538,0.0898032596419313,1.6398253122964842e-08
836,3527.0,0.5352359664253891,696.9491880014539,-3375.563518702984,312.8515236330718,0.4646457451227376,8.826017464810572e-09
837,3428.0,0.526949291229248,739.5874606072903,-2722.5605092942715,235.3738060084117,0.2629066119726138,2.7083183344957712e-08
838,3480.0,0.5343936830153689,712.5208410620689,-2809.651919826865,266.4993512211186,0.4085646535446142,1.2549723600833437e-08
839,3497.0,0.5127187343221158,653.3418668061495,-2377.432709187269,240.9160149530825,0.0323740419913629,5.7362201132467804e-09
840,3513.0,0.5150445854663849,684.9575272575021,-3592.3891246318817,331.72470886416875,0.1926651717623068,6.912828367179837e-09
841,3521.0,0.516977977505885,682.5418769568205,-1758.4994070231917,243.00566145225667,0.1045234766387215,7.043069137562522e-09
842,3531.0,0.5226343205431476,689.7677792236209,-1903.948564454913,220.976706356478,0.1814487883952507,7.951962990909808e-09
843,3542.0,0.5133165656868368,718.736014328897,-1400.7043719291687,252.6327387308812,0.0546982109133871,1.5348459498505472e-08
844,3430.0,0.516295042624697,747.3035290837288,-2303.6567833274603,243.5733029427768,0.0938386218037539,3.530599358823435e-08
845,3443.0,0.5313080291124062,699.1336179152131,-3136.663869023323,315.5946525410592,0.4093605372090086,9.048565360994648e-09
846,3462.0,0.5146220829803497,714.0554605796933,-1864.320495352149,288.0005304136401,0.1230267754016394,1.2635880790702872e-08
847,3478.0,0.5138663136772812,742.3816310614347,-2965.885988250375,288.41145826973536,0.111971968926011,3.0896407223730394e-08
848,3502.0,0.5222817198606208,723.7627501785755,-3176.5303663909435,328.4200596879078,0.2923026702999855,1.565911535801059e-08
849,3529.0,0.5121723323455081,667.0443954691291,-3222.848428040743,305.1461856682044,0.111693314479449,5.5312874978916695e-09
850,3534.0,0.5203301007859409,739.1244276240468,-2443.525303155184,276.669336755099,0.1964259911689874,2.5143884848570464e-08
851,3569.0,0.5205879855435341,708.1624859943986,-3011.386163905263,330.76492765865004,0.2708445153017625,1.0570503230061636e-08
852,3581.0,0.510838644313626,686.0543703660369,-2268.157891184092,293.5943659337045,0.073434212422496,7.87022697678174e-09
853,3476.0,0.5244548161420971,735.134326890111,-2483.9108616113663,267.3658421962923,0.2507843503042332,2.2468082468161988e-08
854,3499.0,0.5248993965610862,706.094556376338,-2858.515196666121,323.541512286814,0.3243575885223261,1.0215237749684214e-08
855,3558.0,0.5165750703169033,730.557791441679,-2822.337494418025,314.7163199408295,0.1912371636205536,1.9276625774399082e-08
856,3516.0,0.5293458574311808,725.1833921298385,-3006.856060400605,304.49927232876814,0.3684325822687554,1.6971565636212953e-08
857,3555.0,0.5304427470173687,680.5495097488165,-3179.237399250269,283.21870050870393,0.362221459788409,6.473089510781983e-09
858,3518.0,0.517412387575023,747.9360888525844,-2581.807225942612,258.4488951700575,0.1277587950898087,3.535182160296368e-08
859,3588.0,0.5262061918014661,728.2382487133145,-3383.9695181697607,324.7641083926804,0.3447137477042231,1.8227187365146088e-08
860,3606.0,0.5135609579691663,723.0387122184038,-2764.356788992882,313.7030789913136,0.145296541637506,1.646487500432069e-08
861,3639.0,0.5385144453402609,689.4394281134009,-3546.098404750228,297.1239747260867,0.4996983245250725,7.764841309138812e-09
862,3646.0,0.5170133469160646,716.6402738913894,-2276.560980454088,309.1877861734943,0.1899657024307143,1.3038125297149186e-08
863,3545.0,0.5156359634781257,699.656153023243,-2521.8326434493065,318.3885088444352,0.1826059825081141,9.012196659472496e-09
864,3572.0,0.5236392575083301,720.72843875736,-3550.9895101189613,334.036238509694,0.3184177815897403,1.4497571149831993e-08
865,3585.0,0.5180078277923167,685.6832746788859,-3065.851344913244,325.5978596886017,0.2270258106554588,6.846070540787721e-09
866,3590.0,0.5142225964879618,750.492875315249,-2065.934767574072,217.5576421068712,0.0378888008704203,4.478335019719984e-08
867,3597.0,0.5082220943504945,708.538516946137,-2438.6385831981897,288.26234980881526,0.0246529341748658,1.6564837010774362e-08
868,3622.0,0.5155889290571213,726.2463535740972,-1571.239311620593,251.79097919372748,0.0907385183836806,1.7547411761573385e-08
869,3627.0,0.5250278962077574,669.4225359708071,-3111.2433068454266,268.5631963435875,0.2612197887330252,5.517322480969482e-09
870,3633.0,0.5203874312015251,705.0334903597832,-1591.4802063256502,232.8556774250792,0.152191363623,1.038681479280477e-08
871,3657.0,0.5124755912367255,707.4673296138644,-3421.908332034945,328.6750649996184,0.1514686102440148,1.1418981756245006e-08
872,3670.0,0.5126607035985217,745.8142236992717,-1657.6621178537607,226.0996510712836,0.0181295570024676,4.1946220015467604e-08
873,3675.0,0.5279114489722997,683.5754838585854,-2803.9950773119926,278.06037036145875,0.3171569312810741,6.768402634787528e-09
874,3553.0,0.5184267075359822,673.2728961855173,-1805.1758151501413,160.72387082821547,0.0817296897777761,6.880439935685426e-09
875,3586.0,0.5108904787991196,713.5965626686811,-1766.906251385808,276.2768576697024,0.0473900933770443,1.4642083798203642e-08
876,3603.0,0.5334436466358602,703.0414235591888,-3349.7731301933527,320.99693432030404,0.4460017708451693,9.941394138393786e-09
877,3613.0,0.5089723570784555,673.1220402568579,-3530.6029345840216,308.48960437863747,0.0691386860655531,6.864199247724862e-09
878,3643.0,0.5259588047070429,697.2799566760659,-1958.467698097229,185.5020705104309,0.2205606183527796,9.436782589699676e-09
879,3684.0,0.5267958521097899,712.616763561964,-2650.9301226586103,308.46400762535194,0.3347544643261719,1.1971281374002136e-08
880,3700.0,0.5235086449515075,743.8222713395953,-3304.251577332616,296.55964110527407,0.2709003031787914,3.0307562617626536e-08
881,3625.0,0.5132914942828939,692.1385972946882,-2692.312490567565,316.65255517386686,0.1456950354139426,8.092457961394805e-09
882,3630.0,0.5219766061380505,741.6847687959671,-3481.849467381835,313.5996139694547,0.2694644062329197,2.7705781801507305e-08
883,3641.0,0.5151732346462086,659.5345931127667,-3277.3676220327616,290.4157823533823,0.1350613904911264,4.825232549128787e-09
884,3681.0,0.5188223625766114,702.2112264484167,-2111.456374078989,300.6302506610093,0.2051931060823034,9.305776763649244e-09
885,3660.0,0.5319239552458749,717.704188413918,-3064.891690760851,306.7451811759639,0.4094291160573565,1.3998786474731717e-08
886,3678.0,0.5192787603056058,731.2546572834253,-3343.4954334050417,326.91774048713285,0.2471241719359144,1.9388643968943257e-08
887,3702.0,0.5112941655889154,736.5676447376609,-1922.3004296422005,257.7526749652511,0.0280794565149181,3.0328297720596184e-08
888,3715.0,0.5283812872087583,691.649471335113,-2969.699613377452,309.7592272318507,0.3598261403657484,7.722109574262024e-09
889,3753.0,0.5129016991984099,678.9063031226397,-2982.558311149478,314.3375749433096,0.136509950350912,6.482746782436514e-09
890,3769.0,0.5148822199553251,702.5454351678491,-1834.13756377995,287.22056597174213,0.12590182033879,9.684320693599378e-09
891,3673.0,0.516032052282244,675.8594225347042,-2322.9125428944826,283.01593445928665,0.1376904498316837,6.008353206169765e-09
892,3709.0,0.5109747854899616,658.5220603272319,-2576.1478286236525,271.1431465888993,0.0411619397879886,5.614801794766185e-09
893,3741.0,0.5087798867467791,689.8955879360437,-2031.34257607162,284.95657715226537,0.0279161274661473,9.983111223189562e-09
894,3746.0,0.509718835838139,720.857964977622,-3312.8687605261803,303.5483341266718,0.0723473534811768,1.9639162628625e-08
895,3697.0,0.5208909930614755,666.3186516240239,-2705.233593285084,244.65540029560165,0.1703423193862764,5.5047886496961e-09
896,3718.0,0.5144260637927801,733.5207753255963,-3509.1940082609653,321.00754694598487,0.1686515133887694,2.2100237563000144e-08
897,3729.0,0.5213170094927773,697.7580958604813,-3250.0527933239937,332.96042983573886,0.2839871357441447,8.50405491629001e-09
898,3755.0,0.5247150060907007,686.1536287516356,-2564.519698172808,288.1482426634872,0.2790190534842768,6.95106570400351e-09
899,3766.0,0.512587542491965,715.3122792392969,-1162.0756153017282,240.6147019135763,0.0299128479720264,1.529532961204485e-08
900,3772.0,0.5294965995894745,722.6260435208678,-2373.6036345362663,228.74242674451423,0.3009676147375408,1.635533703365165e-08
901,3790.0,0.5201436557434499,712.1871580556035,-2937.0306964963675,329.26143597359425,0.2625785113761758,1.1588939825130569e-08
902,3806.0,0.5195700216758996,744.2628707736731,-1893.2547513395548,161.19432514044905,0.1016986286362231,3.2146598399893824e-08
903,3705.0,0.5146684220386669,681.8175488710403,-1244.4173365831375,194.38242263694056,0.0314377969800232,8.428842977361536e-09
904,3732.0,0.5242807334009558,717.0698834210634,-2893.0405039340258,323.3993429528852,0.3152064185498333,1.3214327007852436e-08
905,3758.0,0.5224983330490067,728.6765517294407,-2207.5374495238066,277.0033153228593,0.2309291791893824,1.8080455495749243e-08
906,3778.0,0.5102281563589349,734.529698304832,-2358.3840429782867,270.4297836934012,0.028278735900759,3.071624024408156e-08
907,3801.0,0.5157846403354779,689.0917131304741,-2901.0793391615152,323.6017992445886,0.1920876164612177,7.374060714549126e-09
908,3814.0,0.5167793735070154,718.1168602406979,-2554.709317535162,318.1120193866348,0.198974532378319,1.356242603885074e-08
909,3713.0,0.5176726217800751,668.8967960700393,-2494.762174040079,267.07589664807944,0.142249656313425,5.534871882529526e-09
910,3725.0,0.5077770135737956,661.5689266100526,-2784.914704039693,288.16341141445184,0.0176217130974368,6.92675703522551e-09
911,3787.0,0.5228488791594282,701.7330903932452,-3522.454809397459,335.8300965612108,0.3092539869775665,9.251229872333504e-09
912,3804.0,0.5299983642436564,736.9862643629313,-3219.2068934440613,276.6702532791203,0.348469941599433,2.4907388145164653e-08
913,3817.0,0.5134078529104591,699.7406391426921,-1425.837454944849,257.394103811482,0.0618054041110626,9.86141293142734e-09
914,3832.0,0.5365536757837981,723.4006169810891,-3472.8808008134365,301.727147526724,0.4740869751786222,1.682148053349535e-08
915,3751.0,0.5344849253119901,709.0015392005444,-2716.903780773282,248.7604474328673,0.3962834236432838,1.1749429938128504e-08
916,3811.0,0.5302460465487093,707.9633220285177,-2236.6118039935827,189.28012133743928,0.295377487886622,1.1872804430321469e-08
917,3785.0,0.5119536176463589,664.4564911350608,-2140.475773438812,261.18929265003226,0.0431186227213919,6.04171574256738e-09
918,3838.0,0.5181183611648157,738.9786583930254,-1743.0424466729164,209.956216164584,0.098689537626328,2.6091802631434272e-08
919,3885.0,0.5069021565373987,681.0933808237314,-2509.323353692889,292.6156933492584,0.0115884589705531,1.0681058682300064e-08
920,3889.0,0.5200780390622094,679.5775222405791,-2072.70180657506,243.76008981473345,0.156183389433989,6.5936573137250945e-09
921,3908.0,0.5256571887945757,737.7183803543448,-2300.56031383574,176.9046710048279,0.2122473248805789,2.6036921777841564e-08
922,3809.0,0.5186193350702525,655.2399239689112,-3561.671306937933,274.67081676465216,0.1669207491242151,4.6001599995577425e-09
923,3825.0,0.520413210792467,683.1051266565919,-2408.0166310071945,291.05205029651086,0.216471698056215,6.552229685348959e-09
924,3837.0,0.5106508232979105,705.4916470870376,-3098.2843782752752,316.52853214114253,0.1066993973643081,1.1882263569697236e-08
925,3863.0,0.5370232752198354,699.9655614793301,-3194.829734042287,292.3918957026278,0.4727810968890406,9.474738695581453e-09
926,3870.0,0.5185097740823403,732.7903218567371,-2685.5733197182417,308.13331171233057,0.2107985421349705,2.0373989934030107e-08
927,3876.0,0.5275209154840559,721.4193124324083,-3371.130983904004,328.0002432384143,0.3672902216393875,1.5107870640403386e-08
928,3894.0,0.5120630931388587,727.5270019844174,-3087.22977116704,309.2170319225647,0.1163202451609898,2.0135393809081392e-08
929,3910.0,0.5147720554703846,745.4710752889514,-2725.602650642395,274.0609159330484,0.1053838950291078,3.372327149993861e-08
930,3846.0,0.5142675992613659,723.1769040971994,-1583.8611636310816,260.5845101391624,0.0795953260927224,1.6470197760147826e-08
931,3868.0,0.530355524471961,740.0376242399216,-3103.591326624155,231.3665641694558,0.316850785301622,2.8487592282958128e-08
932,3891.0,0.532302818777971,687.3009077832103,-3391.5952932089567,310.2107809083496,0.41860074985571,7.244436964325967e-09
933,3901.0,0.5102936895564198,657.4547094479203,-3206.8241704255342,287.9191604035,0.056076659773641,5.300574617507481e-09
934,3923.0,0.5328062970284373,701.0623719543219,-2658.6859580129385,255.27057420184585,0.3737823141382822,9.7237972412888e-09
935,3929.0,0.5159904411621392,708.748328499496,-1004.1067846119404,158.24335500425764,0.0386263333411797,1.3201707580200824e-08
936,3933.0,0.5098289980599657,670.9085416793823,-2364.8927215486765,283.5717153767043,0.042007715348054,6.629646459136589e-09
937,3849.0,0.5116184300743043,698.4309283271432,-2256.08806796372,300.2538771648241,0.0957639396414082,9.650557293558666e-09
938,3865.0,0.5168449040222913,670.1047290116549,-3460.49805097282,318.5812157565185,0.2005841793002156,5.426939988567048e-09
939,3892.0,0.5227393150702119,750.279696919024,-2612.2854720801115,165.9113517774952,0.1581461900755726,4.0784465615888193e-08
940,3912.0,0.5381901808548719,715.5662402883172,-2994.790106266737,244.4073847649456,0.4541905975019273,1.40862107456028e-08
941,3926.0,0.5129679191252217,712.8592889010906,-2132.703935354948,298.16848847580013,0.112981418076524,1.2787331626296424e-08
942,3945.0,0.5139727667393162,681.9558480381966,-3323.0984542518854,325.5115796024512,0.1685169954281255,6.674346976439354e-09
943,3970.0,0.5110410027345642,729.5063537731767,-3439.0620075166225,306.3597390192374,0.0966372422186285,2.3066878609654573e-08
944,3998.0,0.5189326132275164,749.7585272789001,-3003.799971565604,272.1978707692444,0.1687076688763632,3.76287766261508e-08
945,4020.0,0.523140524965711,733.2652466371655,-2961.9638677686453,311.08618975793325,0.2835407620616509,2.091097537590124e-08
946,3873.0,0.519679583082907,703.7508893013,-2772.0031902194023,326.4323705918418,0.2522880321439298,9.610346513112685e-09
947,3917.0,0.5074090761458502,695.5433106049895,-3576.3337668031454,303.4797799943101,0.037511546283131,1.2803335282043585e-08
948,3921.0,0.5223880826495588,663.3096841722727,-3139.762055128813,257.1910954273657,0.2068074717136149,5.174157149437722e-09
949,3961.0,0.5145362286968157,654.508551619947,-2618.566628918052,237.8822893510704,0.059473465199425,5.319837450278522e-09
950,3966.0,0.5176063156872988,719.3220432475209,-3415.025421604514,333.2865334674148,0.2313943910318166,1.3905917818878122e-08
951,3995.0,0.5268621555203572,679.1323489695787,-3589.333894103765,322.1094383383803,0.351259297613484,6.207018089226217e-09
952,4025.0,0.5150144240260124,677.3743442445993,-1352.0370371639729,188.2186654115981,0.0342507828286204,7.892249764642868e-09
953,3905.0,0.5173266247380525,688.3619612827897,-1930.035638809204,275.6697852199465,0.1478562739043523,7.30139885869586e-09
954,3965.0,0.5111927786748857,691.3982336223125,-1201.9709900021553,252.115741632406,0.0195373593734065,1.0101931145185717e-08
955,3979.0,0.5233983969828114,704.1777596250176,-2380.4870814085007,305.3083663860074,0.2801850497453456,9.744834223684238e-09
956,3993.0,0.5163781939959153,686.8777000159025,-2214.3865909427404,295.8928239653387,0.161451604794087,7.059051676473077e-09
957,4003.0,0.5296964157372713,698.0155056715012,-2871.792406216264,305.5278197581855,0.3748097176245757,8.784923105678002e-09
958,4022.0,0.512365426751785,740.5491772666574,-2487.8851644694805,269.7643350978293,0.0612813327099356,3.1390705558053114e-08
959,3990.0,0.5137317821197211,735.2571256831288,-1092.9287295788529,198.8247030889885,0.0178734090905596,2.8273778946303992e-08
960,3996.0,0.5306355420220643,727.042460590601,-2584.917213767767,229.0553897611922,0.3201368261519048,1.865231828571832e-08
961,4013.0,0.5066327712638303,667.8616615384817,-3052.6085313409567,295.55957763471514,0.0124414522524743,8.531044057002025e-09
962,4017.0,0.5198197265341878,692.8150771185756,-3487.925338000059,334.6707572868489,0.2647365599734925,7.749094993884023e-09
963,4049.0,0.5220861675450579,706.3289948552847,-2533.3517856895924,317.04465948628945,0.2754219719814934,1.0173632746439097e-08
964,4062.0,0.5194399271626026,711.5944086387753,-1419.09187361598,206.40595364574023,0.1190318348953689,1.2319617105807274e-08
965,4089.0,0.5141131212469191,701.4777977392077,-2943.8038509339094,326.0841912836376,0.1713638609778587,9.561313934711926e-09
966,3963.0,0.5265960413264111,706.7558611556888,-3044.5290707051754,326.0839844769536,0.35183501611118,1.0440476374249786e-08
967,4006.0,0.5160982722090557,715.9061730653048,-3242.2964215278625,331.35101790361114,0.2072469410086137,1.2915646603813314e-08
968,4033.0,0.5169477302348241,675.1244028285146,-3183.22821110487,318.3410824517838,0.2017586378060651,5.828173511680406e-09
969,4041.0,0.5122629239549861,689.6861720085144,-1722.5630700588226,273.500285363761,0.0649561949692725,8.203004325183556e-09
970,3977.0,0.511404330492951,651.4616857841611,-2855.4034922271967,264.9645576547068,0.0393270691652746,5.283247646773561e-09
971,3982.0,0.5208246869686991,721.900191269815,-1854.5007202774289,264.46272511077694,0.1895228080353742,1.4928484258071416e-08
972,4001.0,0.5191685099061578,660.7315821945667,-2453.7473559379578,161.52064959451604,0.0948563364505654,5.846825461045148e-09
973,4052.0,0.5250935155712069,718.8411675393581,-2228.965724632144,278.9031231930108,0.2739173575423645,1.3915248579740916e-08
974,4038.0,0.5152827101387084,732.4488964304328,-2400.3911778330803,294.53188483040344,0.142768817851562,2.0888699116102332e-08
975,4056.0,0.5348861048230902,726.000574156642,-3289.692114293576,288.5956343590808,0.4364242278805398,1.7987925606621374e-08
976,4075.0,0.5239897715579719,687.928224503994,-3225.9457424283028,326.651438912834,0.3148229353436482,7.1327195107851845e-09
977,4029.0,0.509925523889251,700.4652054980397,-2016.7429570108648,286.4440977134616,0.0480476775445226,1.120070500793352e-08
978,4061.0,0.5093293403647841,684.1402645409107,-2746.1602438241243,300.7674601399188,0.061989128667122,8.209862579315422e-09
979,4073.0,0.5136264884844423,665.1828734576702,-1900.9072680026293,235.01119272408943,0.0417993801706372,6.306018403767194e-09
980,4078.0,0.5216416280297562,737.2434524446726,-2921.586288884282,304.8429147788041,0.2532543583834286,2.3661035277474164e-08
981,4092.0,0.5286839196784422,713.3525278046727,-3542.927400022745,332.8326632543483,0.3891153529935123,1.2329032683107873e-08
982,4066.0,0.5090818352531642,715.0986289978027,-2597.15673699975,290.58948482964496,0.0416863978459691,1.771602341301153e-08
