,Nr,xNi,T,t,Ms,cfrac,mipd
0,8.0,0.5240617688791827,723.91587279737,-3494.951729848981,332.1642490487188,0.3222861727766788,1.585372516179074e-08
1,39.0,0.5278612488741056,699.4194662943482,-2814.0977449715137,311.444706158365,0.3539851744413578,8.970000195866597e-09
2,62.0,0.5092829639231786,713.5026613250375,-2786.876790225506,296.72987931902674,0.0547336154942175,1.6451305883796018e-08
3,66.0,0.5212160853017122,748.4011787548661,-2646.98580019176,237.457523264168,0.1695583519935564,3.610589522209325e-08
4,75.0,0.5341152776405216,707.0370206981897,-3210.846582055092,312.3630985035624,0.4476007973625759,1.089546643783744e-08
5,13.0,0.517976906071417,653.8010082393885,-2924.7791033238173,208.67777066920044,0.0955464667494941,5.20888451681153e-09
6,26.0,0.5158519995724783,731.9101622328162,-3123.1851886957884,319.26038322549715,0.1869977643206761,2.0313553941644333e-08
7,37.0,0.5162836350640282,663.2039759680629,-2599.186495319009,260.0163647117675,0.1113797950200824,5.289259000898491e-09
8,64.0,0.532771553453058,727.1873549744487,-2882.115313410759,251.82374127789203,0.3705555252909038,1.8650976323866225e-08
9,15.0,0.5289337960304693,708.7647600471973,-2688.701999187469,301.4753579792601,0.3589001306459424,1.104152982100232e-08
10,31.0,0.5317344277584926,677.6744015142322,-3282.4687141925097,265.0075786809271,0.3647439273305832,6.348297459855001e-09
11,45.0,0.5189479578100145,707.3686254397035,-1387.7772074192762,205.02567992557545,0.1099335283792601,1.1315559806958626e-08
12,82.0,0.5183933900576085,721.1193431168795,-3296.0736595094204,331.83006299393713,0.2407515683187903,1.452668671772492e-08
13,53.0,0.5134827837301418,692.4212782084942,-3354.6427711844444,329.4086283892998,0.1670122505533641,8.101706542452176e-09
14,74.0,0.5140364837879315,736.0850004479289,-1437.9967097193005,223.35029938036752,0.0389884215257538,2.62064536527708e-08
15,85.0,0.512101978128776,705.9170636534691,-2444.610045477748,308.27700977705524,0.1154568990818006,1.1169623759743417e-08
16,97.0,0.5102233772072942,661.6520607843995,-3202.144104614854,294.1024375949225,0.0648369828112179,5.515407125758995e-09
17,106.0,0.5116593656968326,742.7480925619602,-2855.8759097009897,271.8820462502984,0.05307881053334,3.6173961742243233e-08
18,1.0,0.5088355322321877,675.2796884253621,-2263.124766200781,284.9588448806338,0.0287831933658677,7.640312571250896e-09
19,29.0,0.5208010604372248,686.707770563662,-2160.4712896049023,276.3225169681892,0.2033973370397395,7.034230572392588e-09
20,69.0,0.5149041162524373,673.0248337611556,-3537.5470094382763,323.21889040817155,0.1787615267772886,5.748672128989622e-09
21,104.0,0.5225941126793623,732.7827600389719,-2641.774908453226,298.6155856401647,0.2596093494516934,2.0527525413947616e-08
22,111.0,0.5304009492322803,687.6920622587204,-3549.572643265128,324.04271189318143,0.4047586259615932,7.248025804191768e-09
23,138.0,0.5127045599371195,714.1479314118624,-3437.5783637166023,328.0381641772209,0.153841384131626,1.3331822673004284e-08
24,162.0,0.5201491730473936,723.5528374835849,-1847.2656391561031,265.453410746192,0.1798560780635006,1.5587584206988442e-08
25,50.0,0.5170124222664163,737.4459391087294,-2379.6722296625376,284.4537063613531,0.1549532057814781,2.3978591383232786e-08
26,125.0,0.5221915648225695,696.6311763599515,-3079.33066226542,329.67705998586456,0.2925285389559092,8.329999721900661e-09
27,165.0,0.5166743400879205,708.1746743991971,-2769.077781960368,326.0201154659618,0.2083054572377436,1.0698067037717736e-08
28,122.0,0.514461676152423,711.6559458896518,-2212.0124235749245,305.9104833733458,0.1471440571604469,1.1941523903505394e-08
29,129.0,0.5084777829237282,690.2503998205066,-3105.386723577976,304.66342759673864,0.0555182798933254,9.912568574784816e-09
30,141.0,0.5176205357536674,698.8302955031395,-2528.1052205711603,319.0671194605241,0.2126057588472563,8.728672760030591e-09
31,154.0,0.5155285805277526,746.8222803249955,-2280.480867996812,245.6555771730112,0.0833109674965196,3.5224460881403744e-08
32,161.0,0.5108466614363715,668.5873048007488,-1596.5115442872047,254.4520919261544,0.0167236598482126,7.438094819625296e-09
33,206.0,0.5082262039976194,715.7017277181149,-2461.969707906246,285.0684278808025,0.0195065929956739,2.0848375106474533e-08
34,232.0,0.5230163801787421,747.8120651841164,-2810.807767510414,240.04440748580367,0.2013859500677793,3.564912200499371e-08
35,94.0,0.5106596395093947,729.829258210957,-1876.8029730767007,265.5907997100523,0.0282743511047802,2.5013484171233162e-08
36,100.0,0.5373634040914477,716.2981655076146,-2992.2973182052374,253.95026256692069,0.4467598809578485,1.4152711427684058e-08
37,113.0,0.5074223977979273,694.3245203047991,-2558.308620750904,292.2627099585264,0.0189684650298637,1.2844566615760416e-08
38,157.0,0.5204213384725154,671.7956667765975,-3229.0516063570976,310.1726430583778,0.2419946380586624,5.501068124703259e-09
39,178.0,0.5173481979966164,752.5338353216648,-2995.6229221075773,260.0682674106731,0.1285949907366911,4.2834238593709243e-08
40,199.0,0.526090876176022,667.0656568929553,-3480.2216079086065,280.74039359537346,0.2916451302080641,5.273189685251204e-09
41,101.0,0.5156936361687258,681.5958875417709,-1221.4256219565868,155.04306501879395,0.0323471504828639,8.608875550346703e-09
42,146.0,0.519555041580461,729.1090397164226,-1691.9998180121183,232.9330241122291,0.138425714856732,1.8677917089389472e-08
43,152.0,0.5271650780458004,738.028643541038,-2965.610394626856,275.1110661253942,0.3022101716665891,2.5261430493892562e-08
44,219.0,0.5366473219683394,694.8999577388167,-2899.90999661386,214.0766248353331,0.413588223653661,9.249102945668324e-09
45,225.0,0.5098999501997605,706.6813668236136,-2243.4347938746214,291.5459905663451,0.0557932402757317,1.2944402182469734e-08
46,181.0,0.5138501485064626,677.3333963006735,-2062.810718268156,274.8929298077703,0.091999184890073,6.406888176975324e-09
47,215.0,0.5232889090431855,696.048414260149,-2265.9489043056965,289.92212168074974,0.2592239784184537,8.268300946343987e-09
48,222.0,0.5110503526637331,744.9171428009868,-3505.688599124551,276.93744979432074,0.0508944782850442,4.2050707419279654e-08
49,248.0,0.5258188616251573,720.7791959866881,-2049.2194522172213,236.3526326797858,0.2448764746963518,1.5110737688745125e-08
50,255.0,0.533504808335565,705.3352177515626,-3010.093134641648,300.649266917946,0.4270433355975225,1.0456351866797174e-08
51,194.0,0.5215848257998005,733.3718731626868,-2700.4319731146097,303.6008609516924,0.2507912332930927,2.0813263878007708e-08
52,234.0,0.5112810093956068,727.7773838490248,-2575.667525455356,290.62853667986553,0.075550364642287,2.1376607964459607e-08
53,261.0,0.5142319491831586,671.1925155296922,-2364.5443495363,279.00677992131955,0.1038625104659008,5.7893732356322215e-09
54,183.0,0.524625588869676,687.0478600263596,-3184.825738146901,323.8933137710925,0.3207932540285877,7.033391548702447e-09
55,197.0,0.5152385278278961,688.0541250482202,-1908.224169909954,279.35756761432697,0.1201284375812565,7.3657242641094275e-09
56,208.0,0.5295363736478612,711.3148834556341,-3242.7047308534384,326.1181016491048,0.3943802764647549,1.1781476526133424e-08
57,213.0,0.5124157946975901,661.004963889718,-2952.025995030999,285.4166479107534,0.08503041482651,5.1898791567335554e-09
58,218.0,0.5164701446052641,718.3229377120733,-1070.783295482397,159.09537104829218,0.0472474694084682,1.5903683153386516e-08
59,237.0,0.5190439026476815,682.3993293941021,-3383.647596091032,329.14001159075326,0.2466086883637157,6.469287654666841e-09
60,244.0,0.534962680968456,730.1767291128635,-3581.4299941062927,298.6495922209942,0.4471645068676573,2.0508036788194888e-08
61,263.0,0.5256942062126473,691.4611427113414,-3050.4978373646736,321.59686268870433,0.3336688821737874,7.627222804170488e-09
62,296.0,0.5233284209156409,730.9495383501053,-3268.9921896904707,323.58770808025275,0.3016012789220499,1.9457759226862843e-08
63,346.0,0.5165353350248187,733.7131867185235,-1993.2489283382893,269.9383027067103,0.1277817591634441,2.1366303626430133e-08
64,241.0,0.5070756292017177,679.4124048948288,-2838.080247491598,295.1000322167661,0.018418554530833,9.648486308953573e-09
65,245.0,0.5132165451068431,697.3494518175721,-1754.2801950126886,279.90368905313323,0.0892668754618581,9.067463399598404e-09
66,274.0,0.5190915954252705,715.4271718859673,-2612.608101591468,321.39333927693184,0.2372036846968426,1.2535886324598584e-08
67,289.0,0.510914684268646,652.3158645257354,-2476.724660396576,259.5046270926068,0.0241971943753055,5.817779733178093e-09
68,328.0,0.5247611553408206,710.7118041813374,-2407.1875736117363,302.2291654499894,0.2968669340660517,1.1335584788999346e-08
69,333.0,0.5173114977497608,659.4638776779175,-2198.247132450342,151.98696979874762,0.0594134964744614,6.107859016672613e-09
70,269.0,0.5182146095111966,685.383721999824,-1608.302055671811,207.3082430330148,0.0987803781546581,7.687842895252376e-09
71,286.0,0.5099503942532465,735.4996843263507,-3021.460691839457,279.86622182894104,0.038109551322555,3.24557236257668e-08
72,305.0,0.5080906153982505,681.2383106350899,-3238.2586140185595,303.2188274675764,0.0473274680590069,8.566596325020581e-09
73,357.0,0.5155770397465677,650.0008072331548,-3311.6422802209854,252.5299709644408,0.0913557428987566,4.734873179381249e-09
74,258.0,0.5218939484609291,746.4589923247695,-3368.889559060335,295.7941446905573,0.2453419738448795,3.3188422021746924e-08
75,277.0,0.511409124857746,700.3347588330507,-3578.73462215066,327.8513521993601,0.1348983795101438,1.0139689223459569e-08
76,301.0,0.5186443146085367,676.7279817163944,-3136.511455848813,318.24342361854644,0.2264859475754462,5.927433512641342e-09
77,314.0,0.515201049069874,724.8298226669431,-2909.526808932424,320.2933505529027,0.1789422465796535,1.6615027962191926e-08
78,325.0,0.5149548164987937,703.6595191806555,-986.7283970117568,182.6993348890508,0.0306290824172812,1.2136319523050148e-08
79,335.0,0.5282393786124885,695.6851973384619,-3327.125174179673,327.9306610456706,0.3775690480896231,8.349819751854632e-09
80,349.0,0.5201123916637153,688.6206569895148,-2841.066461429,321.340392525022,0.2520131522893187,7.187298293261617e-09
81,417.0,0.5106228740513324,697.2279647365212,-2870.638120919466,312.7884371809697,0.1004750300472287,9.8511863314634e-09
82,321.0,0.5095779198687523,669.5799676701427,-3420.966085419059,306.2831385582049,0.0746274016950953,6.272817816023052e-09
83,373.0,0.5127529286313802,682.9681246727705,-2659.971319511533,308.5685150185881,0.1256049441759228,6.9522479333961165e-09
84,389.0,0.5145127691328526,686.1046304926276,-2982.5712729245424,322.3312960390195,0.1718096837301148,7.0961670938600615e-09
85,407.0,0.5225464153755457,709.1060128062963,-3410.620577260852,335.0243147296596,0.3040016053215257,1.0839485468481032e-08
86,317.0,0.5214464966533706,709.6805347129703,-1931.1573654413223,278.4698801747552,0.2162248947817056,1.0991478709430548e-08
87,363.0,0.5362603691034019,684.0777637064457,-3440.1570729911327,279.5887472864914,0.4495108688617339,7.071654017211005e-09
88,344.0,0.5275622588023544,743.662454597652,-3564.2026517540216,289.72472827423263,0.3247575806628516,3.1254041615126926e-08
89,353.0,0.5105378888035194,693.0013300478458,-1322.7825488895178,261.7518097300008,0.0210914580363058,1.031665808597758e-08
90,359.0,0.5271146547794342,704.9734067544341,-2189.750863239169,257.2110595026653,0.2832746533853808,1.02704764165438e-08
91,370.0,0.5177479538414628,728.1172923743725,-3523.68466258049,330.94501852814875,0.2303495988806387,1.772820842976631e-08
92,375.0,0.5243140669725835,673.9396837353706,-2895.935549587012,277.88035855112406,0.2604973094476427,5.792336126444334e-09
93,382.0,0.5086024604644627,722.8095647320151,-2102.7659464627504,277.1248517358713,0.0127077708893319,2.593017016383489e-08
94,386.0,0.5223162153735758,731.5468916669488,-2076.7442107200623,254.5544643114449,0.2029822614547043,1.9891585056399e-08
95,398.0,0.5075497996248305,717.504964992404,-3553.908668830991,292.6287652779463,0.0215307882582783,2.46887887884592e-08
96,433.0,0.5078221574984491,666.2090197950602,-2172.410824522376,283.5679444267641,0.0107913354836524,7.991264200122324e-09
97,478.0,0.5110790491569788,714.2673585563898,-969.3703707307576,245.6153717715228,0.0103005433399925,1.771486321485202e-08
98,488.0,0.5230563504993916,719.2826210334897,-1719.4131307303903,208.6636339291913,0.1814880874606211,1.4710020625514536e-08
99,498.0,0.5180274150008336,743.087989911437,-1894.0159387886524,209.6064642511472,0.0969453162428572,3.01392930483295e-08
100,352.0,0.5320327334478497,720.173852480948,-3093.9025036990643,304.69132322088643,0.4089534029528444,1.496570659344391e-08
101,362.0,0.5118749128328637,713.1552696600556,-1669.0649058669806,273.69458819601675,0.0591056930282364,1.367828536868044e-08
102,405.0,0.5117105505429208,655.3054523468018,-1831.742522120476,237.9538051745812,0.0128294392669888,6.909777875668003e-09
103,429.0,0.5183538840524853,691.8158810585737,-2295.2242132276297,304.11398523115787,0.2029355118800915,7.628565336521556e-09
104,479.0,0.5314311497984454,683.3155385777354,-2798.250945657492,203.8621668291884,0.3211655522817659,7.475057653881077e-09
105,485.0,0.5159773474978283,695.0887025520205,-2127.15255394578,300.32612895931226,0.1617685852523231,8.209210448862361e-09
106,503.0,0.5239343449240551,688.9689866453409,-2500.7009401917458,294.0958402032775,0.2743206619971455,7.266879417323755e-09
107,421.0,0.5167005556216464,679.759683907032,-1705.7513762265444,227.4508261450028,0.0866512008724565,7.007227645945191e-09
108,426.0,0.5119657402671873,737.0840673148632,-3213.4314604103565,295.6813647331859,0.0939109033561937,2.8139925813836523e-08
109,461.0,0.5168768603214994,704.3759966641665,-3155.9817284345627,332.1946104597902,0.219526488361171,9.830298593019926e-09
110,468.0,0.5356301109632478,722.2277758270502,-3351.9548557698727,299.8353574388059,0.4583918550656065,1.6174230088828934e-08
111,496.0,0.5288854228099809,734.2885667085648,-3464.9872574955225,309.84045373193294,0.3674125491843594,2.2486634515508028e-08
112,522.0,0.5131180080818012,724.047864638269,-1203.8715597242117,232.8789088146784,0.031464516662235,1.8933234426830093e-08
113,400.0,0.5302728279028088,724.4823510944843,-2548.6925058066845,245.5672808848377,0.3250324488235912,1.7054705188813102e-08
114,434.0,0.5174758684216068,722.1193266287446,-1471.310295537114,235.0208063962568,0.1056196528816661,1.5561408185765966e-08
115,440.0,0.5265196421649307,715.078785456717,-2729.1554912924767,312.6142231739777,0.3354419532311151,1.2701857082569805e-08
116,445.0,0.5211766590923071,664.7098268941045,-3451.3891853392124,297.5174551386369,0.2366770289527516,4.999490978238121e-09
117,507.0,0.5387045013485476,701.9571842625737,-3132.79443718493,273.96840136152275,0.4832074524314334,1.0041772787923942e-08
118,513.0,0.5089404952013865,680.4674252122641,-1761.064487323165,277.0163009767213,0.0178513067300858,8.847267655242684e-09
119,545.0,0.5111310194712132,673.6837096884847,-2931.1247404664755,303.86684845582784,0.0940761340551103,6.276070179325535e-09
120,449.0,0.5091446507023647,684.6678500249982,-2017.636521533132,283.342251877296,0.0309993850876217,8.784305829859989e-09
121,474.0,0.5162435114802792,748.7424748763442,-3396.1365580558777,292.21542088690063,0.1541028814691596,3.7023184481867176e-08
122,517.0,0.5143617670517415,662.7794144675136,-2817.178952693939,280.7075720381797,0.108342474436626,5.157430910241398e-09
123,523.0,0.5350529928319157,689.3460734933615,-3030.9948585927486,250.3750829438426,0.4066824555440637,7.93463685580705e-09
124,530.0,0.5193093066010624,739.01356510818,-3061.7280453443527,309.61330474651794,0.2247166286496684,2.5004911867594145e-08
125,535.0,0.523114930447191,668.8991243392229,-3357.7145509421825,299.2498568450312,0.2683061855285901,5.289852004105875e-09
126,548.0,0.5369058257713915,728.3732742443681,-3249.488553777337,252.3991784298662,0.4382630711399222,1.988840540389709e-08
127,602.0,0.5167570749623701,712.2855855152011,-3344.123177602887,333.5771135729422,0.2196530306124473,1.1751496415558925e-08
128,458.0,0.5134425803506747,719.8181411623955,-2360.361303761601,303.9204017953178,0.1288863859338244,1.510674957546034e-08
129,469.0,0.5125655946042389,689.429566077888,-1523.047136887908,260.4114499704005,0.0519688659087944,8.394789419632295e-09
130,477.0,0.5197010951535777,673.5913545265794,-2562.2974444180727,278.62010767597206,0.1890496566604584,5.7439921590891664e-09
131,482.0,0.5208514775009826,710.3570090606809,-2938.5315265506506,329.30453949026673,0.2728098683936349,1.11121018423816e-08
132,501.0,0.5131765873590485,667.9974128305912,-2715.5160661786795,290.52742203227484,0.1045316114844115,5.5490298328995225e-09
133,506.0,0.5143964857328683,725.4096895456314,-1305.4254412651062,230.3242753792576,0.0505390700169924,1.8373237626865736e-08
134,512.0,0.5335889363661409,717.0156061276793,-3588.213857263326,325.48471631861963,0.4523709761809686,1.3879622819090994e-08
135,519.0,0.5259160386025906,701.5734589472413,-2596.0977774113417,307.7474055062584,0.3207966554080793,9.3054272372662e-09
136,557.0,0.5188675209600478,657.2431478649378,-2692.6614828407764,183.14659879706983,0.097981588949878,5.523232226835657e-09
137,561.0,0.5083082440961152,704.7613214701414,-1887.3773910105228,281.7560280918024,0.0154352162122381,1.5404928074478295e-08
138,584.0,0.5248895966494456,736.2244705110788,-2859.829170629382,291.4294082977367,0.2856802645044522,2.3310109240412733e-08
139,610.0,0.520678490693681,750.5547422543168,-2879.0474094450474,250.267595976382,0.1721170708831618,3.9143294001764095e-08
140,645.0,0.5147291077720001,707.8673003986478,-2536.9678862392902,318.1654297600801,0.1689993762295484,1.0873238975732178e-08
141,542.0,0.510172219267115,710.0302806869149,-2568.828757479787,300.07945836041097,0.0736204938036614,1.3769652963271577e-08
142,549.0,0.5162143724644557,699.3257804214954,-1420.3883528709412,240.1399418594613,0.0892672265577813,9.482640081323498e-09
143,573.0,0.5216682378482074,684.2905351892114,-3278.526195511222,327.4741764696416,0.2823060207684587,6.680441991921086e-09
144,613.0,0.5157932885317132,675.5299597606063,-1955.484327301383,253.5238533933184,0.0959720593674922,6.338347330294621e-09
145,629.0,0.5129706412320957,702.5628146529198,-3112.61001303792,326.3791458343013,0.1552745199837733,1.0055661772488314e-08
146,663.0,0.5226802687114105,683.9284151792526,-2066.7706176638603,226.8117674858485,0.186011750822831,7.195795848779705e-09
147,689.0,0.5079505136469379,659.7906132042408,-3516.2607640028,295.6544974999477,0.0326826957687799,6.195156699902494e-09
148,533.0,0.5115374896395951,693.6373417079449,-2222.5880283862352,297.62475735124536,0.0904266688398341,8.791442110052489e-09
149,552.0,0.5235460408963263,722.5528957694769,-1912.8409758210184,241.73175794581687,0.2114880139790755,1.558781103071515e-08
150,559.0,0.529801061283797,707.2845955193043,-2920.811680331826,312.6484565464902,0.3840366670328438,1.0716472145715068e-08
151,608.0,0.5322545645805076,726.7632226273417,-2650.059497728944,198.47423543136588,0.3330393774587593,1.9151455942392893e-08
152,615.0,0.5272498861001804,681.4950319007039,-3540.627573430538,323.1376832280531,0.3580422415598795,6.4547013009957506e-09
153,661.0,0.5119281706074252,678.6666473001242,-3180.857899412513,316.5368014608353,0.1254861475378516,6.613750328832036e-09
154,570.0,0.5153363567497581,729.6101143583655,-2455.1309265196323,301.60921964555405,0.1539574825157931,1.9089907066763773e-08
155,577.0,0.5097076513199136,664.8607695475221,-2070.089355111122,271.3955383446505,0.0214371908696374,6.770991237521936e-09
156,589.0,0.5174453551089391,666.0660871118307,-3545.605005696416,313.5488130624312,0.2024556392613138,5.114259948817326e-09
157,593.0,0.5068834161525593,692.1426040679216,-2776.301084831357,294.4041136448435,0.0143136216040252,1.3391729714897898e-08
158,605.0,0.5202477034507319,696.9092534855008,-2397.2209811210632,310.4882488462814,0.2398308552892302,8.356897219797304e-09
159,642.0,0.5224459528597072,722.8939009830356,-3429.3761786073446,332.4399947404902,0.2994968694516191,1.5296929901194727e-08
160,692.0,0.5343848028918728,710.6276905536652,-2889.3939904868603,280.51321950293453,0.4210163925707765,1.1901037326320193e-08
161,703.0,0.5330252845166251,693.2743068411946,-3232.132398337126,307.6967870758016,0.4268406749765702,8.117221430730634e-09
162,714.0,0.5135765180923045,726.1804609745741,-2807.7231265604496,311.7344007930535,0.1426028338257673,1.8038790073790032e-08
163,717.0,0.5170999741367996,681.1539690196514,-1801.5926387161016,243.0933037983803,0.1066126600533184,6.8896766437648154e-09
164,586.0,0.5139342566719279,741.2683571875095,-2637.827870249748,280.07072499975294,0.1007377235607489,2.9547485976611858e-08
165,626.0,0.5178763146838173,717.8822816163301,-2178.074335679412,303.69549917511983,0.1951800292885596,1.3380575224066854e-08
166,638.0,0.5087376830680296,731.1615650728345,-3458.919513970613,284.97046518661995,0.0272836453466495,3.2930803077288433e-08
167,705.0,0.5093609014153481,709.7728880867362,-3361.481968313456,310.31965292039894,0.0778636751998881,1.4668507529800522e-08
168,656.0,0.5304960343381391,729.0209440141916,-2999.5759550482035,286.11983529177365,0.3660985092410407,1.9191649953298645e-08
169,673.0,0.5107526953564957,688.7716085836291,-2423.269324377179,299.7252619004226,0.0818377674193642,8.272151076885156e-09
170,685.0,0.5184878178546205,702.1552476286888,-2746.1054027080536,325.7748442462673,0.2342039989933855,9.303054079588766e-09
171,738.0,0.5210678173974157,735.6426241621375,-2482.377925515175,287.44728271918035,0.2218144750158708,2.2372291697212896e-08
172,757.0,0.5133050285838544,657.5335273891687,-2269.90858912468,240.1788067277957,0.041316710399921,5.757298102700335e-09
173,666.0,0.515606093602255,737.9429081827402,-1799.9582916498184,242.91076182934205,0.0818698457137066,2.5449365243796536e-08
174,682.0,0.5121888555074111,717.3556960374117,-1869.579254463315,281.2078877381943,0.0751417403828996,1.4901896440706263e-08
175,702.0,0.5095206280518323,718.6017835140228,-1459.2829551547766,267.2002921727937,0.012351570355461,2.078835096578856e-08
176,728.0,0.5281142838206142,718.2443439587951,-3167.2185614705086,323.8265489048836,0.3713490743817597,1.3919567668112609e-08
177,807.0,0.5279896974749864,694.5810167118907,-2368.4903014451265,254.4679526673316,0.2949781013587426,8.410355553014301e-09
178,693.0,0.5137697173561901,687.2051974013448,-1116.5156867355108,209.0222118419411,0.0245739162323286,9.336154084997804e-09
179,698.0,0.5149896203400567,744.6394199505448,-2962.5426918268204,286.71558556071693,0.1268258424798802,3.238690414475354e-08
180,719.0,0.5287584443110973,675.8701068907976,-3386.719147861004,295.6497687448811,0.3497613441968579,5.9461121224305145e-09
181,735.0,0.5315609636437149,703.1519282236695,-2342.092952504754,170.45503147268994,0.311949530337429,1.0953415963142212e-08
182,741.0,0.5161070808768272,690.4420635476708,-3476.279290392995,333.04800242878235,0.2096636304374628,7.530541632773327e-09
183,769.0,0.5089694699738174,651.6857671365142,-2708.732203021645,276.0147580702441,0.0167569404299077,6.102228519485625e-09
184,773.0,0.5141351989703253,691.3170782476664,-1658.546271175146,267.29247431369294,0.0860924732121807,8.0976409010832e-09
185,801.0,0.5109922025399283,703.3818173408508,-1543.948820605874,270.1928762546568,0.0400698192462005,1.1566260168680203e-08
186,810.0,0.5124725722009316,731.0476310923696,-976.1541936546564,220.328589143122,0.0104924209938098,2.703944712045876e-08
187,759.0,0.5241575499344617,697.4992819130421,-2948.0588000267744,325.0247379109934,0.3153352705765923,8.513215324759293e-09
188,765.0,0.5219458332797513,705.4800839722157,-1730.6430704891682,241.5949795995901,0.1850208242053244,1.0376719852913018e-08
189,783.0,0.5291556250676513,685.2365247160196,-3139.578729495406,304.66551281144206,0.3657604344255608,6.909925087035477e-09
190,797.0,0.5209294178429991,706.3560117408633,-3513.109976425767,336.1298840960087,0.2823266813433052,1.0162760430121682e-08
191,802.0,0.5199705975223333,745.0081246718764,-2236.888889595866,225.2648969704612,0.1396736943862025,3.175215413533283e-08
192,837.0,0.5150379675766453,653.4718145802617,-2193.697029724717,182.49299227446969,0.031962146674106,6.1486144148713406e-09
193,762.0,0.5141747425263747,720.6220414489508,-852.7899798005819,181.1849580726717,0.0165417361517236,1.906282392057553e-08
194,781.0,0.5181067286338658,679.2628337442875,-2468.6211302876472,294.3332268004179,0.1856091427475441,6.188455903490398e-09
195,805.0,0.5165068367216736,669.8588353767991,-3046.544375270605,305.3769676486036,0.1770010637242622,5.423572494497137e-09
196,811.0,0.5357258945330978,696.3749074935913,-2805.0351977348328,211.6616621556726,0.3970607691533182,9.486620940315616e-09
197,818.0,0.5171477359812707,716.0856792330742,-2830.546485632658,325.93938789644545,0.2150414612001129,1.2845962487906766e-08
198,823.0,0.5251666163280606,661.864553540945,-3574.778571724892,261.1980995472474,0.2557089783288709,5.0761431689556655e-09
199,752.0,0.5290192800853402,712.6485636085272,-2110.594191402197,172.87312862004106,0.2688293206185953,1.3249934738598196e-08
200,800.0,0.5315097632072866,739.959066696465,-3372.8561103343964,258.7283566269378,0.3556368201076969,2.8320761200676987e-08
201,830.0,0.5094114051479847,732.9950160905719,-2339.5149540156126,271.5783752178301,0.0170121559020342,3.2949484610838175e-08
202,850.0,0.5186151346890256,725.8461122214794,-1941.6777703911064,277.9992555517769,0.1712044426098125,1.6562873685497703e-08
203,862.0,0.5108772595738992,723.2345839962363,-3220.655192434788,308.9049593744803,0.0981802174705313,1.9046878982677928e-08
204,877.0,0.519584953407757,659.0690422058105,-3330.192233249545,272.9181106205732,0.179939823180476,4.802248891759537e-09
205,917.0,0.5116026746947319,709.180018864572,-1344.0683249384165,258.86508284555725,0.03447371547552,1.3195715435361384e-08
206,776.0,0.5241969913989306,730.554273724556,-2151.108730584383,246.2406924848368,0.2259623030602109,1.960460715543112e-08
207,794.0,0.5160697047132999,721.6224871948361,-2677.5748416781425,318.63676296219967,0.1893087358483636,1.4989090013824913e-08
208,821.0,0.5137045323010534,700.6417036801577,-2010.797310993076,295.7839689629632,0.1205611952547707,9.483831364048077e-09
209,853.0,0.5122372932685539,680.5797570198774,-2891.97885543108,312.0852317591182,0.1232887584636675,6.765732040683781e-09
210,904.0,0.5245863186893985,745.5835623294115,-3217.3752665519714,278.03646794787664,0.2649531267320679,3.2754686299746964e-08
211,839.0,0.5265989355975762,703.5229682549834,-3307.6881743967533,331.528818374875,0.3578916610676191,9.731394817282157e-09
212,893.0,0.5224092740705237,689.8664465174079,-2623.184075206518,309.81522147024634,0.2710847317297011,7.350408054721388e-09
213,935.0,0.5276443164190278,679.6103053167462,-2985.656141862273,283.9379238977536,0.3194806756074598,6.317782532622164e-09
214,955.0,0.5382035087933764,682.1284753456712,-3334.403422102332,185.6297453903123,0.4304938643177206,7.726361003569609e-09
215,983.0,0.5234187302645296,689.5107356458902,-2718.5835409909487,311.2872068724271,0.2879170319449452,7.317486646466014e-09
216,890.0,0.5145900323009118,735.3105387464166,-3561.132387444377,320.18350996110985,0.1698624291655394,2.3347627988278324e-08
217,906.0,0.5128342913882807,739.3845443427563,-2081.424782797694,258.3666740761148,0.0537306849517379,2.9478519226532772e-08
218,930.0,0.5203722943225876,729.9788365140557,-3194.6274552494287,325.2463512307902,0.260792064494429,1.865455397085858e-08
219,951.0,0.5248418396664783,706.9524493068457,-1828.667751699686,208.0863647172129,0.2114082866255631,1.115973313247904e-08
220,965.0,0.5154616449959576,698.4425223991275,-3259.1053795069456,331.94361097963184,0.1989360767589177,8.814340603642536e-09
221,981.0,0.5126376197114587,665.4918576776981,-2497.625955194235,276.691536839742,0.0754864803713114,5.592302117397153e-09
222,993.0,0.5100338034518063,686.850252635777,-3599.581401050091,320.93580714950434,0.1044820445481065,8.256042265716153e-09
223,1021.0,0.5219746124185622,674.9543315544724,-2794.297255575657,289.16955236425537,0.2380330395018337,5.785889066429891e-09
224,855.0,0.5237750813039019,674.59862023592,-2663.935523852706,259.6705043851654,0.2317442282831143,5.9885461203060805e-09
225,865.0,0.5104464924475178,671.8795577809215,-1853.028767555952,267.9935336944025,0.0282463287065195,7.069294101474334e-09
226,881.0,0.5076442302716896,699.2071543633938,-3003.911994025111,297.0847813439969,0.0303991995687677,1.3697065650091224e-08
227,885.0,0.5126699277572334,674.0338497236371,-1363.324852287769,229.5218927851317,0.0211126105363611,7.843446592186824e-09
228,897.0,0.5087009880179539,696.7150548473,-2652.748016640544,297.39346675796907,0.0469692287858165,1.1274837948558597e-08
229,920.0,0.5273882797872648,716.4413333311677,-2511.217321828008,292.9082747750042,0.3257296347288107,1.3207721534790372e-08
230,927.0,0.5322919362178072,701.2390565499663,-3447.4352806806564,326.2313652964118,0.4343264624945362,9.502559917918077e-09
231,933.0,0.5168082812661305,684.8881378397346,-2314.6886721253395,298.135644980085,0.1712040350084437,6.8030515513939884e-09
232,949.0,0.5139853711100295,655.7295846939087,-3413.687408342957,287.0688261793943,0.1118130123167319,4.705989964641386e-09
233,971.0,0.533958695223555,672.4622624367476,-3489.178355410695,181.6130703142557,0.3565021932702775,6.577722601327663e-09
234,866.0,0.5204737382754684,720.2606184780598,-1590.748469531536,225.03562423533552,0.1479273086738239,1.4791303173700162e-08
235,872.0,0.5228159377770498,713.246227055788,-3089.1395408660173,330.46851078523684,0.3024445800155023,1.1950302904952398e-08
236,909.0,0.5178368670167401,694.2335455864668,-2977.231963723898,328.3320090675569,0.2281819304744022,7.98931831584192e-09
237,926.0,0.5102814421709627,726.5370079129934,-1676.3435427099466,264.2605235168365,0.0203822170843439,2.3748427620759146e-08
238,944.0,0.5283289920119569,721.9772250950336,-2780.6442584842443,300.9104613945565,0.3491403525722584,1.5403488596232913e-08
239,954.0,0.5148727456387132,714.9261982738972,-1561.7455892264843,265.7427953960824,0.095840328915928,1.3023681380198203e-08
240,1016.0,0.5259527128655463,725.2496178820729,-3400.1029081642628,328.13052235846493,0.3448387125909489,1.6667972470237248e-08
241,1043.0,0.5395422722352669,693.6742988601327,-3120.970354601741,225.05286502023603,0.4668010111288653,9.066433063927321e-09
242,962.0,0.5217187682352961,713.5936414077878,-2256.5797738730907,303.1143247633906,0.2521745331860848,1.2010652637914612e-08
243,978.0,0.5189179594814778,740.933997258544,-3461.905406042933,316.9668791085065,0.228793955648155,2.6774841034251186e-08
244,1002.0,0.5114973445981741,719.1889306902885,-3028.2994732260704,313.0981163885952,0.113887645913479,1.618506083021896e-08
245,1034.0,0.5130539522366598,734.0207493677735,-2979.4418055564165,302.697393003128,0.1211883147525152,2.3675412271587616e-08
246,1039.0,0.5289857419533656,668.0665542557836,-3215.2193438261747,168.9817322485034,0.2670592892103077,6.16979374705048e-09
247,1066.0,0.5126212331745774,740.6000743061304,-1779.5296389609575,242.3821517638084,0.0322388761391283,3.238744093137387e-08
248,1005.0,0.5191736326739192,704.0983486920595,-2038.0442027002573,296.0241156598734,0.2042120514457778,9.687168123543488e-09
249,1018.0,0.5143215422146022,750.2226394042373,-1814.1356740146875,200.08843949295587,0.0286162703003042,4.552620983055072e-08
250,1025.0,0.5088328467542306,701.6683520376682,-3536.716701462865,312.39405267254267,0.0733605173852834,1.2500298338192069e-08
251,1029.0,0.5142936396133154,675.0887276604772,-1097.8587605059147,168.91480484793482,0.0133158530868694,9.057589966969933e-09
252,1055.0,0.5318088180711493,695.4068546742201,-2516.892101615668,207.2981314225452,0.3290045232827364,9.165477455440576e-09
253,1106.0,0.5184345382452011,745.8291586861014,-2502.3652274161577,260.3454250420222,0.1464167317351696,3.228310170886372e-08
254,1160.0,0.5244164832681417,727.9447292163968,-3138.3285149931908,321.9571301129212,0.3154785453877141,1.7870370939548512e-08
255,1037.0,0.517968597006984,689.2797910794616,-2087.121060490608,288.16196915674715,0.1749134354300341,7.327884828188895e-09
256,1042.0,0.5192003210727125,718.9718215167522,-1349.8789317905905,177.70914434986,0.1014432853574103,1.5017989622833344e-08
257,1048.0,0.5268172254180536,710.0819008052349,-3449.6751230210066,333.3682265588386,0.3630188724227624,1.1276820435902497e-08
258,1058.0,0.5198009395459667,728.3077068626881,-2319.450917467475,297.0388540659168,0.2151342389503739,1.7735367776852685e-08
259,1077.0,0.5135020813019946,650.777220018208,-2546.875446662307,231.6100665056254,0.0367440274606281,5.5617413575747335e-09
260,1085.0,0.5217363679688424,698.6945941671729,-1566.621707752347,163.50682938474853,0.139990889023515,9.797772107032969e-09
261,1090.0,0.5212353899143637,714.7972649335861,-3257.8849375247955,333.1352673277088,0.2830344915888582,1.235453556361364e-08
262,1133.0,0.5193935107812285,709.519350938499,-3026.1458572000265,331.07168415173817,0.2541042888050663,1.0899305623667484e-08
263,1137.0,0.5074307291582227,652.5062754377723,-3353.771921619773,290.3005466603115,0.0158268436272538,6.358029051831221e-09
264,1151.0,0.5331563963834196,686.5253270417452,-3397.917575016618,304.6444534001462,0.4257647967760604,7.171330740372473e-09
265,1165.0,0.5176232215669007,674.3676868453622,-3267.326239496469,319.3702694234307,0.2130575969651317,5.744588807000509e-09
266,1053.0,0.5207709077978507,660.1230850815773,-2730.938171222806,169.91775864840457,0.1255355967475223,5.6528527610474525e-09
267,1074.0,0.5169988010870293,755.6353743001819,-3412.4375827610493,264.492769206443,0.12828393743009,4.9401388787328015e-08
268,1093.0,0.5148905074782669,700.0564197450876,-2251.649736240506,308.23942835031534,0.1569781096111734,9.162326959406404e-09
269,1104.0,0.5298842698615045,736.7952035740018,-2717.331408709288,167.60089252175243,0.2821720493041538,2.6280045756927563e-08
270,1114.0,0.5168249060167,729.7583817318082,-1512.2205879539251,228.41437131906625,0.0894678202384157,1.951315034276401e-08
271,1130.0,0.5116292006522417,724.0827031806111,-2032.290840893984,279.5632144567754,0.0639198762639818,1.8653415675089284e-08
272,1141.0,0.5128612681245431,694.4814098626375,-1280.7627707719805,245.30285837897955,0.0391987590336872,9.566170940063316e-09
273,1146.0,0.5144533553533256,751.4249061793089,-2796.538653597236,253.2090861248996,0.0738415499816591,4.4077173135042784e-08
274,1181.0,0.5204461253527553,705.1523736864328,-2672.646748647094,323.6215180174048,0.259794374528996,9.895700448086152e-09
275,1186.0,0.5201902610529214,743.3956026285887,-3048.783828690648,296.74423190174195,0.2206583849582229,2.9302095754644586e-08
276,1191.0,0.5275060187466443,688.6906779557467,-3370.672292634845,325.5454295492344,0.3644031000266121,7.302685319365482e-09
277,1061.0,0.5163247768813745,683.7444641441107,-3196.0131146013737,326.51209765924733,0.2039240156525474,6.6913531915037395e-09
278,1079.0,0.5249739558948204,704.8122265562415,-2782.0598915219307,320.6691895658015,0.3220904849063098,9.935141635854974e-09
279,1109.0,0.5120661817863583,670.9142461791635,-3463.323023915291,315.48592941265656,0.1259246622737961,5.849766823083431e-09
280,1115.0,0.5370012196246535,696.9602003693581,-3285.0978188216686,297.4204555323538,0.4769637093223605,8.903120099181891e-09
281,1121.0,0.5102534669823945,681.4287912845612,-2589.4969649612904,298.7492560048923,0.0727235874802876,7.417731782312854e-09
282,1140.0,0.5346092975419015,717.9338867589831,-3051.662254706025,288.1024278977835,0.4316846618954777,1.429641218769586e-08
283,1162.0,0.5126962191890925,748.9328679069877,-2473.362347111106,247.3115501197996,0.0386375955979848,4.438108092304374e-08
284,1202.0,0.5173675282578916,710.6646629050374,-2005.0454378128047,297.5413003329434,0.1788502898407758,1.126634951803734e-08
285,1111.0,0.5236381363030523,692.1202660724521,-1892.2006499022243,204.299799641052,0.1891184415389292,8.427035808881592e-09
286,1226.0,0.513688592184335,715.7462613284588,-927.1257162094116,204.98917299979115,0.0207131891440646,1.6321973950102997e-08
287,1239.0,0.5232034690352156,677.149572558701,-3525.474262610078,324.2537547302879,0.30058947603354,5.970294674395812e-09
288,1144.0,0.5254691199678928,731.1399421095848,-2560.516481101513,281.1151285318201,0.2823669265959653,1.9841430137104965e-08
289,1150.0,0.5086726053012535,711.822820417583,-1627.0443767309189,275.54806910928664,0.011361137609693,1.858719039410468e-08
290,1256.0,0.5229479681747035,715.3864357247949,-2199.911366030574,293.3454943783845,0.2583000688447241,1.2599247505168637e-08
291,1263.0,0.5307562202634291,700.4185393080115,-3090.556689351797,316.012091621365,0.4016699421415148,9.269939957580574e-09
292,1189.0,0.5166385640297085,668.6565826833248,-2242.5632804632187,249.8286102236296,0.1057541404087884,5.777657766886702e-09
293,1216.0,0.532416796819307,724.6727888286114,-3309.929934516549,308.1928449304255,0.4182602475998757,1.7032930006105266e-08
294,1223.0,0.5260279670590535,709.882386252284,-2431.6373839974403,297.76799073600193,0.3106652909161794,1.1180685094180025e-08
295,1237.0,0.5124568682862446,685.9435379132628,-1947.3759926855564,281.90538976166266,0.0803702270662013,7.500005747236205e-09
296,1246.0,0.5110092041408644,718.2813008874655,-2290.1015259325504,291.49563565044247,0.0727364086794978,1.6282013338576063e-08
297,1252.0,0.5377126736799256,735.5623935908079,-3422.7487586438656,185.8851331282974,0.4221525984622951,2.633739056327912e-08
298,1261.0,0.5190138132078573,664.4314663484693,-2405.372231081128,207.78288644085097,0.112583096671922,5.771723095088013e-09
299,1298.0,0.5191383779281751,747.6248410716653,-3182.9623237252235,289.75846984893275,0.1951330265590317,3.447351963953775e-08
300,1309.0,0.5210854385886341,690.7801948860288,-1794.229183718562,228.93998599928497,0.1608901851505259,8.014816675181553e-09
301,1336.0,0.5261662963731215,733.0610705167055,-3230.798237398267,313.03255060542625,0.330699112113787,2.1179865413978368e-08
302,1178.0,0.5154984813649207,720.0085753202438,-3511.8880458176136,332.3184461838579,0.1999749214927965,1.4472481317497266e-08
303,1214.0,0.5096309828478843,738.416491523385,-3171.185230091214,276.1231242091825,0.0273360864751211,3.8621924791550134e-08
304,1234.0,0.518746950509958,730.7998526468873,-2894.187208637595,317.7130897461232,0.2272812228030072,1.913710533281204e-08
305,1282.0,0.5219624887080864,720.3429643064737,-2531.3514713197947,312.6656583231236,0.2680709531772319,1.4254518366369544e-08
306,1313.0,0.5109724447177724,694.6028826385736,-3312.514866515994,322.37695029336885,0.1203631417828088,9.16631626022753e-09
307,1205.0,0.5138364741858095,695.7479171082377,-2828.3909250050783,322.2695544745739,0.16187959262061,8.568592128377512e-09
308,1249.0,0.509875137670897,666.5166772156954,-2757.64394402504,289.0699456852926,0.0514500442086743,6.0662045345804544e-09
309,1253.0,0.5160420420020819,706.4849164709449,-1595.6265326589346,267.7555134060023,0.1171047472998194,1.051526883727938e-08
310,1277.0,0.5218378334632143,691.5375616401434,-3562.516102194786,334.8071206331292,0.2936519597144167,7.577461045675986e-09
311,1301.0,0.5113569901743904,672.8344460949302,-2333.385268226266,284.0025002884818,0.0664333148905737,6.309005168908345e-09
312,1322.0,0.5123206257307902,710.9967366978526,-2744.748134538532,315.698991510657,0.129992474259233,1.2502869330039e-08
313,1357.0,0.5172319616191089,687.4548077955842,-2809.026757255197,320.7414251119483,0.2092106536739882,7.0825577743334915e-09
314,1217.0,0.5094286855310202,688.0959979072213,-1480.8017313480375,271.03551211016435,0.01648023343482,1.00263136331198e-08
315,1221.0,0.5152578430017457,655.1443186402321,-3095.683467015624,265.85254793890243,0.1021378424252643,4.824917951598676e-09
316,1303.0,0.5229002755647525,682.7833854034543,-2997.307748347521,315.79517363549104,0.2858329565045768,6.520922907918537e-09
317,1338.0,0.5151215193094686,742.088924497366,-2101.865264028311,252.97713569556643,0.08444326236375,2.9580185113071848e-08
318,1354.0,0.5137962647713721,732.0712566003203,-1806.437636911869,261.3291022538129,0.0729407196331417,2.1784291063051063e-08
319,1364.0,0.5352822207007557,725.9121230617166,-2839.7651340812445,166.6246356437565,0.3751954405531921,1.948756144128835e-08
320,1272.0,0.5257719505438582,746.1692485958338,-2842.9315857589245,206.668819484372,0.2264579594133127,3.487521643954808e-08
321,1325.0,0.5187074384698644,696.3235171511769,-1864.7870354354384,276.3879550725107,0.1705404668727365,8.358763576189164e-09
322,1352.0,0.5247201959136873,752.3402132466435,-3385.3598948568106,244.65383504617725,0.2332036975133627,4.404393198924397e-08
323,1274.0,0.5141066137468443,736.4541979134083,-2627.947809174657,292.04546156159466,0.1210938101320369,2.4657730196112124e-08
324,1285.0,0.5141577127622441,705.7266312837601,-3427.0848378539085,332.4254727915919,0.1809460131402999,1.0470604574117854e-08
325,1291.0,0.5348602247750387,679.2114711180329,-3324.494359642267,230.30111883158952,0.3912037506768832,6.908414560403117e-09
326,1329.0,0.5081702200928703,661.9303784146905,-2669.6591399610043,285.76759720610613,0.0197758699671195,6.757244198879153e-09
327,1345.0,0.5094926743209363,703.4715911000967,-2374.245674908161,294.0426514080859,0.0535757993886485,1.2342453074936271e-08
328,1374.0,0.5107242911821231,733.9013365283608,-1395.8662502467632,250.83759792122584,0.0104007281195323,3.1749050486012025e-08
329,1381.0,0.5156238339841366,693.0511529743671,-2488.156137987972,314.358310392616,0.176701211085093,7.930234106304849e-09
330,1399.0,0.5242890653479845,699.1118178144097,-2116.4059180766344,270.81733532423414,0.2519686386791088,8.895840677227843e-09
331,1424.0,0.5302813634462655,742.4363388493657,-3356.3567865639925,253.4620430462333,0.3313406464132523,3.0865412188296216e-08
332,1341.0,0.5215317215817049,667.1210204809904,-2963.82251791656,272.73922464759227,0.2105176671175375,5.298959082434e-09
333,1365.0,0.5122158107860014,702.489171475172,-1067.1079449355602,238.6941476929767,0.021896094800199,1.211866884270542e-08
334,1378.0,0.5204965484514833,737.7242531627417,-3478.406258672476,322.1737769671224,0.2586792154932584,2.39519343749313e-08
335,1469.0,0.5210970547329634,682.2089202702045,-2460.9110567718744,289.8491330611597,0.2254001408131241,6.467154696073448e-09
336,1476.0,0.5384734660061077,713.5571125149727,-3200.356221199036,284.12402000214803,0.4879504638501658,1.3047341924338452e-08
337,1498.0,0.5161857657833026,714.4262687116861,-2391.606081649661,314.12672183303835,0.1846641505271946,1.2439793324969537e-08
338,1509.0,0.5159252733318135,678.080440685153,-2880.3257200866938,313.3115454520841,0.1796605054273429,6.13573358634998e-09
339,1361.0,0.5066919094882906,674.5033131912351,-3579.566640034318,300.71781378738854,0.0220667537103107,8.987414048807406e-09
340,1397.0,0.5128214812837542,663.8338918611407,-3244.391327351332,301.0183132550104,0.1151217705571851,5.230386019376807e-09
341,1402.0,0.5147457539802417,722.7595057711005,-1736.3159660249949,272.3173812327862,0.1025705654865804,1.5910594204137186e-08
342,1408.0,0.5331053032353521,711.5932314842939,-2600.9743720293045,243.8073024467255,0.3702854594794304,1.2450569804475592e-08
343,1413.0,0.5145813849847763,660.6973261386156,-2018.467902392149,213.7254729969599,0.0413237935641694,6.145699887616953e-09
344,1429.0,0.5117573221493512,687.7465606108308,-3063.029758259654,319.0586370041068,0.1267942315097801,7.790743324361994e-09
345,1368.0,0.5275428002979606,723.1395047158003,-2346.9714917242527,259.52964688992137,0.2923536124987492,1.5995455150637423e-08
346,1375.0,0.5310772446822375,708.5743169486523,-3168.4973683208227,320.5075592743701,0.4109910428200576,1.1128029616518845e-08
347,1415.0,0.5253444692492485,696.6783122718334,-3589.494152739644,334.97883909092155,0.3437904104106146,8.414027674171179e-09
348,1441.0,0.5105597505252808,679.5735904574394,-2133.2850459963083,283.75193359379006,0.0536529895393616,7.240838884309894e-09
349,1448.0,0.5236776421405375,720.9403743967414,-2922.91574254632,323.01110062427426,0.3059828303686036,1.4582537817915532e-08
350,1485.0,0.5169621055340394,672.4255057796836,-2643.639985844493,291.6990620448461,0.1643849212795559,5.637639583350369e-09
351,1505.0,0.5101894781924784,695.1678795740008,-1711.924859136343,276.7947700460616,0.037145205134006,1.0080490705916662e-08
352,1511.0,0.5267668081866578,686.8574544787407,-2645.237398892641,282.489494553829,0.3041894445203247,7.098195011564169e-09
353,1522.0,0.5180960211297497,723.7140266224742,-3111.2512294203043,328.06826239589583,0.2315669885767151,1.56047241980148e-08
354,1421.0,0.5178607540996746,702.7854160964489,-1208.6127564311028,156.59755378663758,0.0704968359041497,1.10279578681442e-08
355,1438.0,0.5103039063420147,716.3315631449223,-3395.2221494168043,314.065608403842,0.0977573985616322,1.6201046339265887e-08
356,1466.0,0.514853024026379,727.0010390132666,-3280.6516483426094,324.742445023671,0.1801722891415987,1.7827930057045624e-08
357,1482.0,0.5133629904082045,747.1005443111062,-3547.707512229681,288.92398036797294,0.1049786309593201,3.82726439972157e-08
358,1487.0,0.5285891564795747,692.4547158554196,-2857.5624525547028,302.5308922515738,0.3548800363195249,7.846188602771302e-09
359,1504.0,0.5316834699781612,731.7156029492617,-3539.295357093215,307.804870853486,0.4069257011464427,2.1068498993478595e-08
360,1525.0,0.5131023256247863,708.921788521111,-2173.2840344309807,301.62024765946023,0.1202782268230837,1.1573829348756684e-08
361,1392.0,0.5292388121876865,713.8508310541511,-2950.1609176397324,314.9796412477514,0.3782359110463642,1.2509930450540226e-08
362,1426.0,0.5194412082526833,732.7127408608794,-2227.434542030096,283.11393696310284,0.1908879083104349,2.029631186544389e-08
363,1457.0,0.5077369322348386,706.8424790725112,-2726.948167383671,291.40124263764966,0.0223598798152082,1.693698048745153e-08
364,1461.0,0.5139614920737222,666.4055059105158,-1638.531295582652,211.1971729056897,0.0292066344225578,6.9392083217930025e-09
365,1477.0,0.5153087154962123,684.5091615989804,-1371.4762900024652,209.61843074040647,0.0509774265376721,8.096316596959956e-09
366,1534.0,0.5089575182599947,725.3302764892578,-2505.5177316069603,280.21382660726937,0.0231226959743848,2.5782713218587977e-08
367,1442.0,0.5202189745614305,712.0390095934272,-1426.0627638548613,188.06518984654528,0.1232795816681582,1.2615144535357616e-08
368,1453.0,0.5182961232680827,651.3528079912066,-3496.6366097331047,248.0529131431733,0.1310298135760521,4.685151907292464e-09
369,1473.0,0.5092241871682928,658.5008935630322,-2994.043942540884,285.91860744259145,0.0363496278583307,5.787400896923032e-09
370,1501.0,0.5197641534684226,699.46020424366,-3341.8299190700054,334.4220832279658,0.2636335636432479,8.790483060418153e-09
371,1515.0,0.5359050907799975,704.0616197511554,-2967.957532033324,276.5180864986486,0.4412249472122337,1.034421060730972e-08
372,1576.0,0.5234771140757948,740.4986594244838,-2975.492205843329,291.43114234493777,0.2640024468828034,2.6793043381218243e-08
373,1637.0,0.5157576839672402,701.3887266069651,-2933.7673500180244,328.0883850389096,0.197903117357013,9.325086712695932e-09
374,1653.0,0.5129567950824275,670.6059280410409,-1895.2681247144933,254.2271164149967,0.0507066995350146,6.402334668235824e-09
375,1588.0,0.5340308991167695,737.5117644295096,-3302.706229314208,227.5192596961361,0.3759109067391644,2.7034366630600577e-08
376,1610.0,0.5139260874176398,721.9007869437337,-3150.2839487046003,323.8622742262913,0.165477066874448,1.5766528981052624e-08
377,1618.0,0.5183252626191824,736.9497856497765,-1520.9450528025627,163.02814428237718,0.0807849003330159,2.52795559426198e-08
378,1624.0,0.5277659215731546,729.895039498806,-2792.5780970603228,287.322028755671,0.3251736607347907,1.936635990059728e-08
379,1634.0,0.5207197501929477,716.2467592954636,-2125.768396630883,296.2811963354145,0.2280984298759051,1.2794056219180992e-08
380,1538.0,0.5220963399484754,725.1868887245655,-2987.498950213194,323.6164498510153,0.283747313349478,1.6287203484905243e-08
381,1543.0,0.5258526146691292,675.2285540103912,-3192.9357558488846,297.21657349677,0.3073461076036246,5.840167155547752e-09
382,1562.0,0.5159613646334037,710.2258441224694,-1242.0654986053703,219.9893164691243,0.0688093342784624,1.2286386152127311e-08
383,1585.0,0.508305447306484,672.0406342670321,-3117.02460385859,298.39118842247353,0.0426054465809932,7.173337009556246e-09
384,1664.0,0.5332336593838409,734.8742923140526,-3044.8235001415014,203.02044150393627,0.3514288602247195,2.481896397013244e-08
385,1541.0,0.514380910396576,680.2720835059881,-2077.9657255858183,280.0169104729159,0.1076463488459632,6.570526579825234e-09
386,1552.0,0.5308444401714951,719.1188976541162,-3415.5250132083893,324.68784367362235,0.4118462438789578,1.445876925416857e-08
387,1557.0,0.5115787347219884,653.1642143800855,-2778.985121101141,264.9911224276257,0.0421544370232191,5.313420153861449e-09
388,1569.0,0.5111063784360885,699.3683041632175,-1968.6617955565453,287.9898958030473,0.0687350503734369,1.013117718396648e-08
389,1578.0,0.512536880467087,734.5341456308961,-2297.3801895976067,276.89267386928765,0.0741962328139864,2.482281270687317e-08
390,1589.0,0.513414960722439,704.7140126675367,-1473.578455299139,262.6626382769624,0.0685109902128501,1.0766359890538984e-08
391,1613.0,0.5174482124159113,706.9858722016215,-2358.1533931195736,314.9236025146117,0.2043967577047225,1.0364821766400962e-08
392,1655.0,0.5245053966110572,694.3905593082309,-3460.24803891778,333.4231892506363,0.3300722257255289,8.029870096087288e-09
393,1592.0,0.526300238808617,713.4073106944561,-1881.68201521039,173.83669130044606,0.2222719414706291,1.3290255666711032e-08
394,1599.0,0.5326773929130286,698.6150770634413,-2734.8845656961203,266.06899045499665,0.3807730483118453,9.156121245738788e-09
395,1605.0,0.5147951307240873,664.9270505085588,-1769.009716808796,201.0477835333637,0.0372088254348866,6.643020279433017e-09
396,1626.0,0.5167268039705232,754.6336149424314,-2564.482831209898,213.86247638131167,0.0775916122047203,4.86008698304614e-08
397,1633.0,0.5103351052943618,675.3658139333129,-1433.579359576106,259.10733808516164,0.0143320227378134,8.32744728713086e-09
398,1650.0,0.5178954731160775,745.1692780479789,-2720.4194828867912,278.20018367413024,0.1601796507621367,3.1478248321420177e-08
399,1559.0,0.5230300055909902,704.1528322920203,-2549.9422777444124,315.4359341042825,0.2872985989370767,9.729590751918013e-09
400,1581.0,0.5188372596912086,689.6759998425841,-3219.183749333024,330.61229988275227,0.2455388931056564,7.339597494276772e-09
401,1601.0,0.5097157882200554,682.0584309101105,-2821.606646105647,303.0820944598658,0.071552004553064,7.702553910347748e-09
402,1629.0,0.5202723185019568,679.8927639424801,-3401.8633257597685,327.2619418217419,0.2619040050191799,6.211611351052315e-09
403,1671.0,0.5255621784972028,690.2578461915255,-2238.60981836915,249.35029365245703,0.2509824589984346,7.774051547772794e-09
404,1685.0,0.5118925460940227,698.2520989701152,-2610.3986755013466,312.16734488640753,0.1183081787253251,9.507381343988677e-09
405,1682.0,0.5196630333503709,712.8172822669148,-3573.038760200143,336.1408614499845,0.2643430432656269,1.1763901102030571e-08
406,1706.0,0.5121585189690814,749.5634516701102,-3141.4163880050182,263.3682745149319,0.0492678659336256,4.6706259821767544e-08
407,1666.0,0.5224650859786197,740.1575969904661,-2366.728220880032,248.3473397252432,0.1994813497392059,2.6528510978294253e-08
408,1674.0,0.5127695961296559,727.8708299994469,-1606.1980538070202,256.76844398825244,0.0507192392974604,2.0194502560032264e-08
409,1709.0,0.518512458554469,674.6467081084847,-2149.271125718951,248.87275313981195,0.1353803042728034,6.146351111348813e-09
410,1669.0,0.514715327504091,665.3013895452023,-3374.618244543672,308.17432749689954,0.1542704924501779,5.166602334356292e-09
411,1675.0,0.5347037280211225,698.793782480061,-3377.0708229392767,316.4643465430495,0.4601647304525021,9.140579434380983e-09
412,1697.0,0.510782956960611,654.3975954502821,-3484.1693870723248,289.2705936458792,0.0657554905209422,4.9878939844372526e-09
413,1736.0,0.5252448313869537,715.664970614016,-3332.028121501208,331.9702113194624,0.3389944449276757,1.2811177219111345e-08
414,1745.0,0.5065353924501688,695.9386581555009,-3188.734893500805,296.5992467578632,0.0127201303596908,1.5762131584905606e-08
415,1694.0,0.5105216176016256,738.1091175228357,-2039.0746906399727,259.9659324818557,0.0184628910942842,3.5394182988388e-08
416,1704.0,0.5238993867719546,725.527951605618,-2470.2802676707506,297.0783330270546,0.2774896548374353,1.6579989557011602e-08
417,1711.0,0.530155822695233,680.8548451587558,-3264.2510265111923,295.08027329882054,0.3704416028290274,6.457233326198881e-09
418,1725.0,0.5213146835146472,703.7907699495554,-2904.764147847891,328.43962692030874,0.2784018783065911,9.621972988251572e-09
419,1729.0,0.5093580444436521,667.0291293412447,-2539.6517012268305,284.6055523445454,0.0363276075690372,6.4489463120797004e-09
420,1741.0,0.5170918369013816,662.0151751115918,-3087.4821200966835,283.74193529712085,0.1551955200459402,4.941918189045487e-09
421,1713.0,0.5079586735134944,687.1285345032811,-2272.5514333695173,289.00363983934267,0.0218077866854328,1.02363407733342e-08
422,1722.0,0.5149814713699743,718.5297840833664,-1929.77129034698,289.2075531948298,0.1303411668511161,1.40528850865874e-08
423,1759.0,0.5316348388046026,670.0167572498322,-3559.4389714300632,238.66144582179768,0.3426473131998861,5.924919089566844e-09
424,1757.0,0.5198926020693034,694.980645403266,-1994.468927755952,281.46823416670367,0.1957539687395108,8.105308008218651e-09
425,1765.0,0.5161483945231885,656.3594380021095,-2427.683278173208,202.55569238130045,0.0610507414836552,5.649203664980104e-09
426,1754.0,0.5164033904578537,739.5457191765308,-2845.996056497097,299.6190026887309,0.167192756700142,2.59891839388974e-08
427,1743.0,0.5288109050504863,701.0486366972327,-2408.439290151,266.9050461460432,0.3198080479568417,9.446509265200953e-09
428,1749.0,0.5123503655614331,677.0641648769379,-1233.0632876604795,230.41974387670143,0.0165578124874393,8.471595242007141e-09
429,1767.0,0.5268951655924321,706.6448669880629,-3099.629633501172,327.047227079524,0.357223452870138,1.0428668700627917e-08
430,1773.0,0.5191093237372115,700.5532699078321,-1671.331550180912,255.87188830028208,0.1523455829338541,9.247950015968588e-09
431,1826.0,0.5200171882472933,718.1898585706949,-2763.2972091436386,323.9421908488519,0.2539787395415616,1.3428086403224304e-08
432,1772.0,0.5396360039152205,727.7262219414115,-3442.4514044076204,268.1146692268565,0.493473062805482,1.9788709273165385e-08
433,1786.0,0.5142156912246719,746.3259981200099,-1451.3786897063255,189.63161682403944,0.0212773298221646,4.046679249823309e-08
434,1823.0,0.5319385514501482,690.6210443377495,-2960.7342157512903,284.1381774985361,0.38642665455129,7.7279849740964e-09
435,1840.0,0.5286828910093755,726.133333556354,-3179.0150843560696,314.60275152948805,0.3696313903338045,1.7381443065252636e-08
436,1845.0,0.5136304420605302,676.1891528591514,-3001.267647743225,313.1889360382268,0.1455611573659278,6.1304902901433035e-09
437,1851.0,0.5385514036659151,709.7321266680956,-2850.339176505804,189.40554016208205,0.4375158995865575,1.2942803993146632e-08
438,1778.0,0.5182312436494977,730.2571595087647,-2662.125378102064,311.1623153042423,0.2108050711961759,1.8855564581803572e-08
439,1818.0,0.516012130510062,741.4588271081448,-3233.872162923217,306.82393506430964,0.1716698573947654,2.802545143478145e-08
440,1829.0,0.5164545907266438,703.2219630479813,-1845.139743760228,287.1602680585575,0.1501219891226289,9.644211931651469e-09
441,1850.0,0.5152225235057994,733.1546486541629,-1021.4308138936758,152.16419724276682,0.0231667480214298,2.5732424413891084e-08
442,1781.0,0.5133241546619683,685.5180322751403,-3529.438466951251,329.16108263487155,0.1643779583283158,7.172527812237021e-09
443,1793.0,0.5090491779334844,691.3955471664667,-2180.562255531549,288.652726647528,0.0380468448797058,9.858808794108945e-09
444,1790.0,0.5090858790185303,720.6692393869162,-2958.1555735319853,292.26092837865184,0.0444619782121836,2.108671327521577e-08
445,1802.0,0.5131878095120191,712.4760143086314,-2526.8039502203465,312.82462187910085,0.1384733163451662,1.2574175511354348e-08
446,1813.0,0.5112534112250432,682.6512858271599,-1690.584111213684,267.9461288084375,0.0410381403055135,7.801104521433687e-09
447,1847.0,0.5251970697101206,681.2167035415769,-2329.4174294918776,215.31734223336144,0.2212128906420824,7.021807551018186e-09
448,1805.0,0.5181918020173908,697.6856072619557,-3432.732292637229,334.850452401188,0.2417753764650255,8.517992376249343e-09
449,1812.0,0.5361759691219777,715.4781060293317,-3517.9541800171137,317.7141648204093,0.4829259884426299,1.3515748714616914e-08
450,1842.0,0.5172165136039257,750.8623603358865,-2065.0788713246584,178.39773483571682,0.0676016855160205,4.2101055104958257e-08
451,1870.0,0.5080064573185519,710.8066827431321,-3273.867798596621,297.1704952613378,0.0360475584317246,1.7979239836257012e-08
452,1963.0,0.5353711365582422,691.7356368526816,-3161.6581443697214,281.26320175887105,0.4371171380304798,8.017379228570315e-09
453,1973.0,0.5140540955914185,691.218454875052,-2381.029940396548,307.76070159567337,0.1437954739801688,7.837378698515152e-09
454,1858.0,0.5213652078667655,738.2664599269629,-1910.5170127004385,189.06869500724235,0.1433366993928098,2.567512088945012e-08
455,1877.0,0.5122838930459693,662.6182861253619,-2112.4387230724096,254.31001516035167,0.0398809752568861,6.0303928355632875e-09
456,1898.0,0.511852407087572,728.9802217110991,-3388.4383130818605,312.1801236985905,0.1177333089169786,2.1372211061793008e-08
457,1909.0,0.5127328261453659,699.0181641280651,-835.1553406566381,214.9345416110886,0.0109817600638142,1.2788098785221345e-08
458,1928.0,0.5245448441104964,717.6144781336188,-2690.969790145755,315.36363111665923,0.3095190978656597,1.3415880817035226e-08
459,1946.0,0.5157203124975785,726.4881291240454,-2162.762187793851,293.770862886622,0.1483432801058231,1.7272082205052717e-08
460,1952.0,0.5311599793890491,711.9015496224165,-2818.9187709242105,297.979391463299,0.3888090467569594,1.2044845192010434e-08
461,1879.0,0.5237720701051876,702.3498234525323,-3248.351012170315,332.6292276933429,0.3186815519620774,9.393183565612422e-09
462,1886.0,0.5108306489000097,743.7134028226137,-2680.17798922956,263.1968602913961,0.0277361247314602,4.18385111670138e-08
463,1903.0,0.5305501685244963,678.9627943560481,-2805.9627156704664,155.87972583688585,0.2904966214949579,7.2510828821441234e-09
464,1935.0,0.5295048933150247,702.87363383919,-3500.596093386412,331.795570030354,0.3997878513239586,9.720247711610666e-09
465,1944.0,0.5273693360993639,750.506649017334,-3276.688530296088,184.27307778196143,0.244290762677405,4.333660051505927e-08
466,1975.0,0.524817352858372,666.2459908053279,-3059.9659178406,235.78869981650217,0.2278802320802547,5.5714190035995164e-09
467,2005.0,0.5125853135343641,707.5889952853322,-3291.2290770560503,327.3335131622247,0.1510980881988747,1.1407043275078376e-08
468,2017.0,0.5100913924071938,659.9810580909252,-2312.0441313833,270.35342580295975,0.0259958842304869,6.178841692191266e-09
469,1861.0,0.5151067549223081,693.4761722385883,-2706.0464568436146,320.5542602968488,0.1779358543936563,8.041341945004327e-09
470,1901.0,0.5195273641170934,684.012210406363,-2577.0267248153687,306.04569427052775,0.2231651133575587,6.642313870893296e-09
471,1917.0,0.522329497882165,656.9648642092943,-3165.4084224253893,171.70616628030672,0.1530732306338077,5.3996957501111244e-09
472,1925.0,0.514488588348031,696.7641696706414,-1158.221783861518,215.9784386272751,0.0412735815913728,1.0072787351628128e-08
473,1949.0,0.5205813566735015,681.8131978809834,-3128.8011610507965,322.634192607231,0.2605008702444953,6.395978648907633e-09
474,1986.0,0.5217874803114683,753.3543454110622,-3542.3690546303988,273.2223955844655,0.2151455335078475,4.43343912033387e-08
475,2014.0,0.5112309486884624,728.6840963363647,-2737.46948428452,293.35315691863053,0.07905458766964,2.21050258221077e-08
476,1872.0,0.5301073851017282,717.2060241922736,-2268.2151798158884,195.06731328710936,0.2951515055199449,1.4662269222528045e-08
477,1889.0,0.5103831970924512,705.0689431279898,-3042.128061130643,314.0069039797981,0.0988360482432149,1.1962724765394073e-08
478,1906.0,0.5175919357780367,713.9275901764631,-1755.5323876440525,277.5750431562297,0.1545777384997183,1.2196341878909909e-08
479,1912.0,0.5255988574540242,722.8604834526777,-3014.9156760424376,321.08359376593444,0.3316879621553039,1.5538083528912436e-08
480,1921.0,0.5086159142991528,676.4834424853325,-3251.2300819158554,304.1148491867188,0.0566941434671246,7.49289491072245e-09
481,1970.0,0.5174959695665166,735.8330726251006,-3359.4354327768087,321.6742343447529,0.2143287940142752,2.2607957336774453e-08
482,1982.0,0.5097662966465577,715.1150704920292,-1827.3389048874376,275.97044806225256,0.0292332505625733,1.6943913993461142e-08
483,1991.0,0.5262497082538903,684.5876476168633,-2877.237216755748,300.3646287030203,0.3170966955090281,6.774304283314605e-09
484,2029.0,0.519236928364262,669.1000958904624,-2861.5225799381733,287.2968127648077,0.1933201251401215,5.357562256412242e-09
485,2042.0,0.5142418409604579,716.6086713224649,-3073.552034050226,326.0888365380296,0.1732314188622626,1.3571110263691954e-08
486,1893.0,0.5155559448432178,671.9268308207393,-1536.0188193619251,179.7104186285373,0.0396142553177754,7.274358585781689e-09
487,1957.0,0.5168549040099606,658.3098454028368,-3586.405434831977,295.7608129421108,0.168524804748876,4.668473504558601e-09
488,1962.0,0.5121186670847238,720.7831590622663,-1389.0274554491043,253.7242364279523,0.0365002576999154,1.7309109780782578e-08
489,2026.0,0.5114397450815886,743.892321921885,-1979.824274405837,247.76409668714496,0.0185731084705481,4.1360503886868496e-08
490,2033.0,0.5072907134052366,688.9619837328792,-3405.79903498292,301.8931372697472,0.0330795448546165,1.1133068281466424e-08
491,1989.0,0.5153875804040581,678.3882724493742,-2648.317962884903,305.36106305166635,0.1602059097443905,6.197598895599624e-09
492,1997.0,0.5170301720360294,692.5500676035881,-1436.5795142948627,219.63260927948804,0.0865079457446199,8.60898368423589e-09
493,2002.0,0.5189645704906434,722.2640458866954,-2443.3068305253983,311.650282150284,0.222343022083723,1.4957849020243322e-08
494,2024.0,0.5231656793504954,738.6139310523868,-3543.760474026203,319.44798644342666,0.2942148963513876,2.5010950472834132e-08
495,2069.0,0.5114343198947608,686.5788714215159,-3223.653422668576,320.5138096320659,0.1242724109354476,7.709702652607726e-09
496,2081.0,0.5112475759536028,665.7494228333235,-2409.9241342395544,276.58190601717735,0.0534638641566447,5.8990331919174605e-09
497,2095.0,0.529733253614977,699.2960585281253,-2538.496286049485,272.76749472143155,0.340313186379412,9.108605133766947e-09
498,2120.0,0.5248228216310963,727.3093089833856,-2481.0259144753218,289.31149044705137,0.2820888060573614,1.757847565849633e-08
499,2031.0,0.5308845850452781,694.0506945922971,-2639.6723482757807,260.14659741945155,0.3467773362444485,8.375638562618524e-09
500,2045.0,0.5220596658531577,701.9941693544388,-2209.885039553046,297.6597863901508,0.2502734632814025,9.277398819634592e-09
501,2074.0,0.5158421196555719,744.0790360793471,-1700.8029587566853,200.47958373769387,0.0546952345658124,3.2957878724378385e-08
502,2097.0,0.5084244575910271,698.658031411469,-3558.1702060997486,310.25458420885457,0.0638452440720715,1.2124320765188777e-08
503,2109.0,0.5217820477485657,692.2901121526957,-2054.2005356401205,270.8526607749958,0.2122279704978728,7.787728417434905e-09
504,2117.0,0.5149361458513886,690.8120146021247,-1313.6846836656332,223.19800742324657,0.0539392777132517,8.762931399655908e-09
505,2122.0,0.5140487562352791,748.2828850671649,-2709.014743566513,261.1622269569991,0.0767930041801895,3.9054395200471705e-08
506,2129.0,0.5069477879116312,685.1420981064439,-2676.9939322024584,293.937243980597,0.0145107131624086,1.1255461083810848e-08
507,2138.0,0.5168712308676914,721.2481863796711,-2123.316629603505,298.4610027265514,0.1726230409153407,1.4710557564067256e-08
508,2178.0,0.5223458731872961,714.0410549938679,-1925.5618181079624,270.3575354373502,0.2205957825213375,1.2242771779459141e-08
509,2078.0,0.51009686101228,718.9350316673517,-2891.3926888257265,300.46083185408065,0.0730915991896982,1.782125089980269e-08
510,2088.0,0.5234432169888169,714.6155201271176,-3420.160286128521,334.25263186874935,0.3158736756781209,1.2383684055327852e-08
511,2149.0,0.515725824018009,667.5378230214119,-3378.4423168748617,312.50857755688804,0.1755649552395893,5.281313815858016e-09
512,2154.0,0.5116714530717582,726.7921380698681,-1546.0149228572843,256.7523158603089,0.0329279137191304,2.1133540183256483e-08
513,2093.0,0.5189809878729283,663.3237198367715,-2760.3293515741825,252.76310933545267,0.146976000641182,5.2610476760308124e-09
514,2144.0,0.5323113860888407,732.9061083495617,-2802.116045728326,163.34829262372736,0.3229680165113936,2.3639092732273337e-08
515,2162.0,0.517773490943946,711.7870569601655,-3175.6275918334723,332.4316805860769,0.2326648575712355,1.1537018161124071e-08
516,2053.0,0.5142582536488771,653.9193569123745,-2522.737017273903,231.7735837975507,0.0494571872628143,5.467121895359823e-09
517,2061.0,0.5180101212067529,701.6022635251284,-1478.2137013971806,234.9723976266826,0.1144358028343407,9.769827335436678e-09
518,2101.0,0.5134488899959251,678.3332873880863,-1018.2467568665744,195.0531193373622,0.010986614464015,9.541715453003789e-09
519,2106.0,0.515393177755177,737.5583082437515,-3004.451812058687,306.5484994673755,0.1620177341077116,2.470108076189089e-08
520,2127.0,0.5283538301056251,681.9330802187324,-3485.317935794592,319.1341895689915,0.3697433849055186,6.520341621145438e-09
521,2135.0,0.5235904322937132,696.8804898113012,-1743.4530559927225,167.94850983723643,0.1735397605609497,9.442888038820282e-09
522,2141.0,0.5203034918056801,705.8060445636511,-2943.029728531837,329.72421579155485,0.2654586512122653,1.0036053684004013e-08
523,2155.0,0.536504939920269,701.4939287677407,-3373.356345668435,311.7046436245494,0.4823871004975058,9.751171084931036e-09
524,2165.0,0.5129028337309137,696.5187477692962,-2340.0598146021366,306.67798481227027,0.1249724629420024,8.889937171592204e-09
525,2197.0,0.5118579623615369,671.6667680814862,-2151.667880639434,274.1515313566209,0.0595016518843246,6.260841253047594e-09
526,2055.0,0.5259718274604529,708.642747476697,-2751.673437282443,317.27667165859964,0.3327497708647187,1.0862635497040322e-08
527,2066.0,0.5192425317503512,732.0211227610707,-2285.65873503685,289.1412680895868,0.1958999219856478,1.985836132986055e-08
528,2113.0,0.5097716794209555,655.9413743764162,-3262.773048877716,287.3324500303252,0.0470809818376946,5.359330330248381e-09
529,2116.0,0.5381786593003199,721.7645203322172,-3142.564829438925,253.5248716980425,0.4597167412848132,1.6466554220116044e-08
530,2125.0,0.5175014871219173,673.1317691877484,-1899.422799423337,213.42238660039308,0.0903788688641542,6.4965477580437516e-09
531,2146.0,0.5205760099412874,742.6284045726061,-2581.09322860837,271.7722161549813,0.1942106246228976,2.8535653053091555e-08
532,2209.0,0.5108143233833835,680.7787252962589,-3028.844555094838,311.2198653642253,0.1008631216948413,7.118250457802971e-09
533,2270.0,0.5110610694298521,730.8356161043048,-1345.5455213785172,249.16221053395964,0.0139583844262766,2.7117989389649984e-08
534,2177.0,0.5084452597983181,674.2879812046885,-1718.5987550765276,277.12901834781576,0.0102439364852508,8.845781636065394e-09
535,2181.0,0.514658556538634,698.9486446231604,-2915.7844461500645,326.1731861905688,0.1793749254264977,8.993139478258738e-09
536,2194.0,0.5195219766488299,746.9332404062152,-3131.7693538963795,289.5064152248053,0.200697699095315,3.353321066271288e-08
537,2295.0,0.5242160878889263,705.4513062164187,-2398.7512182444334,303.73314250870504,0.2905047586835887,1.0043796654023748e-08
538,2333.0,0.5210487212426961,700.2274031937122,-1840.5455622822049,263.660137226926,0.1922016703193127,9.0906478743164e-09
539,2199.0,0.5227913350472226,692.8875222429633,-3287.563003599644,331.5378547398438,0.3033649990377854,7.774136747858695e-09
540,2221.0,0.518546355641447,708.2944178208709,-2594.06301677227,322.4011745999953,0.2305957087159949,1.0620548115906712e-08
541,2237.0,0.5213707678345963,677.2022297978401,-3349.439315870404,322.21884307296284,0.2714601884846718,5.947990274232607e-09
542,2257.0,0.5066793137509376,670.0541987642646,-2733.402993902564,293.7733771810696,0.0101305487852097,9.088841104194608e-09
543,2274.0,0.5209982934501022,727.6576954126358,-2864.7066235542297,319.15765238904555,0.2621493239795489,1.7429763380242277e-08
544,2279.0,0.5270389058440924,672.5572468340397,-3554.858549684286,304.6509953651482,0.3339856042727332,5.622280282934679e-09
545,2288.0,0.5291306870616973,720.6517492607236,-3334.9056892097,324.8543015078524,0.3871856656687791,1.4927897578330105e-08
546,2317.0,0.5182256883755326,671.3031108304858,-2991.5658697485924,303.7017821014708,0.2004393605965058,5.490094700080922e-09
547,2218.0,0.5123002623161301,723.4437084570527,-3596.6246981173754,323.70497299758114,0.1416493148577631,1.7538815393977698e-08
548,2264.0,0.528014203645289,711.189703643322,-2166.1398634314537,237.70842292507405,0.2821650506162599,1.207032662417473e-08
549,2312.0,0.5240886746626348,736.6132476553321,-3203.1511701643467,310.93580763659384,0.2974252865660626,2.348955372024157e-08
550,2321.0,0.5062793875858188,690.6989961490035,-3346.383042633533,298.34543227319114,0.0117981104528515,1.4453856870358976e-08
551,2330.0,0.5161320192180574,715.5450274795294,-2775.1413479447365,324.11829344939974,0.1978449649219971,1.2795096212288766e-08
552,2347.0,0.5357847732957453,703.4116109833121,-2647.715511918068,156.58366948798766,0.38150940279663,1.1381109990238645e-08
553,2226.0,0.5173149748146534,738.4532813727856,-1629.5100040733814,203.11521298536744,0.0811728351983548,2.6054039117509664e-08
554,2232.0,0.526579935667105,732.3759178817272,-3056.119154021144,305.07996296532906,0.3275996090401895,2.0774757423203112e-08
555,2248.0,0.5251915566809475,742.280017696321,-2873.173717036844,262.4905409593054,0.2574242729316404,2.9066373415320017e-08
556,2261.0,0.5124036724539474,703.1816197186708,-1674.209091067314,276.4944345159771,0.0715192030819976,1.0534539708546492e-08
557,2343.0,0.528050979161635,685.6324641406536,-2972.304715588689,299.7592464056184,0.3436381411125073,6.9341744938726146e-09
558,2349.0,0.5186555785452948,694.5521251857281,-1714.7202238440514,255.96087906088536,0.145090820087422,8.289226607660788e-09
559,2234.0,0.5151013708068058,752.6462049037218,-2385.096323490143,222.82809785887773,0.0564318909656237,4.650890094628416e-08
560,2241.0,0.5094798643421382,700.912082195282,-2084.422791749239,287.1554973246922,0.0422875851014316,1.173211528925238e-08
561,2250.0,0.5136360831651837,733.2535799220204,-2652.161628752947,297.2016117077056,0.121659211615837,2.2502009594469075e-08
562,2253.0,0.5172110403049738,688.1610600277781,-3532.150220498442,333.48969722425016,0.226017475836282,7.176743021690039e-09
563,2271.0,0.5314904119074345,696.1630941182375,-3118.1764248758554,311.22345463150623,0.4075708347231052,8.529918055907834e-09
564,2277.0,0.5160066605638712,682.5085178762674,-1968.9458180218933,271.883747869381,0.1219551006066351,6.739683759166767e-09
565,2293.0,0.5132042646128684,651.4308622851968,-3070.5842703580856,262.36185528880884,0.0647402046921557,4.922171455476135e-09
566,2298.0,0.5140719187865034,712.677370198071,-1006.6073980182408,208.5521722487589,0.0293918039186806,1.4478558148106607e-08
567,2314.0,0.5133295421302319,746.3297145441175,-2067.970145121217,238.12804580805,0.0397565567076314,3.857602190781424e-08
568,2305.0,0.5090805336274207,657.7482876181602,-2639.2928425222635,279.25795174797685,0.0235451913457413,6.139081819912168e-09
569,2319.0,0.5290823245700449,691.3468835130334,-2312.533339485526,173.52543342631603,0.2701199302406876,8.665413011868263e-09
570,2341.0,0.516397830490023,676.8408305197954,-2300.348060578108,282.7744336496171,0.1430450820020756,6.077281671635295e-09
571,2354.0,0.5170754676312208,724.9499451741576,-2509.7540460526943,311.73360224096183,0.1944579480841303,1.6257995886717914e-08
572,2366.0,0.5093415403924882,725.9693588316441,-3113.840131089092,290.8079149493545,0.046031061363157,2.44481455035418e-08
573,2445.0,0.5179008983029053,686.2152262404561,-2369.9127070605755,301.45193156540324,0.1924189675836376,6.913126870150141e-09
574,2379.0,0.5344477394176648,693.4845502302051,-3587.01475225389,321.8283213228905,0.4614194124596832,8.202404288382428e-09
575,2389.0,0.5121639922680333,688.5027428343892,-2567.6674112677574,308.4864445006754,0.1167026821541363,7.79762440439853e-09
576,2401.0,0.5105050277197734,678.9198605716228,-3500.982465595007,318.158114748066,0.1070789685146764,6.9773467204090065e-09
577,2405.0,0.5155870752315969,697.8383420780301,-1091.350511088967,180.76467396271872,0.0406146952356441,1.0546179931044896e-08
578,2417.0,0.507703108531423,708.0784557387233,-2456.359220668673,288.0022603829312,0.0162151530781904,1.8040498574682253e-08
579,2429.0,0.5224705559248105,682.8479427099228,-2724.2628268897533,303.71640260573406,0.2642520800957956,6.5253938445251996e-09
580,2450.0,0.5194820389337838,716.4116156846285,-1393.1683972477913,192.31723298621856,0.1126025151939273,1.3925371746680062e-08
581,2456.0,0.5273132625082508,724.3608320504427,-2835.542928054929,305.79232500031827,0.3394107975706432,1.63742610982502e-08
582,2487.0,0.524958398831077,699.864425547421,-3504.7370083630085,334.8059322992575,0.3380985444981238,8.964362551790192e-09
583,2338.0,0.5198979861848056,752.0412793755531,-3208.089120313525,269.0903806455881,0.1801804539995354,4.1440717510485336e-08
584,2357.0,0.5135958690568805,709.5717704668641,-3456.5927010029554,331.4237831880091,0.1714963093328614,1.1589464391926333e-08
585,2386.0,0.5185068174498156,733.8204864785075,-3390.985405817628,325.16144120962684,0.2336712679981241,2.1053928638335005e-08
586,2426.0,0.5147096817055717,728.2260016351938,-1885.048968717456,274.1772870008715,0.1045601588000638,1.862017795983061e-08
587,2437.0,0.5145446297526359,670.1775151118636,-1617.0759603381157,210.0650555654128,0.0383374985348767,6.966425658731508e-09
588,2461.0,0.5207033375045285,655.1980971544981,-3584.133080765605,258.8760685035685,0.1813605896461174,4.709372316536281e-09
589,2466.0,0.5202667211508378,736.9533947855234,-2139.051849022508,258.3976071053584,0.173794345283365,2.3449463404267027e-08
590,2373.0,0.5149650102341548,659.5932149142027,-3161.378148570657,285.99241599338313,0.1253919883068343,4.8693762194031504e-09
591,2378.0,0.5137451330665499,718.8118279725313,-1757.915409654379,277.29006984846194,0.09376024733223,1.463774768442386e-08
592,2391.0,0.5238940415484831,668.4664016589522,-2789.613350853324,225.30625890484288,0.2052964963147318,5.8004242992332146e-09
593,2469.0,0.5167322365334258,691.9287294149399,-3145.2596113085747,329.9739975713616,0.2144841671047432,7.697044393920939e-09
594,2517.0,0.5125313629116863,673.4734399244189,-2850.06288215518,303.95053711965124,0.1152435284247604,6.0192335776999155e-09
595,2368.0,0.5329623151337728,710.8260048180819,-3033.297538384795,304.9845186459945,0.4231930037898708,1.1839591517325329e-08
596,2375.0,0.5267182388296351,695.559523999691,-2025.359422713518,170.42884207525424,0.2283635176872535,9.272014585927208e-09
597,2408.0,0.5227436699299142,720.2903057262301,-2258.581905439496,294.4763552588406,0.2566116485075078,1.4275752427439282e-08
598,2415.0,0.530427510435693,704.8463391140103,-3250.734007358551,324.69827885433017,0.4058146770721589,1.0182434197089204e-08
599,2447.0,0.529363160696812,676.2589841708541,-3041.858633235097,249.03697491548667,0.3128049106053583,6.3138754893066395e-09
600,2480.0,0.5283940500812605,714.9549986049533,-2679.578810557723,301.6984910153219,0.3510077427468501,1.2797549034147912e-08
601,2398.0,0.510777525738813,717.0988166332245,-2224.8460695147514,289.2170223546838,0.0655874930703248,1.6005425932904105e-08
602,2424.0,0.525567694879137,749.2128099501133,-3470.2475756406784,268.3834628383161,0.2696213674185957,3.851364403172648e-08
603,2433.0,0.5087571225455031,702.8361735492945,-2806.562001630664,299.25952386882454,0.0508778489418356,1.3002225367505653e-08
604,2442.0,0.5129511916963384,731.4176134392619,-3363.7402307242155,314.9627167599565,0.1381747112548887,2.180211484463292e-08
605,2498.0,0.521643750788644,719.7076012939215,-3083.6384676396847,329.1558975053889,0.2840189262749489,1.4004577114055684e-08
606,2478.0,0.5069082659808919,712.0909096673131,-3473.950646817684,293.3657551427272,0.0129443678230204,2.4009677080709552e-08
607,2501.0,0.5153557311836631,704.5053334534168,-2207.048777863384,307.76992445702456,0.1632332951818097,1.0002767561043356e-08
608,2512.0,0.5298695281893016,728.5881211981177,-3569.65426504612,321.4425105651808,0.3943403378606273,1.8859867015833592e-08
609,2529.0,0.5101472728792578,693.8319643586874,-1867.2522202134128,281.79589380124173,0.0441828680841761,9.674054479953402e-09
610,2554.0,0.51438625712879,743.1966987252235,-3518.3437172323465,304.4984501638687,0.143921219226387,3.123406736098769e-08
611,2603.0,0.5356549574388192,683.5292415693402,-3096.8352880328894,182.9735226349898,0.386026228528902,7.816329414212565e-09
612,2485.0,0.5139096700353548,664.6010622009635,-1939.7673938423395,232.71765665072283,0.0444740996135573,6.226339595799642e-09
613,2494.0,0.5097322480147705,740.9986644238234,-2268.4845004230738,263.2223781767552,0.0101479293467285,4.582759064611102e-08
614,2522.0,0.516233467948623,734.6842386946082,-1228.996354714036,157.04799719031382,0.0424183807412625,2.5003055588555573e-08
615,2541.0,0.519290192341432,695.2194345369935,-3316.8474052101374,333.48599873063426,0.2556937301499917,8.104112396403548e-09
616,2559.0,0.5336519614048303,689.0928284823895,-2887.0497968047857,238.282757060336,0.3757345371977006,7.977858406868157e-09
617,2565.0,0.5143276775162667,708.7350810691714,-1556.5893474966288,268.08092201097315,0.0902096677736115,1.1366004721586212e-08
618,2573.0,0.5180903753312305,662.6652124896646,-2542.4461137503386,232.47504944659545,0.1137309621591851,5.471933583109157e-09
619,2584.0,0.526783133870922,744.1681619733572,-3008.40591788292,242.16372748571104,0.2651258467743569,3.195302650915342e-08
620,2593.0,0.5111424523871392,689.624214656651,-1666.985385864973,272.1173116750091,0.0452306761714116,8.673652228938912e-09
621,2626.0,0.5211136022023857,741.382615044713,-2799.0307610481977,288.46135708601275,0.2238428499871489,2.7293357626556875e-08
622,2631.0,0.5264951195660978,690.9114902466536,-3381.51322491467,328.95233669331606,0.3535637175152606,7.576036697953125e-09
623,2519.0,0.5234827610477806,683.4371135011315,-2621.0303384810686,293.3673475238484,0.2665091506465188,6.613892107602853e-09
624,2568.0,0.5239589426247403,716.8862711265683,-1852.2701818495989,234.0302115032333,0.2123637536387159,1.3600859216933272e-08
625,2586.0,0.5159088182309642,738.8919883966446,-2322.506932541728,276.999170916285,0.1273514442856128,2.5628446518761503e-08
626,2597.0,0.516180124678649,657.1266923844814,-2754.743701592088,244.0422107744092,0.0924054461870556,5.150610270042538e-09
627,2613.0,0.5133796163322404,684.3955818936229,-2105.70902377367,288.35456204157634,0.1043779813700659,7.080606003876607e-09
628,2664.0,0.5225273353140801,726.6503724828362,-2712.970793992281,312.7246754517986,0.2765028398195751,1.7016265759970424e-08
629,2545.0,0.5073247499670833,663.0491684749722,-2961.123860254884,291.94337843523533,0.0169383167541856,7.279482241283628e-09
630,2575.0,0.5288659913791344,701.683997027576,-2756.385746598244,304.7432830722659,0.3615010305535691,9.440999707939504e-09
631,2589.0,0.5209148733550683,693.7409798055887,-3186.1464880406857,331.171622241484,0.2760357971303585,7.877330024925153e-09
632,2602.0,0.5125022228900343,714.4812604784966,-1324.2048136889937,252.63866491394387,0.0414582851143843,1.4392583298784481e-08
633,2629.0,0.5148366547562182,665.9404709935188,-1810.5041407048705,209.7048387650773,0.0430485886677758,6.516710832159321e-09
634,2523.0,0.5368373903818429,707.4819611757994,-3001.8738001585007,273.99028537571223,0.453739701313411,1.1230976806715604e-08
635,2548.0,0.5349899349361659,716.7431059852242,-3233.372601494193,303.98627977814067,0.4526510956277012,1.3874488129185818e-08
636,2557.0,0.5220908284280449,667.8772313147783,-2665.09312838316,231.9547751278207,0.1798186318986692,5.7192760130672105e-09
637,2561.0,0.5089520917320625,668.2540910691023,-3091.925018280745,296.9818942903214,0.0501123304039959,6.4421469148134205e-09
638,2592.0,0.5314062919234858,722.4221655726433,-3439.6427895873785,321.1250397517051,0.416416657212672,1.5876550039398695e-08
639,2599.0,0.5279170400789008,707.3973871022463,-2519.6725465357304,293.55041607138065,0.3345540750029828,1.0655097792338554e-08
640,2610.0,0.5169456443982199,729.4862707331777,-2953.60377766192,319.7591963036641,0.2036830023020556,1.8583008371953685e-08
641,2615.0,0.5250930198235437,678.1949049606919,-3226.734858378768,311.12974862403433,0.3125622865201932,6.08830384220961e-09
642,2622.0,0.5092076033214107,719.5651290565729,-2659.4398632645607,288.83137261561143,0.0407781501145837,2.0077742464155933e-08
643,2657.0,0.5102874083258212,655.516355112195,-2144.828656688333,261.004703679468,0.0160650698325769,6.446455795991275e-09
644,2673.0,0.5074867719039321,686.3577038422227,-2909.0006098151207,296.92737725758644,0.027742623715303,1.0319048170657692e-08
645,2538.0,0.5115624031703919,710.2442156895995,-2424.4992211461067,303.80982420226223,0.1004684567809039,1.2695537654860261e-08
646,2549.0,0.5131425139168277,680.1951257884502,-1462.4733321368694,240.26546882964143,0.0387207432209572,7.662730143690016e-09
647,2636.0,0.5419723260682077,714.8054310306907,-3049.2799568921328,196.3335735552729,0.4978895662983015,1.4821205362339008e-08
648,2654.0,0.510554409828037,736.8695064634085,-3575.722987577319,291.75765934275216,0.0661720875091034,3.1668444281022456e-08
649,2677.0,0.5130024750297889,660.3933095932007,-1739.5004522055387,221.1943603639342,0.0200322413988202,6.8265875292739505e-09
650,2682.0,0.5145758297108114,717.7771790325642,-3241.206733882427,328.7336232246157,0.1817801594343188,1.3883448831626756e-08
651,2685.0,0.5222473561950028,702.6865997165442,-2275.140267983079,301.9318968739446,0.2586105065074357,9.414738927951925e-09
652,2642.0,0.518290563300252,712.1818924322724,-2043.6277739703653,298.40497240694253,0.1940698090811685,1.1619170119320209e-08
653,2669.0,0.5194248329475523,675.4029493406415,-3481.3745453953743,324.77202717557736,0.2464600271371269,5.802821507580147e-09
654,2701.0,0.5176790711935609,707.7530979737639,-2826.0636929422617,327.63985559434184,0.2249904482735781,1.0529678053138904e-08
655,2736.0,0.5282587369531393,738.5436591878533,-3135.7256054878235,277.5317106721939,0.3220369734647943,2.5951229852297213e-08
656,2645.0,0.5120341729745269,697.0307707414031,-3022.0607053488493,321.7156192925043,0.1348250344735198,9.224250673634117e-09
657,2689.0,0.5085394079331309,683.1662060320377,-2360.9610959887505,290.0214556584766,0.0324201065966633,8.782046582737404e-09
658,2708.0,0.5362354280799627,719.9052187427878,-2795.27686201036,182.05707161761129,0.3957277488908596,1.64491920640765e-08
659,2717.0,0.5204802168998868,678.7702849507332,-2231.500925123692,258.91016976517534,0.1777967141168085,6.353327378359922e-09
660,2743.0,0.5247366521880031,693.1655993685126,-2155.6172657758,257.18515252392893,0.2447879985169713,8.079508061427885e-09
661,2762.0,0.5135446708835661,742.1292611211538,-1368.2921390980482,208.32410481492235,0.0203259574945502,3.51431763665219e-08
662,2698.0,0.5128159697633237,723.0195761099458,-2014.624665677548,284.350338473608,0.0896296873714522,1.694746467684337e-08
663,2712.0,0.5270955566130578,729.1388563811779,-2388.173896819353,248.438226626168,0.2752616786228368,1.9104953132096647e-08
664,2719.0,0.5320576630719006,683.821117207408,-3352.5100227445364,299.72498607530287,0.4042294785821623,6.819960167284954e-09
665,2725.0,0.5166037858370691,702.0387925952673,-2697.895200178027,324.1921708688387,0.204789734275937,9.374864868184228e-09
666,2794.0,0.5113405774859712,735.7591350749135,-2870.1068859547377,285.3559218086839,0.0682657391259479,2.8142174391187483e-08
667,2799.0,0.530611558672972,666.5378243103623,-3535.2318573743105,189.59983569413103,0.3017449382884286,5.977770114121692e-09
668,2718.0,0.5104746002377942,712.8983661159873,-1525.1681707799437,267.96101392513987,0.0286480192040981,1.531825417483154e-08
669,2722.0,0.5200490957219154,717.4827654659748,-3493.452136963606,334.9439918151237,0.2683441898537881,1.3188967447990377e-08
670,2757.0,0.5151381044974551,681.0283533483744,-3550.891555845737,329.56271153411274,0.1910212865521788,6.474663669668508e-09
671,2781.0,0.5199341633170843,696.0196221992373,-1583.836467191577,216.2848580365985,0.1331528507330376,8.935872369083223e-09
672,2808.0,0.5257187844673172,712.7573296427727,-3298.1398958712816,331.72163777474265,0.3455003976247904,1.1953706074212353e-08
673,2709.0,0.5119382329145447,692.7324955910444,-967.9070077836514,233.77882687667008,0.0126819597645113,1.1133616403741324e-08
674,2738.0,0.5172484643291683,744.5155758783221,-2449.8167496174574,265.4787045388932,0.1334944408698019,3.092833095322484e-08
675,2754.0,0.5215153041994199,726.2947183847427,-2632.7615294605494,311.84044142120285,0.2603958430468728,1.6777511831614988e-08
676,2766.0,0.5081535928277299,724.6316800639033,-2983.1660225987434,284.5525587801949,0.0175419165817999,2.8900595813689428e-08
677,2792.0,0.5229166460083797,741.7382686957717,-2655.236399173737,266.4998912048537,0.225280638784787,2.797224342715679e-08
678,2826.0,0.5132355497311801,736.5165071934462,-1108.953496813774,207.8835855129955,0.0148164873732791,3.032273236101206e-08
679,2714.0,0.5156403333414347,753.8626975566149,-3053.033641353249,255.52006704970336,0.0957396924039807,4.70164115988351e-08
680,2741.0,0.5137799379136413,669.3662910535932,-3283.6198411881924,312.078954757153,0.1461283291042251,5.536159592560183e-09
681,2746.0,0.5150236750068143,732.4630484357476,-1635.5629954487083,246.0993340124484,0.0754839204609384,2.1544736187307612e-08
682,2801.0,0.5071949327690527,671.3869920000434,-2515.513741225004,290.6065720726418,0.0127119165652045,8.659029061239027e-09
683,2817.0,0.5090028540883214,697.6198634132743,-1441.132155060768,273.1339255783145,0.0128791685343923,1.268305007872922e-08
684,2821.0,0.5141229452984407,679.1408783942461,-2968.3471765369177,316.0212413740586,0.1569915656393962,6.365868992762657e-09
685,2827.0,0.5348941647773608,705.5940135940909,-2879.8260513693094,274.4881677561005,0.4234969536742441,1.0659058741602258e-08
686,2834.0,0.5190193247282878,721.5078055486083,-2741.816520318389,321.9477371564207,0.2368806316139003,1.4655016670778644e-08
687,2839.0,0.522953442982398,656.1980960890651,-3452.639440074563,211.79424657311912,0.1814351960535948,5.1203645546669994e-09
688,2773.0,0.5123150283796712,652.0600727573037,-2402.7008179575205,243.6060671621034,0.0284580266189268,5.769126465683653e-09
689,2785.0,0.5100189101090655,700.6042504310608,-3216.37475900352,315.8728719799889,0.0963858993777985,1.1022889897811289e-08
690,2813.0,0.5219568853219971,657.6573120057583,-3121.2469171732664,190.16663056296693,0.1539351203126091,5.351161682863038e-09
691,2823.0,0.5257554909167812,685.3548161685467,-2304.311393201351,231.57057544436043,0.2404784621998078,7.344148464362843e-09
692,2846.0,0.5098805264802649,727.5653375685215,-2445.7850106060505,279.7947639184111,0.0369055679956602,2.4411148422795523e-08
693,2858.0,0.5124403655761853,745.1136510446668,-3200.080034136772,279.4452032075171,0.0764424370019746,3.7354832036503135e-08
694,2865.0,0.5082013384113089,688.3120017871261,-2214.3274415284395,288.1652207208765,0.0241735731593658,1.0189870098907895e-08
695,2768.0,0.5296477829711512,718.3517013862729,-2217.0153703540564,181.33573127759828,0.2823749649970679,1.5196052149702134e-08
696,2775.0,0.5233474439801649,703.0340708419681,-3066.6404642164707,330.07889542212365,0.3096116402352789,9.514844507891665e-09
697,2797.0,0.5191549664689228,690.3150526806712,-1964.2060361802576,274.31285555188737,0.1749125060889066,7.512836380812072e-09
698,2816.0,0.5335733560426161,730.4473405331373,-3212.031853571534,273.33164088636494,0.4015874800170062,2.052755425478251e-08
699,2837.0,0.5113004646310583,706.4811933413148,-1874.5308704674244,284.305547933876,0.0660218215853816,1.1821941985852576e-08
700,2849.0,0.5110257502691821,661.2206682562828,-2857.2861582040787,284.2967452369484,0.0617410130588579,5.4660457682805365e-09
701,2853.0,0.516494741300121,685.7787964120507,-1775.4628267139196,258.23584626883644,0.1126931449931057,7.224237270534526e-09
702,2856.0,0.5232201011618599,739.849880002439,-2071.0337709635496,152.56630371163646,0.1622793830671579,2.7850384507681133e-08
703,2863.0,0.529599317885004,694.7007033601403,-2994.65009495616,310.28098054691407,0.3785031157553696,8.225668877157924e-09
704,2897.0,0.5068138487450778,708.3867738768458,-3124.358329921961,292.8908234325398,0.010699377872508,2.1954707705543528e-08
705,2906.0,0.5166549814119935,725.7208756357431,-3467.166367918253,330.76112514101226,0.2144322821325268,1.6684631099219565e-08
706,2861.0,0.5187632773676887,669.7354848310351,-2309.4553370028734,241.0763802851449,0.1321400242611512,5.841565587005965e-09
707,2874.0,0.5152633605571464,715.9695889800787,-2557.0941735059023,317.398228331481,0.1757358462983211,1.3086965357471689e-08
708,2893.0,0.5173731256090105,653.3686002716422,-3253.8184471428394,251.5897807735241,0.119578992609072,4.784070714558883e-09
709,2852.0,0.5365843448741362,711.1055873334408,-3548.313557356596,320.77979183460377,0.4916173185655778,1.2140336775500897e-08
710,2877.0,0.5215658024000004,700.7691521942616,-3408.593809604645,335.0311460521543,0.2900475920571291,9.036941590682553e-09
711,2882.0,0.5214060866599902,710.7415057346225,-1725.2398777753117,250.3150596657288,0.1840318364194935,1.1503893183204256e-08
712,2888.0,0.5246888844761998,718.7222505733371,-2926.6290798783302,322.8331196548553,0.3204719468817665,1.3816491536964062e-08
713,2895.0,0.5281307182181627,703.6298464611173,-2132.685760036111,216.3651898185024,0.2711739774593254,1.0477722111359844e-08
714,2881.0,0.5096364574879408,677.5875537097454,-1918.9206417649984,276.79589418778266,0.0284518516795168,7.749541921399494e-09
715,2901.0,0.5122471758676693,668.3745463937521,-1508.3773512393236,235.26099983297723,0.019164547302243,7.3934329099448834e-09
716,2912.0,0.5320950454380363,713.1264818459749,-2351.235064119101,154.30155836917737,0.3169213284779649,1.3813951934884488e-08
717,2909.0,0.5201736758649349,680.6943792104721,-2492.14607141912,292.1350825862284,0.2142385802056357,6.310890499066661e-09
718,2986.0,0.5120826429221779,730.0843624398112,-2245.7477666437626,280.9723479367042,0.0731293452110709,2.190112438973273e-08
719,2970.0,0.5156691326806322,724.5111085101962,-1416.7445953935385,236.60448743966583,0.0770585443399256,1.7028838082754227e-08
720,2917.0,0.51550408475101,658.9635752886534,-2029.3225407600405,182.21955235419088,0.0398402951080013,6.262467785843679e-09
721,2928.0,0.529270810270682,740.4686707630754,-3394.952828809619,280.6836620201552,0.3412678259850008,2.8101482075083283e-08
722,2938.0,0.5146239233529195,749.346632398665,-1291.6407980024817,153.4687876369897,0.0132188536312338,4.821258462678449e-08
723,2949.0,0.5144367220532149,694.1115897893906,-2463.1430704146624,312.9005845590385,0.1570589573173318,8.216240746177605e-09
724,2965.0,0.511634846450761,661.3932975754142,-3507.821649312973,302.9011798124081,0.1001417012518938,5.196105511867156e-09
725,2919.0,0.5272339610289782,697.9771885275841,-3157.421253249049,326.1955647827569,0.3611801657888334,8.698664707485491e-09
726,2960.0,0.5303378889895976,716.5523506328464,-2897.6261995732784,305.0630495186664,0.3839232602666387,1.3471804680029065e-08
727,2997.0,0.5140173846157268,699.7890242934227,-1183.323186635971,228.70488754267143,0.0428886468020087,1.0480816034190469e-08
728,2933.0,0.5126796306483448,689.9824782088399,-2785.660733655095,316.6005041172259,0.1366260769073839,7.893980551541205e-09
729,2946.0,0.5222106452193112,739.4878176599741,-3271.169462800026,311.5713949027946,0.2703586546184766,2.56425960252843e-08
730,2951.0,0.5254856238514185,670.3255137056112,-3148.3279578387737,273.5211430542752,0.2739487929260281,5.550936178459733e-09
731,2967.0,0.5226629721932113,701.110215075314,-1936.688975617289,264.275483735034,0.2187590232582993,9.271208952807638e-09
732,2974.0,0.5102478649374098,742.4774556607008,-2950.547182559967,268.7231099162074,0.0261251049659014,4.246730908219245e-08
733,3000.0,0.5264446272328496,722.0896518975496,-2603.480239212513,298.82866058978414,0.3182383308599371,1.528434217800894e-08
734,3021.0,0.516993416971527,698.3393085375428,-2184.7857892513275,305.0419753128584,0.1838184213699908,8.67599836812329e-09
735,2930.0,0.5176396342553199,735.1830343529582,-1822.993156313896,246.24526750982423,0.1185038963915709,2.244213057095757e-08
736,2942.0,0.5085027236118913,713.8901078701019,-3356.9559652358294,299.89310621809386,0.0480664858336051,1.8321367027256968e-08
737,2957.0,0.5178041749121621,676.4020188897848,-1649.88196156919,164.44135319061235,0.0722766565338646,7.227244976305171e-09
738,2971.0,0.5374264314770699,687.9636151343584,-3243.895252794028,252.9118218141145,0.4470786856757477,7.790477115333103e-09
739,2977.0,0.5106790062319487,706.191366687417,-2574.451247602701,304.88116537311413,0.0888883440284526,1.2065642711401881e-08
740,2984.0,0.5236218032427132,754.8205775395036,-3367.7074257284403,230.5856344586171,0.204303018423238,4.892443698541595e-08
741,2993.0,0.5078779460210353,673.2241198793054,-3168.217372521758,298.6686495250672,0.0365822146549642,7.608964743469919e-09
742,3009.0,0.5092581177828833,692.61684499681,-3435.3064823895693,315.184163282378,0.0840987252488326,9.748359205453254e-09
743,2989.0,0.5184179123211652,684.7647877410054,-3037.905814871192,324.226262867366,0.2311479844246736,6.733008445079151e-09
744,2996.0,0.5341837421990931,726.990815885365,-3012.450746074319,254.6674927919714,0.3956591658047962,1.867253589611537e-08
745,3007.0,0.5327031204104424,706.8213400244713,-3580.175957456231,329.803728077753,0.4436864106724554,1.0792128178521103e-08
746,3037.0,0.5198173088161275,665.6064803153276,-2883.0924589186907,270.5036269074664,0.1806229989267865,5.221281566966927e-09
747,3042.0,0.5207764630718157,719.3123366683722,-2415.5910786241293,310.57114779656746,0.2477925592719155,1.3833254721279538e-08
748,3018.0,0.5135076412698254,713.7156521901488,-3106.5619099885225,325.89077888129225,0.1623318718908165,1.2851061963907604e-08
749,3027.0,0.5405005945870653,699.6733697876334,-2965.0809835642576,155.7348879492586,0.4631723225678884,1.0848236012369444e-08
750,3034.0,0.5163082294119522,740.8087602257729,-1950.343742966652,243.45235448014583,0.0939385900106232,2.7671765753298447e-08
751,3032.0,0.5277924644621089,734.8420291393995,-3522.2866784781218,314.8503022179829,0.3567764185470593,2.272648649781177e-08
752,3039.0,0.5313551022158935,689.3997733294964,-2669.056688994169,230.3806322667021,0.332896285402645,8.01389924105507e-09
753,3058.0,0.5179520569136367,750.0951354578137,-3566.582927852869,295.65476246975106,0.1850926734567237,3.830938932530548e-08
754,3105.0,0.5111621699761599,707.3313755914569,-3386.33304387331,323.4146292905265,0.1246903364438921,1.2064077685292364e-08
755,3149.0,0.517564428425394,699.9490837752819,-3100.8337073028088,331.4580052018567,0.2283944444721232,8.928838731566744e-09
756,3077.0,0.5143052093219013,689.1619573906064,-3275.9095530956984,328.6626294211736,0.1777854476415331,7.522260382551492e-09
757,3122.0,0.5169667848991231,713.4361163899302,-1185.44935695827,187.13138356851425,0.0671672193592169,1.3518141262158333e-08
758,3128.0,0.526224877871573,719.5432774350047,-3585.872892290354,333.58902420588817,0.35480364809219,1.4240574358517412e-08
759,3114.0,0.5126541237626225,728.4164357930422,-3043.5795083642006,310.53518530293405,0.1271175446159015,2.0072586729597465e-08
760,3119.0,0.5297690833173693,673.9023815840483,-3361.9780965149403,274.21591932050745,0.3423472197143467,5.8949507557032995e-09
761,3146.0,0.5139908023318276,714.9151580780745,-2182.59896747768,302.2438204935641,0.1346131038220019,1.3076650793205758e-08
762,3061.0,0.5130703275417909,675.0703627988696,-2617.95213483274,298.7016085474905,0.1153481810301154,6.105917124691391e-09
763,3074.0,0.5219911104347557,734.128140322864,-2464.55807313323,286.4908628470248,0.2348600701881207,2.1373170775038525e-08
764,3095.0,0.523146221768111,695.2812153100967,-2902.3895043879747,324.0447038695932,0.299507208386335,8.132256874446252e-09
765,3156.0,0.5353956430638209,712.1600271761417,-2962.8155529499054,279.53000442474274,0.4359220092210403,1.2416421177163132e-08
766,3160.0,0.5276606915565207,736.9208979234099,-2666.903274133801,234.65096486841017,0.2742034620246936,2.48373963927562e-08
767,3170.0,0.5206443897588179,724.2029061540961,-3320.1932195574045,331.0471754824936,0.2720045227278941,1.577804331981656e-08
768,3186.0,0.5178204556694255,751.294195652008,-2619.3368688225746,239.90004445048191,0.1155442145685996,4.072791836550049e-08
769,3063.0,0.5239983733603731,680.1125905290246,-2853.146879374981,298.900745392593,0.2812530481859506,6.266306663974329e-09
770,3121.0,0.5083615818340331,678.17282512784,-2342.702430859208,288.1752439793438,0.0266630851915844,8.280458685257111e-09
771,3153.0,0.5070272100483999,658.0559450387955,-3231.52978643775,293.04938278906184,0.0142324556779543,7.043051638615856e-09
772,3167.0,0.5311354842828587,692.0061016455293,-3516.5335178375244,325.64426265394366,0.4170236024401236,7.870978862994737e-09
773,3045.0,0.5158714313386008,703.9928813278675,-3325.0968106091022,333.2978299016904,0.2066347377027942,9.83593272703602e-09
774,3051.0,0.5359584084013478,677.9423495009542,-3426.811708509922,212.38254589154312,0.4012784553903092,6.960096162113704e-09
775,3093.0,0.5115026899892837,660.2523847669363,-2681.421618908644,275.86722811096183,0.0564170679643655,5.457620307746546e-09
776,3117.0,0.5189016339648516,683.6243197321892,-2247.9865226894617,285.90448637394377,0.186250422392298,6.641036666313635e-09
777,3137.0,0.5098296013055369,691.0066124424338,-2525.4210602492094,299.8225685019748,0.0680258301531314,9.083126986073796e-09
778,3135.0,0.5325711356103421,704.6852358058095,-2605.69073818624,254.4999528440933,0.3693609334724317,1.0518360752308061e-08
779,3157.0,0.5120556098595261,684.9577784910798,-1133.908048644662,236.1552699952825,0.016823802270487,9.40096598574981e-09
780,3162.0,0.516791862542741,745.699800439179,-2888.791271299124,284.42160285068314,0.151483068256637,3.248394887910425e-08
781,3195.0,0.5393319019721822,702.6645344123244,-3180.478661879897,277.5312013616901,0.4959356918431279,1.0203251113163345e-08
782,3272.0,0.525172219881788,724.5512358099222,-2134.0709902346134,253.23763372696587,0.2481079335044399,1.6468518258042505e-08
783,3202.0,0.5223928176285699,749.040259309113,-2974.0444734692574,255.28395259202472,0.2049525972934835,3.708772129295666e-08
784,3242.0,0.5122208334738388,743.504331111908,-2310.8415864408016,256.324677031192,0.0412939424321597,3.623930859661255e-08
785,3249.0,0.5080697371670977,693.2021271437407,-3074.9982308596373,301.54103948242937,0.0442418854274979,1.1091518703169306e-08
786,3258.0,0.5150434422167018,710.5517783388495,-3403.6883007735014,332.92055053772674,0.1942933042068144,1.1513081848797958e-08
787,3261.0,0.5214336432563141,695.8785686269403,-2555.8433286845684,314.82864122386155,0.2630157326975463,8.198486894259085e-09
788,3268.0,0.5385323859658092,726.4046897366643,-3499.174043163657,285.4039887854293,0.4899470415449337,1.8674782206013345e-08
789,3297.0,0.5098631951352581,682.4355528503656,-1391.9999364763498,264.7692191588744,0.0143890224065051,9.262971962220636e-09
790,3303.0,0.5270141258370131,700.5235489085317,-2353.443618491292,278.10360682806606,0.3031246869561158,9.199305590889797e-09
791,3166.0,0.5107073379866779,721.0538245737553,-1687.6531574875116,268.276534640812,0.0328040557960025,1.8683139450068284e-08
792,3184.0,0.5294857871020213,731.2669887393713,-2848.2183571904898,271.35105725218074,0.3349676728620527,2.0503535360027275e-08
793,3207.0,0.5256238038418815,683.2759333029389,-3206.2806375324726,317.9704776867608,0.3284481060261319,6.612809920082194e-09
794,3230.0,0.5104520958336071,729.1755846515298,-3293.2659968733788,298.9823372243938,0.0761056719984754,2.4050087909406824e-08
795,3234.0,0.5202023698855192,725.5568661540747,-1774.1065576672554,251.027125298584,0.1650998302485533,1.6630001110662708e-08
796,3240.0,0.5237914130231366,733.5536184161901,-2989.723061397672,309.8344412724724,0.2916607234485223,2.1187374341078065e-08
797,3269.0,0.5152910795947537,701.0774403810501,-1726.5442125499249,278.6958111648535,0.1200187433413088,9.388152875670522e-09
798,3293.0,0.519954226911068,686.0540424659848,-3471.904942765832,332.3853044153849,0.2637939185603655,6.874995699682829e-09
799,3173.0,0.5156514271674678,709.4106778874993,-2414.338718354702,315.73230607454724,0.1790658008014989,1.1116019222530977e-08
800,3189.0,0.512850881270133,676.6796968132257,-3571.3476810604334,324.21308359583253,0.1503860261819046,6.267932086084414e-09
801,3194.0,0.5144201536290348,739.2124857753515,-1353.1094513833525,201.004707625444,0.0308096666734671,2.985908324697105e-08
802,3221.0,0.511783539862372,705.281672924757,-2736.0868021845818,314.8284293723576,0.1207614924598465,1.1148764223125156e-08
803,3233.0,0.5108936769561843,662.4192579463124,-1982.123514264822,259.4767617562404,0.0238222813867709,6.4990016230071284e-09
804,3301.0,0.5160750935226679,664.3227928504348,-3031.4873926341534,291.42083071628656,0.1503754155214346,5.077193957064313e-09
805,3306.0,0.5113163484213874,721.3477746769786,-1045.7041684538126,243.5096577060163,0.0119429693163314,2.0657880224140155e-08
806,3265.0,0.5094169227033853,675.9187126532197,-2920.212769880891,300.5024472013216,0.0628830421504651,7.031725973074468e-09
807,3279.0,0.5287018986511975,709.9860578775406,-2931.3943292945623,316.8889753245872,0.3724027902199865,1.1348521558383661e-08
808,3290.0,0.5165233828499913,730.67049395293,-2493.5629919171333,303.3918402466107,0.1744130263211622,1.935560471419224e-08
809,3326.0,0.508985801525414,712.7501134946942,-2382.4811797589064,287.6274875635365,0.0354115333906084,1.6800078053053942e-08
810,3341.0,0.5182506834622472,705.6156354397535,-2013.289445266128,296.820436529796,0.1912630450895686,1.0027040345410777e-08
811,3205.0,0.5146066642599181,674.2498527094722,-2092.2997925430536,268.0049967516416,0.0945541431147339,6.1397246737148254e-09
812,3218.0,0.5195904220128432,719.898015782237,-1872.3459664732216,276.50785556341464,0.1845863385160795,1.407372386911298e-08
813,3245.0,0.518631761954166,668.5364387184381,-3204.842869564891,305.48259950573595,0.2089878737097722,5.275612550423325e-09
814,3296.0,0.5319631464686245,715.2625719830394,-3163.119676709175,314.6356084412125,0.4180383211607604,1.3144523981587322e-08
815,3329.0,0.509110462302342,685.3032103553414,-3153.503508120775,308.29106261695034,0.0708768893829957,8.496962859065751e-09
816,3352.0,0.5269636978767812,727.4704873934388,-3347.718434035778,323.2584267515025,0.3540180504767536,1.7896775041605374e-08
817,3314.0,0.5181232700683177,736.3234878331423,-2791.332509368658,305.89479259083254,0.2019403500600767,2.2887723754393226e-08
818,3319.0,0.5242134089488536,671.3795458525419,-3389.224988222122,304.7486717980659,0.2917123235478523,5.493022018216809e-09
819,3338.0,0.5132995599787682,720.4718415439129,-2821.2420232594013,316.2367265347787,0.1451981143331746,1.5454148508752024e-08
820,3365.0,0.5163843824807555,696.2111833319068,-3487.806700542569,334.4999791673591,0.2155660180259654,8.36568807224593e-09
821,3383.0,0.5253077923879027,688.2164361327887,-3130.110276862979,322.065553963311,0.3285820591942667,7.189248697424721e-09
822,3394.0,0.5212953402614221,732.18231189996,-3556.703081354499,329.24496717591364,0.2791181669111126,2.001326187829634e-08
823,3425.0,0.5105025030067191,697.9988257959485,-2297.7037210017443,297.24190532281807,0.0740986417440528,1.0099434526561551e-08
824,3437.0,0.5196380872977898,692.9200208932161,-2874.983909726143,325.37650456415207,0.2503297581480255,7.761081576725626e-09
825,3317.0,0.5132511973194778,691.6503903269768,-1825.2334278076887,280.3779548840349,0.0905052759620553,8.136272802879242e-09
826,3357.0,0.5210511854384094,672.9412867501378,-3057.8812815248966,303.36187706921726,0.24245643174053,5.594096763564363e-09
827,3381.0,0.513559890827164,667.2301852703094,-2451.942899823189,276.240227086768,0.0893427492190431,5.598697302908997e-09
828,3432.0,0.5226968537317589,746.6288375109434,-3530.408739298582,299.39859610241194,0.2621638977742446,3.3595492972455414e-08
829,3441.0,0.5076781394286082,665.0902869552374,-3448.703670501709,297.9859199506388,0.0324159007711701,6.814344341148715e-09
830,3354.0,0.516123537318781,747.5064704939723,-2232.803764566779,237.11866731464843,0.0850339817309585,3.5890177227702884e-08
831,3408.0,0.5302191350655631,723.2427400350571,-3072.4201653152704,307.56735334773253,0.3848214237951264,1.6133732949274686e-08
832,3413.0,0.5121834727330133,654.666401296854,-3333.2482751458883,284.3146342714905,0.0797515106484687,4.858825393137758e-09
833,3418.0,0.5165871959552168,717.1763056516647,-1586.045390367508,262.1033145279657,0.1187673500150344,1.3450215353411352e-08
834,3455.0,0.5333025269443169,698.9884905144572,-3302.985122054816,317.2825194631555,0.4403612718636691,9.096318488513626e-09
835,3488.0,0.5312744787847623,720.8128472045064,-2520.97488977015,235.0544622036965,0.3343818832175164,1.5654416812720032e-08
836,3495.0,0.5276974623790011,706.1983398720622,-3444.489933550358,332.8021458197249,0.3749849102980416,1.0365094071832314e-08
837,3506.0,0.5174288510577754,726.8813166022301,-2106.9882597774267,290.37943727819044,0.1696909705998116,1.7137321012925977e-08
838,3362.0,0.5199174515623599,711.1279246583581,-2695.626336336136,324.37332509607404,0.2530859483187627,1.1305064744588332e-08
839,3397.0,0.515005990951322,687.3259855434299,-2634.863445907831,314.6317625228978,0.1679806150956843,7.199526128718081e-09
840,3458.0,0.5222760287579149,717.5857037305832,-1558.8002152740955,167.59983844159234,0.1507118256638729,1.4519948730792449e-08
841,3399.0,0.5266330472612754,677.6091614738107,-2863.0132142454386,270.30351556623833,0.2886160645037466,6.198055013744677e-09
842,3419.0,0.5371923254663125,680.5988289788365,-3415.172306075692,227.7636231267703,0.4287859207410405,7.190142110897159e-09
843,3448.0,0.525499120936729,713.9563914015889,-2437.479607388377,299.6425989776623,0.3048851312166168,1.2293013706475733e-08
844,3469.0,0.5178709692927077,660.5863298475742,-3418.50115545094,293.071602232146,0.1802448642848671,4.786413864369833e-09
845,3378.0,0.5171164339315146,741.9692025333643,-3289.4006688147783,309.31305184430954,0.1916760608782606,2.809390356629076e-08
846,3415.0,0.52383095104713,708.4523419290781,-2219.143827259541,292.3677349698686,0.2705949542961113,1.0726835672509716e-08
847,3434.0,0.5119116291729734,737.8366455435753,-1965.4833275824783,256.5304530443127,0.0365407484140121,2.995183954284637e-08
848,3445.0,0.512788958158344,707.9149607941508,-904.5942720025778,220.60363716967348,0.0160077545318016,1.4242345257692448e-08
849,3482.0,0.5157767905155197,732.5943707302213,-3191.956068947912,319.74473190595603,0.186578819301715,2.0786212578313137e-08
850,3457.0,0.5087321277940646,670.3325163945556,-2193.914204835892,281.4653773109464,0.0215843254128751,7.388781262746289e-09
851,3477.0,0.5117465758789331,675.5629793182015,-1788.8602294027803,263.3576737536905,0.042645887550726,6.964759445680759e-09
852,3464.0,0.524442363861017,711.4680141210556,-2762.166963145137,320.8880968301564,0.3145921077234215,1.1524949262183022e-08
853,3504.0,0.5284736334858462,748.0965565890074,-3221.913658082485,180.8352734340904,0.2620364282671079,3.9507867945103923e-08
854,3527.0,0.5263631749991328,692.5798737630248,-2582.812447473407,293.63590983680626,0.3108905043110659,7.810448564809006e-09
855,3485.0,0.520694823586382,687.8534008190036,-2324.610337615013,293.8679133255833,0.2245211277269434,7.101091860866021e-09
856,3520.0,0.5326085823494942,737.2547996416688,-3376.723151654005,265.14328162697905,0.3788533310472811,2.5811929038402297e-08
857,3501.0,0.5183061802107841,697.3084763810039,-1325.5910564213991,172.41990868400268,0.0839501827373448,9.746536500166148e-09
858,3521.0,0.5091902934340761,704.4573058187962,-1603.8454916328192,275.0502493426948,0.0187545151808811,1.3966581983555169e-08
859,3525.0,0.5153197729028761,672.2966839745641,-2803.876456618309,301.4600762564212,0.1534890169981066,5.671473492443551e-09
860,3531.0,0.534099678164348,698.346296697855,-3048.032545298338,294.4629621669427,0.4299978197383795,9.033064926031658e-09
861,3509.0,0.5139505821885542,682.3180855065584,-2958.479312807321,318.3968777890019,0.157926361480301,6.715745452022658e-09
862,3514.0,0.5148196533229202,741.0743259638548,-1120.5791730433702,156.92440978992175,0.0178455304976503,3.422244855799721e-08
863,3518.0,0.5096912820497528,722.1705396100879,-3526.260206848383,305.458636601956,0.0750014114562452,2.0550883454027986e-08
864,3530.0,0.5133955215802416,729.2987740412354,-1275.1828875392675,229.25499633972103,0.0329779006639822,2.179520860314427e-08
865,3557.0,0.5159365158108995,694.0218021720648,-1493.6632722616196,245.2203004897676,0.0895662591762307,8.572267344984148e-09
866,3565.0,0.5192927167192102,677.9493081569672,-2479.190019518137,287.7886688958213,0.1948456627526862,6.068863937183069e-09
867,3541.0,0.5125178490206599,699.5785193890333,-2042.294042184949,294.69882301682463,0.1008119275050438,9.580040331821493e-09
868,3581.0,0.5221157978661358,709.041455052793,-3235.5598088353872,333.331467856016,0.2958456735392755,1.0810392665666565e-08
869,3594.0,0.5131711985496804,725.061729028821,-2375.641982629895,297.9602448595476,0.1157487462277537,1.7709479027599606e-08
870,3550.0,0.5111253783665598,734.7324880585074,-2610.033844783902,279.2941859742622,0.0556251516268685,2.7670278523168912e-08
871,3578.0,0.5143563405238092,723.6048028245568,-2272.8733487427235,299.744190702362,0.1363972251087985,1.6349922115383658e-08
872,3632.0,0.5286136706965044,713.2876459509134,-3505.9582952409983,332.3811377938377,0.3876402991031762,1.2301081893903469e-08
873,3637.0,0.513426034222357,658.7731071561575,-2899.3110861629248,275.8246496910476,0.0866407772593171,5.047743448542829e-09
874,3538.0,0.5188620897382498,714.3193690478802,-3017.237091064453,330.2319674298368,0.2454047433054476,1.2206904125786976e-08
875,3543.0,0.5235404857899993,663.3644452691078,-3177.4377308785915,246.62614118838653,0.2155398033266181,5.2731462888644894e-09
876,3560.0,0.5230985613446683,731.5995498001575,-1901.0802134871485,200.4097156420121,0.1780651683581944,2.0781142464512112e-08
877,3567.0,0.530781072145328,686.9849231094122,-2707.357383146882,236.0792580916769,0.326856008243033,7.623004970593651e-09
878,3605.0,0.5115899932943284,695.3780635073781,-1398.7837996333838,260.58696440993606,0.0364837622070005,9.839096979978637e-09
879,3633.0,0.5082715267501772,684.2394362017512,-1733.3280354738235,280.2349966652538,0.0124294075585737,1.0164336395144192e-08
880,3556.0,0.537859483929351,719.3199830874801,-3264.535183086992,284.7310990991278,0.4789332443378032,1.511985266978365e-08
881,3597.0,0.5180329689336941,680.386800467968,-3365.9246921539307,327.54801858935247,0.2299720100134326,6.282841643971444e-09
882,3653.0,0.5147842476610095,707.1110877767205,-3082.2219628840685,329.2669134702526,0.1855236690202949,1.0688155922768525e-08
883,3553.0,0.5101557641662657,652.969537191093,-3140.843954309821,279.82777112800125,0.0412634050586909,5.272005238940106e-09
884,3585.0,0.5088886352768168,708.66505574435,-1804.387091472745,278.5079834113397,0.0193631790813574,1.581820684093941e-08
885,3604.0,0.535885992278345,731.925585269928,-3169.9039690196514,214.8369535836944,0.4010696394380716,2.2814056610314843e-08
886,3618.0,0.5196957123791799,734.4066752120852,-3146.510898694396,319.69957606313545,0.2437998119915539,2.1421979615556096e-08
887,3639.0,0.525090169054456,698.7242990732193,-2684.506259858608,313.81561834102644,0.3157163262129508,8.75293592587789e-09
888,3592.0,0.5239397773193195,750.0324188172817,-3039.619823545217,234.6182094686329,0.2124759975163184,3.951689224099007e-08
889,3623.0,0.5278924315655604,665.7717606052756,-3272.835412994027,188.0059951538746,0.2546288803203024,5.8904738491132225e-09
890,3706.0,0.5145184162724763,745.2747811749578,-2670.8462353795767,271.60259219954304,0.0979926457992794,3.3771583152979526e-08
891,3720.0,0.5243085071723909,735.0031127780676,-2307.770450413227,246.5721488807159,0.2280743789745061,2.25611275035496e-08
892,3727.0,0.5292142262216658,690.1467926800251,-3201.764867082238,316.75909810415146,0.3797887185539608,7.53584892299218e-09
893,3608.0,0.5267418674984947,719.0005842968822,-2003.8651417940853,200.7112837738036,0.2401589980158497,1.4955140251750622e-08
894,3615.0,0.5317025584215298,704.2597301676869,-2837.6974157989025,296.34692195480744,0.3953495390935957,1.0104225078558345e-08
895,3621.0,0.5162490727892146,689.7920547798276,-2143.9578004181385,295.94340789263754,0.1595577093075819,7.4438070429630315e-09
896,3642.0,0.5153717435523868,719.397052899003,-1179.637536406517,210.5997452905774,0.0526543109019407,1.5712160790708472e-08
897,3664.0,0.5300015156716109,729.7881975024939,-2616.265531629324,231.5664501889388,0.3110852947067031,2.0120166492022537e-08
898,3671.0,0.5237025077268481,685.0472338497639,-3568.2694774121046,331.5442329263673,0.3164232391820767,6.7936222853489884e-09
899,3698.0,0.5179295492405072,731.1110400781035,-1456.693570688367,195.6168686341387,0.0876978333497968,2.0684564943704192e-08
900,3704.0,0.5253638929687441,739.0735172852874,-2884.840799868107,278.98083435686704,0.2782440723041596,2.5833427819827368e-08
901,3725.0,0.5177425273135304,665.416106954217,-2072.8971250355244,176.37331979234136,0.075813796967801,6.230541811331641e-09
902,3738.0,0.5155604498647154,712.9392590746284,-1835.80591455102,287.09533039283457,0.1362051448964769,1.210849865291496e-08
903,3744.0,0.5310582293290645,725.6590818986297,-2970.0938008725643,289.44616172662995,0.3782796614589298,1.739556557274499e-08
904,3650.0,0.5211600318271667,721.7861285433173,-2202.3106187582016,295.1142387875966,0.2332679186599693,1.4782844314990173e-08
905,3662.0,0.5078057401161641,727.2577176988125,-3425.0290352851152,285.46140472650023,0.0136266147869363,3.476783948274937e-08
906,3666.0,0.5183595238160342,754.7367930412292,-2851.2817550450563,230.2680137179812,0.1164716071500612,4.7304726489598415e-08
907,3681.0,0.5103672770503909,687.5356050953269,-2743.310520797968,306.482499948246,0.0867532391451748,8.221249389897863e-09
908,3735.0,0.5227272805431857,705.1820931211114,-1568.6569444835186,150.07673377402918,0.1529795272394219,1.1191454884341021e-08
909,3794.0,0.5186389739112929,739.6488977223635,-2573.395198211074,287.86664579033607,0.1848561951833736,2.5596008602681285e-08
910,3806.0,0.5109091243008151,711.2699489668012,-3064.4262738525867,315.2334632521052,0.1084976975394834,1.3513793200342972e-08
911,3816.0,0.5228753543226049,721.4304176717997,-3251.953376457095,330.4610931363374,0.3032883314098711,1.4724514955036314e-08
912,3823.0,0.5306472168816254,706.513677239418,-2263.5108701884747,182.33411092807347,0.2998683232289268,1.1593087279569744e-08
913,3669.0,0.5119602656271309,679.7707317024469,-1989.4017219543457,277.5658115649445,0.066127266960231,6.952906257618173e-09
914,3693.0,0.5195097244437784,701.5162520110607,-2418.8270296901464,314.9983761866636,0.2348800553185637,9.161956106162782e-09
915,3713.0,0.5085968146659434,663.6357505992055,-3550.0619050115347,300.13526366352,0.0498872205256564,6.1229631224077134e-09
916,3717.0,0.5146827775565908,683.1255348026752,-1028.154069185257,162.65298556884255,0.0175910867798204,9.623121543631562e-09
917,3722.0,0.5127585306763649,740.0324368476868,-2992.7866872400045,288.8835940197648,0.0956000448298331,2.986493077696296e-08
918,3749.0,0.5165299038030208,674.7627625986934,-3210.243970155716,318.65041480940255,0.196067006847324,5.812210681225825e-09
919,3755.0,0.535301225995645,708.3020778745413,-3537.8197632730007,324.0018301325983,0.4758164614378819,1.1289511022268031e-08
920,3765.0,0.5137274703010917,703.6852078139782,-2504.0799099951982,315.3530082537752,0.150190393317714,1.0103319928840697e-08
921,3797.0,0.5123839132906869,694.858612716198,-3393.171811848879,328.1158397939028,0.1493344186630012,8.732228596582131e-09
922,3690.0,0.5116939185839147,716.1307638138533,-3314.6067179739475,321.50459604186875,0.1295518124020299,1.4693725278137442e-08
923,3741.0,0.5205650881119073,698.1488618627191,-2773.726787790656,324.5588400630061,0.2627121010339389,8.562423718520822e-09
924,3746.0,0.5201179903559386,749.4359816983342,-2306.099222972989,183.4130986522631,0.1195528442369466,3.86184779082116e-08
925,3786.0,0.5136132340971381,724.7015945240855,-827.8138428926468,191.47606517191645,0.0119112395713098,2.2100105166884443e-08
926,3709.0,0.5223107467684895,670.4825435206294,-3520.497078448534,313.9893546961203,0.2748908401641833,5.3997707024329045e-09
927,3745.0,0.5107928395597264,702.2358723729849,-1141.1867257207632,254.8088708009128,0.0162883548271604,1.2740692603798605e-08
928,3762.0,0.5172949139028787,718.6531131714582,-3454.353502392769,333.65363754221016,0.227430451582628,1.3694493394673788e-08
929,3788.0,0.5416188079444691,733.275887966156,-3592.657171189785,195.57083315719268,0.4916505874524366,2.4614058551611625e-08
930,3842.0,0.5218627550406382,712.3723408952355,-2913.6814568191767,328.0088099337735,0.2857665585719984,1.1670069471831228e-08
931,3856.0,0.5306873295689002,735.3668589890003,-3285.4369070380926,284.3128715235905,0.3671683195118609,2.365037943931205e-08
932,3754.0,0.5121472952654585,733.6288976296782,-1708.9389737695456,253.65637795853868,0.0368847714725029,2.5514923115198763e-08
933,3774.0,0.5095614587329328,732.2657326236367,-2175.3756780177355,269.8818029773044,0.0168885530715056,3.1501448339656204e-08
934,3781.0,0.5151845450187102,662.140390239656,-2349.4867231696844,243.77844683746736,0.0757892924267538,5.565312212546416e-09
935,3783.0,0.5261469296505675,700.9197576716542,-3035.4505106806755,325.6843829457464,0.3448923810616423,9.194180669904584e-09
936,3789.0,0.517057768823579,709.8527081683278,-1763.5288674384356,280.73706691752886,0.1505075398447908,1.1117647094391896e-08
937,3809.0,0.5099340189481154,672.5648928061128,-2688.205870985985,293.6531401775068,0.0596946390779226,6.544876547078637e-09
938,3821.0,0.519075097409077,656.48696385324,-2928.315683081746,214.811889665986,0.1177726468014615,5.2236308189304534e-09
939,3839.0,0.5334480682155117,679.4224020466208,-3468.8306014984846,281.80077352957125,0.4076149184679078,6.4359014140123235e-09
940,3825.0,0.5071315418602899,705.5322093516588,-3282.748334482312,295.4598987082145,0.019875824799128,1.8097945553869388e-08
941,3858.0,0.5190383006026968,741.5729937702417,-2157.2832629084587,247.3240141108678,0.1424602029284667,2.7659091929153138e-08
942,3901.0,0.5215902570215986,676.0621048882604,-2389.887965843081,255.2453126317202,0.1919008660163375,6.140983503221259e-09
943,3917.0,0.5173426817823201,693.5799015313387,-2656.984800472856,320.6740163376937,0.2107343220003896,7.910154795612853e-09
944,3957.0,0.512721057953313,656.8483175337315,-2215.2000211179256,241.9624285125452,0.0334579577519398,5.893331632888072e-09
945,3829.0,0.5133575387764722,671.4672347530723,-1295.4260118305683,207.4885170967757,0.0166345194956226,8.091172031256832e-09
946,3834.0,0.514226603792049,730.3626621887088,-2725.515602901578,306.60565945684107,0.144657021367419,2.0082337004894688e-08
947,3837.0,0.5218994613224641,685.3946482017636,-1889.952975511551,203.34969934385816,0.1591340558318036,7.570128032362621e-09
948,3863.0,0.5230109958956018,690.7504012435675,-2447.999737411737,298.0035136349493,0.2651554558421505,7.479673471915828e-09
949,3885.0,0.5187663168972358,703.3458285778761,-3595.345046371221,336.51741832365195,0.2520773378146467,9.542913219592809e-09
950,3898.0,0.5152329291356728,750.9788511320949,-3350.7960073649883,279.5251426536578,0.1202776415267069,4.171968658202301e-08
951,3903.0,0.5323535089241341,681.3474118337035,-3054.8163682222366,240.4688942508629,0.3556902026791443,6.9686100474736605e-09
952,3937.0,0.5103932593995706,659.1196852177382,-1781.6369399428368,255.99825474538824,0.0112903043528717,7.166400330028416e-09
953,3941.0,0.5155230676662177,684.1172767803073,-2866.9739853590727,319.0808634639524,0.1819321200735977,6.779334003905588e-09
954,3959.0,0.5243479439429939,708.0566195398569,-3337.1978748589754,333.64037254004234,0.3280727359464643,1.0650858019333032e-08
955,3896.0,0.526096431282349,726.02050665766,-2229.718251898885,250.8094303257083,0.2609722140387123,1.7297442710271237e-08
956,3922.0,0.5185749851213768,723.1682630255818,-1679.1375797241926,255.67925718559613,0.1434793286036831,1.5560033098897832e-08
957,3928.0,0.5274430661275983,717.0767231658101,-3119.534564763308,324.5117924409789,0.3623597144072429,1.3443951482133629e-08
958,3952.0,0.5293505651690066,722.7298301458359,-2404.3650448322296,240.3535449984628,0.3060931388715175,1.6223544825763222e-08
959,3845.0,0.5140875021694228,697.8071620687842,-1919.7526529431343,290.2071245746201,0.118056920470756,8.90146203062966e-09
960,3861.0,0.5112864359235391,666.7167890071869,-3134.059661999345,300.88669512129394,0.0917383041573936,5.6488456975850465e-09
961,3882.0,0.5124323785444722,718.0848471820354,-2589.187065884471,308.3615643721443,0.1205121687973986,1.4965474490902558e-08
962,3893.0,0.5136636518314481,688.3508169278502,-1624.7467461973429,262.4284664131194,0.072204458034277,7.873926919527044e-09
963,3914.0,0.5138554892037064,738.1449636816978,-3533.483509719372,312.4829332354978,0.1478449290974977,2.6415203299190176e-08
964,3933.0,0.5201656770985573,662.5040644779801,-3299.920852482319,284.3617320272392,0.2038002418807432,4.915373575551194e-09
965,3938.0,0.5204266838636249,728.8564156368375,-1974.593185633421,266.2540898471785,0.1852286189097571,1.8120040848639483e-08
966,3973.0,0.514478217586875,652.7192658558488,-3441.4254628121853,277.30839476586215,0.1053033915294714,4.615956118822693e-09
967,3979.0,0.5345459264982492,686.325181722641,-3310.2637588977814,288.4405075447496,0.4310295382781623,7.249565564209646e-09
968,3986.0,0.5193740873970092,726.6022953391075,-3224.988227337599,328.4755714861698,0.2505050695419734,1.687578433370902e-08
969,3991.0,0.5225997101981193,675.7210992276669,-2955.391654372216,299.7252449764247,0.2611096789428792,5.838879695571327e-09
970,3998.0,0.5102288887277245,724.3533999845386,-1944.142593070865,272.6323949291333,0.0315228932994383,2.143200301455397e-08
971,3873.0,0.5110337267396972,685.7277718558908,-2035.455260798335,285.1736827709876,0.0632246440200591,7.843720104897069e-09
972,3892.0,0.5338288132334128,724.9278648942709,-3397.624835371971,306.2352072349673,0.4374080370312334,1.7305238373334905e-08
973,3943.0,0.5271707189828158,678.8540640845895,-2630.8964520692825,226.34075894504025,0.2607040262525557,6.7215971383769125e-09
974,4001.0,0.5106759663671255,670.6398903951049,-3325.9700272232294,308.89327018998455,0.0951639012285036,6.071180600532481e-09
975,4005.0,0.5168443481763825,706.111102476716,-1264.6055661141872,209.6434058673809,0.0769610063925921,1.1253261922403795e-08
976,3889.0,0.5082318451022729,654.8864964395761,-2797.092204540968,283.0184820699766,0.0162755023646725,6.382228352086829e-09
977,3905.0,0.5096119778882712,695.4936997964978,-2979.820476472378,309.41895889036897,0.0801568624341269,1.0104705565658145e-08
978,3909.0,0.5150740413600579,677.5127790868282,-1442.0601021498442,202.26983188590967,0.042639826439203,7.574839847911067e-09
979,3968.0,0.5332198002841324,717.7218123152852,-2753.0296325683594,262.0797547136217,0.3860127555307046,1.425684239188786e-08
980,3978.0,0.5128861152706667,711.6229339316487,-1483.1406746059656,263.6760896389757,0.0613421009745854,1.2801350981703136e-08
981,4017.0,0.5078534917347133,699.8571935296059,-2627.639727294445,292.85241555474056,0.0265534184642745,1.3645691605781949e-08
982,4029.0,0.5212105239927769,691.0914064571261,-3006.721091642976,326.46046517927533,0.2744433280073295,7.507208104852191e-09
983,4058.0,0.5163002623291686,722.3896834626794,-2940.928254649043,324.4248437758971,0.2007073694900775,1.5261394073491738e-08
984,4033.0,0.5092885612742976,650.5815986916423,-2472.84462377429,270.2276083412922,0.0130615818222244,6.347547398039474e-09
985,4071.0,0.5268802779493854,693.9419638738036,-2800.811771303416,309.131942079914,0.3367822291238362,8.017502656464526e-09
986,4085.0,0.5130348641285672,701.8776231259108,-3174.349857866764,327.44129077254803,0.1577392475149031,9.89144648349669e-09
987,3975.0,0.5254006041120738,702.755742482841,-1862.434117868543,190.81615627727308,0.2130929397858314,1.0416675547639053e-08
988,3989.0,0.5116538117639721,681.6875017434359,-2290.479988977313,292.45858488107825,0.0841291564192455,7.056595902054206e-09
989,4008.0,0.523575158873573,712.0102208852768,-2544.112057238817,313.8952154998937,0.2934415679605705,1.1632883539448525e-08
990,4015.0,0.5299530458915979,697.2179917246103,-3422.450983151793,328.24943461661934,0.4025924340079518,8.665470461190045e-09
991,4024.0,0.5263758817967028,740.9912046417594,-3188.0099024623632,285.33655451316804,0.3013831845444683,2.7911150144557173e-08
992,4045.0,0.5170178969064727,678.4920012950897,-2711.306567117572,307.17573267447773,0.1871997823574649,6.1294192338801634e-09
993,4049.0,0.5064641118654981,683.4738276898861,-3508.653036877513,300.1547244009979,0.0176704880983368,1.1393939911918572e-08
994,4066.0,0.520795413297601,743.7685154005885,-3379.8009261488914,307.20101850183306,0.2436624540612932,2.9763649242707403e-08
995,4094.0,0.5088519449206069,734.2200359329581,-2828.0812337994576,275.99397847883,0.0148747185266083,3.7839636858274216e-08
996,4040.0,0.5250423966487869,729.4464440643787,-3483.189894631505,327.38684424676126,0.3308713383978468,1.8770570301127328e-08
997,4047.0,0.5284856459265576,684.4802548736334,-2475.24662911892,194.38843309739065,0.2672189870712791,7.598910255361761e-09
998,4077.0,0.5192248114850372,686.8872749432921,-1541.2497472018003,164.23707650656658,0.0967818284886417,8.175090681963788e-09
999,4082.0,0.5179935380304233,716.7356602847576,-2335.182348266244,311.55667828554215,0.2078210426425429,1.2991480227325191e-08
1000,4026.0,0.514909499026835,735.9495638683438,-2059.8463878035545,268.8617028126497,0.1005128916983214,2.3740497943967066e-08
1001,4061.0,0.5198202878283337,707.4747731909156,-2117.505546659231,300.4263320066937,0.2199956211451739,1.0407920317235573e-08
1002,4069.0,0.5158574681775645,669.2051627114415,-2585.883355513215,282.6782674471376,0.134494120013022,5.490974343641957e-09
