,Nr,xNi,T,t,Ms,cfrac,mipd
0,15.0,0.5159096099436283,730.8230965584517,-2310.51421277225,294.4447693348141,0.1522139861806333,1.961636670922184e-08
1,6.0,0.5342926671262831,698.2362952828407,-3047.863210737705,292.8893676903267,0.4314196082488484,9.026551577267285e-09
2,29.0,0.529204203938134,719.2308164015412,-2225.31715258956,202.24965012287663,0.2826767973518996,1.5263362609270943e-08
3,31.0,0.5137570774042979,752.258573397994,-3030.8823198080063,257.2147364088032,0.0672360207825204,4.723506138691946e-08
4,43.0,0.5102561591658741,714.2783104628325,-2586.9931798428297,298.3987917633885,0.0722042359627251,1.5350505993825088e-08
5,16.0,0.5148753174999728,673.3376843854785,-1605.7373810559511,214.7515864126363,0.0469604055587038,7.005737804968534e-09
6,20.0,0.5112004974437878,691.8251560255885,-3189.5304266363382,320.8018138268011,0.121296451088629,8.58850313523283e-09
7,26.0,0.527423781673424,667.8331357985735,-3464.6798964589834,270.60129228205886,0.3014851698984137,5.4141182435780975e-09
8,34.0,0.5287929376028478,681.7209205031395,-2855.116371810436,265.7964695575443,0.3184351602665976,6.6802287380741345e-09
9,55.0,0.5178061219444499,744.5935498178005,-2153.923809528351,238.162149726883,0.1137738626690456,3.1255182173386515e-08
10,8.0,0.5169872617628426,662.1109058335423,-2869.827101379633,271.0433806642065,0.1363940627415872,5.0605052328063e-09
11,24.0,0.5204580893879757,702.3184143379331,-2697.8980902582407,323.88160448269264,0.2602994237396211,9.319201069940248e-09
12,32.0,0.5133018882200122,654.797901622951,-1838.610137254,207.99724504163737,0.016010980493207,6.8450683505348125e-09
13,63.0,0.5122508172178641,721.0615759342909,-1193.379257619381,241.7943080766601,0.0255456911923429,1.8144978378757983e-08
14,39.0,0.5199602426867932,739.77718308568,-3302.976743504405,314.88784887241684,0.241373937070494,2.5692509295591628e-08
15,53.0,0.5248157474724576,710.1668670400977,-2933.120112866164,325.68576126143574,0.3256352334810338,1.1197003403610065e-08
16,64.0,0.5126296237111092,669.4223621860147,-3350.1618929207325,312.3459291272386,0.1294936413066316,5.6542716582153124e-09
17,48.0,0.5167743898788467,708.3423547074199,-3395.477381721139,334.41698991415063,0.2210140934874306,1.0730456075308856e-08
18,71.0,0.5221431474294513,723.5154131799936,-1889.9739604443312,254.0420959850661,0.1996641500744715,1.5752965691458264e-08
19,85.0,0.5227375454409048,726.4215420559049,-2645.0074665248394,309.5792290561378,0.2756694493713694,1.691996023949473e-08
20,75.0,0.5095236958283931,729.8998978734016,-3086.056200787425,286.51960196059457,0.0419487180208504,2.7575487139241705e-08
21,100.0,0.5068579813931138,655.6902012601495,-3564.881656318903,295.02851152518724,0.0149781260964013,6.830876424695651e-09
22,106.0,0.5233284539822489,703.9405997097492,-3279.172410070896,333.38768224435444,0.3132273559381915,9.699435839244426e-09
23,89.0,0.5356041890894995,720.1633916422725,-3164.1160301864147,287.5305805593585,0.4465108844439312,1.5270925400290123e-08
24,111.0,0.5152870970591903,717.1472331881523,-2823.5187124460936,323.3410703065264,0.1844974836933739,1.3478477196178265e-08
25,116.0,0.5090984566090628,707.3804825916886,-2000.9724263101816,282.75683469737623,0.0293491028777982,1.4500584798538829e-08
26,80.0,0.5146063439035788,694.6004593744874,-2221.1029026657343,304.04492923018563,0.1465536062738485,8.27160033359474e-09
27,120.0,0.5211097116163,686.0052600130439,-2972.270852699876,321.8849269523653,0.2672389049927077,6.867003102625185e-09
28,104.0,0.5191313180606812,677.431624494493,-2258.2770623266697,267.95455449448207,0.1665921089350848,6.163570609773093e-09
29,96.0,0.5133892454206943,697.2576594725251,-1538.120075315237,265.0069652804916,0.0711509819252424,9.238909568122775e-09
30,119.0,0.5173665001755581,728.3398453146219,-1672.806604206562,250.98454439382584,0.1188354042534144,1.8181515833826388e-08
31,132.0,0.5071127584762871,704.5873149484396,-2999.108774587512,293.5087158308905,0.0163126958497737,1.7860816700625643e-08
32,125.0,0.5299424058618024,732.9142324253917,-3413.431515544653,306.24968043176824,0.3792726767012772,2.16468288495813e-08
33,136.0,0.5175143420696259,681.3279370963573,-1917.0607578009367,255.08665548911867,0.1256378724627543,6.724291122523955e-09
34,184.0,0.521896168240346,706.777433604002,-1698.1791481375694,236.1993683689151,0.1798113544969449,1.0725663390075368e-08
35,194.0,0.5303619982767851,678.1171188876033,-3202.866115048528,274.0248098576113,0.3515155810750506,6.287342815079722e-09
36,208.0,0.5140792518621311,651.9461563229561,-3061.3087356090546,258.3621717225184,0.073830728881243,4.888977420167812e-09
37,237.0,0.5333267434779555,723.9083947986364,-2773.012103140354,236.78523174054976,0.3694405736139334,1.7223614932064433e-08
38,148.0,0.5106729016499594,651.0419624298811,-2342.2431260347366,257.0846896783719,0.0171884070209443,6.1364360229494606e-09
39,152.0,0.5209853530908004,674.6675409376621,-3538.0992025136948,323.88675568996223,0.2679577421593201,5.732847789276928e-09
40,157.0,0.5290285137994215,744.0765133500099,-3072.557675465941,199.7856395054844,0.2786541738912634,3.34669749306685e-08
41,183.0,0.5179821550706402,718.8176770880818,-3113.6561784893274,330.1659793781776,0.2326866661726553,1.3698610204902976e-08
42,192.0,0.5121023717429489,703.6355060338974,-2397.397695109248,307.0042775307887,0.1135067121001538,1.0597009930685513e-08
43,239.0,0.5151110528688878,749.4853777065873,-1976.223257929087,207.9997733844089,0.0466386987238851,4.1457555683447936e-08
44,250.0,0.525922140670009,694.2294486239552,-3130.9511326253414,325.67985848534767,0.3416351500830147,8.038190071002747e-09
45,258.0,0.5298575525870547,709.9231662228703,-2942.401920631528,313.82571314232,0.386127487913266,1.1398464997487703e-08
46,154.0,0.5279510343121365,708.6090087518096,-2504.886158555746,291.99682752796065,0.3333124588254599,1.09567498518656e-08
47,175.0,0.5144915440585465,737.5701261684299,-1396.9366662204266,210.0363558753656,0.0374219104722255,2.7565478188758453e-08
48,240.0,0.5161573590105399,684.499049782753,-1278.48711758852,165.97443850389112,0.0443659512193703,8.527783008707792e-09
49,244.0,0.5085713643999771,665.6636759638786,-2841.1765426397324,289.9778801027153,0.0328405907871872,6.5543318888903194e-09
50,255.0,0.5114629846205935,726.1548862233758,-3589.572459831834,316.48409821395285,0.1185685687930365,2.0013755070008654e-08
51,264.0,0.517098977570422,698.7869644165039,-1201.6757424920795,169.73210684375294,0.0620778566882245,1.0285859427295964e-08
52,308.0,0.5094263533502817,697.4752379208803,-3500.938779115677,317.038256243026,0.0895063990555714,1.0718647479263532e-08
53,314.0,0.5263817398250104,662.4046437069774,-3323.7811736762524,188.4899902942594,0.2289521208465082,5.641290277827306e-09
54,212.0,0.5104042613180354,701.0163593292236,-1031.0264334082603,254.8263436210437,0.0100059833260187,1.34808556948602e-08
55,232.0,0.5196589247509837,695.7145930081606,-3218.015868589282,332.4244578614875,0.2596198159864575,8.175418838968798e-09
56,263.0,0.5217273588897661,711.8669608607888,-3387.0779134333134,334.76937439781585,0.2920329929986422,1.1528498057166598e-08
57,272.0,0.5150255593005568,680.0208825618029,-3309.0691298246384,325.1564662282591,0.1832542337318762,6.379361472637858e-09
58,277.0,0.5237713090702891,738.196313008666,-2849.899458512664,290.4217415821224,0.2672661274377862,2.4748170892047864e-08
59,150.0,0.5374132871860638,685.4759803786874,-3363.90785202384,260.311220636956,0.4520852662758622,7.407663605262124e-09
60,160.0,0.5127744531910866,688.0847575515509,-2798.354522511363,316.2004151388374,0.1374220293088876,7.607465259625522e-09
61,165.0,0.5272336099110544,731.1281884461641,-3249.8332545161247,313.9763948425976,0.3475506725796815,2.0055010190518244e-08
62,178.0,0.5316499744681642,701.9766995683312,-3551.5203528106213,330.0587152821401,0.4288064903743938,9.627709894077526e-09
63,197.0,0.5264720291830599,716.6828243434429,-1963.277207314968,201.62697711917065,0.235980436677171,1.4089087224603722e-08
64,215.0,0.5186720135295764,733.2559454068542,-2502.209994569421,299.3920670178273,0.2012156895290616,2.066632600993644e-08
65,276.0,0.5109551896899939,669.2041585594416,-1739.3512442708015,258.47151570376974,0.0235184048554129,7.046437104798005e-09
66,287.0,0.5140010369289667,730.575186572969,-1109.607570245862,203.6479090621305,0.025216139637471,2.3370079777786884e-08
67,298.0,0.5229971721256153,700.7356197759509,-2243.9406115561724,295.1222344594353,0.2612994247127391,9.059841579916558e-09
68,159.0,0.5135813762014731,710.5378760024905,-2078.1245592981577,298.4614194683732,0.1227321269557611,1.1863483200823945e-08
69,176.0,0.5162467942526564,668.4966575354338,-2548.188364505768,276.90781577213284,0.1325384851269841,5.469615885987884e-09
70,199.0,0.5223188368976116,743.6733814701438,-2730.181510001421,267.6672547970777,0.2170598967850353,2.992936481434046e-08
71,256.0,0.5115546566573903,675.4326108843088,-2144.8548685759306,279.68979695527844,0.0629437940849443,6.576648248056706e-09
72,296.0,0.5187567772017792,667.6586386561394,-3011.606554314494,293.3903693711731,0.1942411285291936,5.236261510204418e-09
73,303.0,0.5141654857201502,717.532930932939,-2678.392291814089,317.4437781466287,0.1596900163035164,1.3925587277030337e-08
74,340.0,0.5101660472527146,682.8504304587841,-2087.48881816864,284.48073444625624,0.048676006942175,7.82602796301946e-09
75,344.0,0.5200396034680307,702.8268416970968,-2832.2509825229645,327.4690159142816,0.2588096444480902,9.421003443017251e-09
76,354.0,0.5291235758131371,693.3693426474929,-2668.029050901532,282.8282904871476,0.3412722575525301,8.03874315848281e-09
77,399.0,0.5155395613657311,713.1295368820429,-1707.5742658227682,277.8133937641186,0.1226804956019611,1.220896813119868e-08
78,429.0,0.5330394069338218,711.1819260194898,-2525.047703459859,220.65331486496413,0.3558413432455963,1.2621786348748598e-08
79,312.0,0.5222292680479587,689.3182909488678,-2332.766532897949,290.1041328864795,0.2431508794666943,7.297320595416521e-09
80,351.0,0.5126794109586627,742.3592816665769,-2267.232498899102,258.3148763954339,0.0511650360285241,3.332993037613464e-08
81,373.0,0.5244871628284454,724.746470451355,-2336.895066127181,284.6263068952608,0.2712388672215153,1.6279514731808946e-08
82,391.0,0.5211999245313927,751.7051047086716,-2539.778603240848,170.95082491155503,0.1333140439309186,4.2745932489948384e-08
83,352.0,0.5136771587235853,659.8783178627491,-3431.2951516360044,298.69920871564466,0.124543505482961,4.893430508700127e-09
84,363.0,0.5105867552990094,720.3384538367391,-2718.0699683725834,298.7429404751896,0.077765446249804,1.7831278422235335e-08
85,377.0,0.5338568929024041,729.6055806428194,-3532.9827781766653,302.77834983779803,0.4344493779063009,1.997733204504916e-08
86,407.0,0.5190472836140544,731.8892529606819,-2802.9088228940964,313.46677516775566,0.226012293383445,1.9779850877789217e-08
87,416.0,0.512882444751449,665.4637169465423,-1344.627045840025,212.15169063947425,0.0116114998896927,8.039982425821216e-09
88,426.0,0.5228216425841674,675.8974757045507,-3091.1776944994926,306.95959855148726,0.2736251871504744,5.851787506809334e-09
89,330.0,0.5250717913964763,687.2346225753427,-3418.3151978999376,329.08796052182134,0.3332418024323897,7.069719628953936e-09
90,343.0,0.5184324724413455,722.82805275172,-1530.149968340993,234.3855965605616,0.1209559335223718,1.5745243815602722e-08
91,349.0,0.5281697964947671,715.91781206429,-3269.5646669715643,327.64311892542247,0.3762588299901389,1.31115716280086e-08
92,427.0,0.5099740025540814,726.8192402273417,-1502.3851957172155,261.90956174156725,0.0122392928762982,2.5870011148160948e-08
93,431.0,0.5146925666974858,745.1908994466066,-3518.6037104576826,300.9255158404897,0.1432349067470367,3.3406668388738825e-08
94,461.0,0.5322561217704788,725.8606347069144,-3136.493994668126,294.31933186086,0.4017002980215441,1.7623443348845785e-08
95,468.0,0.5103415762912482,663.6370613053441,-2927.694657817483,290.0597608205866,0.0602081435985742,5.6862517976061075e-09
96,320.0,0.5123462077183649,691.5670607984066,-1678.469642624259,272.2574955892397,0.0644944850827754,8.47837395294853e-09
97,324.0,0.5079241455206648,672.6726354658604,-3258.748511597514,299.82925668522563,0.0392079412270396,7.477721327896884e-09
98,335.0,0.5163260422972963,734.0280463173985,-2966.504830867052,313.55485246368374,0.1859275157698221,2.1580320176258932e-08
99,359.0,0.5210825836705044,725.3092498704791,-2198.9636577665806,290.2367436667886,0.2256846071468147,1.6294491240485807e-08
100,375.0,0.5174342789687216,750.7265142723918,-3369.111723080277,285.91001439391823,0.1635257846145266,3.951827500899565e-08
101,389.0,0.5254842657735571,718.1722055003047,-3559.703527763486,333.9764859207241,0.3446650970106424,1.3674250459755116e-08
102,402.0,0.5334165769442916,688.7302877008915,-3244.3966146558523,296.6655352296697,0.4217542635905711,7.479679374303679e-09
103,368.0,0.5156554770935327,696.5676103532314,-1909.5863968133929,288.5113021022773,0.1397181760202575,8.493762044054167e-09
104,384.0,0.5117305285157636,701.215579174459,-3104.597530514002,322.34307182724257,0.1313425238313678,1.0194250148922597e-08
105,400.0,0.5152015930972994,662.671755515039,-2461.78183592856,254.88950133757936,0.0879049712557048,5.419155342784174e-09
106,424.0,0.5185812587244436,709.3717831745744,-2058.838487416506,299.3542458759296,0.1997893647154054,1.0879858301360105e-08
107,464.0,0.5144121187366545,705.2626555040479,-911.4879447966814,185.1694808393472,0.0224701675759893,1.3046032459704358e-08
108,436.0,0.5096023873146623,679.1886072978377,-2653.6497686058283,297.0248015722565,0.0600686989180543,7.399978188262446e-09
109,442.0,0.5262060503568501,680.6839465349913,-2363.985725864768,182.09290803802747,0.2235346820439066,7.207899204241452e-09
110,456.0,0.5178868291107938,694.0543792769313,-3584.90507081151,335.47455117783795,0.238239832987585,7.964175501221488e-09
111,474.0,0.5269605721812696,696.0089030861855,-2764.9424459785223,309.0894903944814,0.3379288314401971,8.345449706307198e-09
112,489.0,0.5378554108692334,712.1582248434424,-2878.488313034177,222.1182203152593,0.4372858888670407,1.323856178280836e-08
113,530.0,0.5330837609479204,673.2466242834926,-3389.59580026567,197.2403694250167,0.3467040463061869,6.535091452433428e-09
114,452.0,0.5080998358270153,700.3271709755063,-2305.984307080508,288.7423376051757,0.0235541712096164,1.35331076109884e-08
115,480.0,0.5138528488622979,686.5953497961164,-2478.532663732767,307.4589396061669,0.1403421338750774,7.233662944427542e-09
116,528.0,0.5148241568775848,706.2505775690079,-2597.2013656049967,320.0909977379438,0.1731497259682777,1.0465660204577044e-08
117,567.0,0.5178465751884506,710.0102769955993,-1177.1802708506584,156.25648318263907,0.0701350241940012,1.2747507626568326e-08
118,447.0,0.512538595739752,738.7550220638514,-1940.411710739136,253.55109327335728,0.0431180204748287,2.962930439761144e-08
119,526.0,0.5399251269362867,703.1957318261266,-3147.6687982678413,267.6041834388019,0.4977049174704615,1.0429561995278841e-08
120,533.0,0.5235689640184864,711.9588069617748,-2156.372096389532,287.8250751000153,0.2609305109756537,1.1628484935141264e-08
121,586.0,0.5252347416710109,705.9646331891418,-2262.956826388836,287.0727761777076,0.2857555382055673,1.0211804118507873e-08
122,591.0,0.5164899352006614,715.291197411716,-1814.765195176005,283.8971564923456,0.1460557057093692,1.2687726280828481e-08
123,479.0,0.5132068355940282,724.0834082663059,-3226.967865228653,321.26203789766225,0.1512427006830005,1.7182362235898372e-08
124,491.0,0.5111143614863977,746.1179886758327,-1870.774520561099,245.22313801031143,0.010454363215953,4.935673773776352e-08
125,496.0,0.5158310059644282,676.4167376235127,-2749.790519848466,306.25796627082536,0.1681460214491537,5.990074206506003e-09
126,523.0,0.5086797862034291,716.2519327178597,-3574.6546637266874,302.5939098827766,0.0551673474720868,1.92411303486004e-08
127,554.0,0.5232002066727728,689.4763847067952,-2874.842570722103,318.6528764763115,0.2937495528630595,7.310918192645182e-09
128,564.0,0.5092392861610279,693.7346839904785,-2405.3460393100977,294.70100937144133,0.05077289703391,1.0063015630205463e-08
129,503.0,0.5169071875978262,716.5058171004057,-2416.3509517908096,314.5878461074701,0.1959548483387078,1.3005554109456892e-08
130,512.0,0.5113516260497272,656.699256002903,-2861.429587751627,275.41375295255915,0.0533669279858737,5.27359240419552e-09
131,535.0,0.5194157948670909,746.4349302276969,-2938.108196854592,282.25698037810423,0.1893559005081414,3.288616179165809e-08
132,544.0,0.5132541289739311,681.8555968999863,-1014.365416020155,203.98603196908363,0.0127400970270057,9.654088968171624e-09
133,568.0,0.5223860359145328,700.5850661545992,-3461.016139760613,335.32378096923907,0.30207320690808,9.018004936210126e-09
134,584.0,0.5182690829131752,679.508760124445,-3281.118775159121,325.16936173054984,0.2302392575192759,6.191888563477539e-09
135,610.0,0.5289173694700003,697.1355161443353,-3350.755579769612,328.0958121172783,0.3875134727062206,8.614133787726474e-09
136,615.0,0.5208740560431033,721.5499718859792,-2919.81951110065,325.4751835424844,0.2683445941923947,1.4679265888474645e-08
137,624.0,0.5154908946948126,692.8085174411535,-2984.1986898332834,326.665383158755,0.1920896859763555,7.906834539839137e-09
138,629.0,0.5243249020492659,728.5133171826601,-3456.887646764517,328.5241828351258,0.3218447504550955,1.8168010296743386e-08
139,501.0,0.5239600825216622,742.0921680703759,-3184.139444679022,294.8328013731962,0.2756273801224615,2.8500094941753813e-08
140,519.0,0.521569901863113,738.0969285592437,-2294.194097444415,259.97633750668234,0.1965210820070935,2.4463912646835385e-08
141,559.0,0.5143661986477673,728.7990615144372,-3340.3923254460096,322.9601859295559,0.1705765368032629,1.9052833151081414e-08
142,573.0,0.5304293500119821,721.1468102782965,-3037.2231356799603,307.769555288213,0.3881742883538788,1.5233787521814946e-08
143,616.0,0.5190042831096798,704.0463189780712,-1491.1590479314327,228.87236108962915,0.1261512447962009,1.0279238058507632e-08
144,660.0,0.510633017369546,685.5959386005998,-1519.637717306614,265.4862335071482,0.0277036529456187,8.719102584900676e-09
145,582.0,0.5345158914569765,680.8256772533059,-3571.751926839352,290.98111680459675,0.433002028159661,6.568778264173698e-09
146,600.0,0.520247441935353,684.0892641246319,-2174.020532146096,273.7394412270313,0.1914400339126011,6.749628041971098e-09
147,658.0,0.533611196144484,699.9599974602461,-2549.331166595221,181.4738677091968,0.3504921665582463,1.0310991504349896e-08
148,663.0,0.5192399325640872,720.6517330557108,-2090.8213321119547,294.3927602933807,0.2029978266303237,1.4321672264766797e-08
149,685.0,0.5328454718645662,737.4480418488383,-3156.1693891882896,215.0270059848445,0.3499202967551229,2.6863603501792132e-08
150,692.0,0.5097667107963935,652.9588148370385,-3365.0779724121094,285.28710908393293,0.0437519788386975,5.232569875469862e-09
151,696.0,0.5218589443759993,672.9268687590957,-2508.260518312454,250.2524409713685,0.1913593363106897,5.929370027222667e-09
152,605.0,0.5283766919979825,734.6475785970688,-2636.705868691206,233.02949633325068,0.285008466964244,2.317121267723435e-08
153,640.0,0.5118792322371155,689.9787879362702,-2014.130706712604,288.12764416610537,0.0808789135318561,8.148978812438557e-09
154,645.0,0.5256349394097924,729.4021593406796,-2459.0261712670326,275.4382836823881,0.2784569030870552,1.88407472813074e-08
155,661.0,0.5233930913219229,754.6170045807958,-3109.080081805587,191.15811204250488,0.1789174117242996,4.913617242734938e-08
156,680.0,0.5183879256434739,683.1125619634986,-2722.376606985926,312.8996973952722,0.2154982411033769,6.5529622955561165e-09
157,714.0,0.5247073175385595,670.8139891177416,-3215.65751619637,288.71284154707683,0.2795839681638268,5.490705454350574e-09
158,719.0,0.5166658072266728,747.6366659253836,-2774.506140500307,271.67735091659387,0.1321263500927766,3.516583710124634e-08
159,596.0,0.5100159744312986,709.120180234313,-2806.2814090400934,305.1027115848216,0.0792980748902601,1.360489039142278e-08
160,619.0,0.5107375176157802,731.5718538686633,-2063.214487954974,268.4187471071989,0.0334866110008157,2.6076712081165493e-08
161,647.0,0.5213938581757248,755.4462844878435,-3253.936330229044,238.30522833949456,0.173185431692454,4.896886135931744e-08
162,656.0,0.5153515816805885,666.4122048392892,-3556.935015320778,315.24052536248,0.1739489381888757,5.208475902103705e-09
163,704.0,0.5119666142482311,677.9584832116961,-1362.544634565711,243.0530788640513,0.0221573044474733,8.074606806930536e-09
164,708.0,0.5083026100322604,689.0645156428218,-3375.244091078639,307.788761290485,0.0580114090669299,9.820758947011291e-09
165,726.0,0.537195730698295,700.8795264363289,-2847.1877686679363,215.5063079795434,0.4234118059038702,1.0388296178617337e-08
166,608.0,0.5135142097063363,671.1410688608885,-2362.474713474512,280.2146318290033,0.0943781297995129,5.8480859150120565e-09
167,639.0,0.5117750753136352,732.8451861068606,-1597.7219715714457,251.22796831372943,0.0279815130366365,2.5930662600106072e-08
168,772.0,0.5074441985832527,661.0079922154546,-2741.905690357089,288.7062141989849,0.0133851761152805,7.25964635888697e-09
169,783.0,0.5161153884744272,719.5637752115726,-3483.268741518259,332.8268234530369,0.2094844828863293,1.4180311645667868e-08
170,792.0,0.5206199223548174,691.0593638941646,-3320.886352658272,332.2565718287591,0.2731554299633852,7.504885824873968e-09
171,805.0,0.5268519679876045,746.6117796674371,-3384.155975282192,266.1753195745363,0.2877939880040789,3.5026420845648856e-08
172,816.0,0.5165692954789848,682.104820497334,-2285.7947766780853,292.2593040446042,0.1591593690339571,6.526964898624354e-09
173,649.0,0.5383204806409777,724.8880956694484,-3428.34759503603,283.8516441494849,0.4853424347617568,1.7794689547036623e-08
174,671.0,0.5136296936823055,744.1838204860687,-1256.3997734338045,194.9917833670061,0.0140379036142558,3.964340246271604e-08
175,688.0,0.5162871616659687,701.9077122583985,-1795.347909629345,282.9701651809589,0.1415970942831383,9.414261864265505e-09
176,698.0,0.5260560605162755,706.9507355988026,-3542.229878157377,335.0349031243851,0.353984578460872,1.046464608930732e-08
177,712.0,0.5177416483871639,697.78440464288,-2433.824614807964,315.3392391341797,0.2092914898306928,8.546519891646893e-09
178,724.0,0.5105432374635711,667.3960496112704,-1853.5219252109528,263.1853293021666,0.0231090969565465,6.89752515457936e-09
179,735.0,0.5130177098093555,727.8131609410048,-2566.7598757892847,300.1902725982169,0.1168218562666974,1.937245475587589e-08
180,741.0,0.5277081424742938,714.7887959703803,-2732.9595878720284,308.70310005480366,0.3486224409700303,1.2676939114653292e-08
181,788.0,0.5110030458308756,695.5587862804532,-2491.752728819847,304.898703088153,0.0937757927425783,9.335804522767551e-09
182,703.0,0.5123892082227394,712.4959859251976,-3065.8048722893,322.0421534743164,0.1404809643291733,1.2942910808304908e-08
183,751.0,0.514983932087198,724.0431302040815,-985.6450460851192,174.57570108519147,0.0275606991847336,1.9415404822952792e-08
184,759.0,0.5170516841905192,735.2726490795612,-3489.8646119982004,324.1150469405972,0.2111816036485639,2.228088488167697e-08
185,763.0,0.5075290470803157,711.5471600741148,-2323.668188229203,285.94425658948705,0.010131284595296,2.1439338352988625e-08
186,802.0,0.5286327367601916,707.9509172588587,-2151.155437901616,214.99993688021368,0.2789269742878378,1.1518321276925133e-08
187,807.0,0.5197990935156122,713.540291711688,-2603.2934971153736,321.3930723881129,0.2475149185298215,1.196710903389828e-08
188,728.0,0.5197198454709724,659.2474617436528,-3133.7563276290894,256.3343983317664,0.1627301574255241,4.9650916582633345e-09
189,736.0,0.5140412908513099,705.3615371510386,-3202.6844155043364,329.80509133301007,0.1756003155753172,1.0410680816479844e-08
190,768.0,0.5115035818656907,709.7815661504865,-1154.604959115386,249.8490676690325,0.0219677702964794,1.4210926065746777e-08
191,800.0,0.5130984273692593,673.5390957072377,-2942.672548815608,307.62485059489427,0.1293286819056345,5.950647676800091e-09
192,730.0,0.5267734163114801,692.2713402658701,-2128.787749260664,194.21999990807063,0.2379322593492429,8.589271353070886e-09
193,743.0,0.5206985373981298,741.7006157338619,-1967.05659404397,185.14052485154,0.1302366968751434,2.8897307112434107e-08
194,754.0,0.5315092297410593,684.5843431353569,-3062.775012105704,277.327813816984,0.3728818420394405,6.9732740364900895e-09
195,776.0,0.5171474667126313,665.8736134693027,-2248.943407461047,228.7997467059573,0.0951441456998019,5.7978259288291675e-09
196,839.0,0.5219451782340184,727.2815003991127,-3003.8108713924885,322.3670167676151,0.2800041219178726,1.7291189863314393e-08
197,863.0,0.5128177970182151,715.9790191799402,-1513.8405818492174,263.55134113846617,0.0600829983377238,1.4285896207798936e-08
198,888.0,0.5213083646073937,704.734998382628,-1808.998998999596,262.33448150764644,0.1948864193670417,9.981732315306544e-09
199,778.0,0.524244274427183,698.8865092396736,-3014.0950608998537,327.172174243129,0.3191075869975566,8.754683541225108e-09
200,797.0,0.5293637209851295,730.4976769909263,-2893.466204032302,280.7213548151118,0.3427597031427811,1.9958858613957708e-08
201,811.0,0.5104529266478494,733.048747330904,-3206.778348237276,291.0010158406222,0.063413946281482,2.7663832535278912e-08
202,825.0,0.5351278115436435,717.014528773725,-3128.609165176749,293.8197454394095,0.4450875594213539,1.398694326627013e-08
203,840.0,0.5179372649500147,687.1222085133195,-1577.7870800346136,214.8346999762833,0.0986130207917105,7.840062732551674e-09
204,848.0,0.514452320104465,698.3672770485282,-2897.680413722992,325.4224040811781,0.1753305493134759,8.919846680962536e-09
205,872.0,0.519331604600884,651.1982271447778,-3423.0080377310514,222.2672409116413,0.1269125703501851,4.878633947116401e-09
206,843.0,0.5096695670532063,718.6586586385965,-1920.2264852821827,275.9679712415869,0.027706631276356,1.8995437256482962e-08
207,928.0,0.5129223830113188,699.3147395551205,-2095.375377684832,297.8909894497814,0.1118662537079308,9.407724492517909e-09
208,933.0,0.5273795644519851,719.8913109302521,-2543.8947815448046,291.56821331248534,0.3240576395974726,1.447715268796925e-08
209,832.0,0.5124739718949423,658.1518864259124,-2668.6096351593733,267.5331970121292,0.0599228569538145,5.2921798651984765e-09
210,853.0,0.5225812053866684,722.6625345274806,-3373.7770166248083,331.79543095650564,0.3006627565741346,1.5208132056913532e-08
211,864.0,0.5135380323743448,693.5274669155478,-880.6519087404013,197.1015293157728,0.0136192820095263,1.1417681543379784e-08
212,870.0,0.536263547227718,708.9439244568348,-3259.356467798352,306.07352069900463,0.4736904918467521,1.1507969933861358e-08
213,890.0,0.5255487286858261,678.7457992881536,-2828.0449233949184,282.3240854091195,0.2850190044928405,6.207601844579099e-09
214,903.0,0.5211489355703816,718.0596179887652,-1772.1134182065723,255.95683378220045,0.1854783883476654,1.3606613277154591e-08
215,912.0,0.5152380870655179,688.7915502488613,-1428.2389272004366,232.1721351447493,0.0660822582892937,8.216249177712615e-09
216,960.0,0.5122984539205209,684.8762423545122,-3508.817613869905,326.63914307316367,0.1459426534401633,7.270759449696963e-09
217,965.0,0.5266687083197757,735.4489263147116,-3042.9396707564592,295.16752877800786,0.3173525372107075,2.3004050786132524e-08
218,975.0,0.5167281264672056,725.7190900668502,-1296.1727287620306,200.0239726063729,0.0695173450895032,1.805644040284569e-08
219,834.0,0.5306889761937782,691.6960133612156,-3438.1509382277727,323.75048285143043,0.4086399601596395,7.801610685028826e-09
220,879.0,0.5154418049892411,735.8771584182978,-2182.7530838549137,276.7445327976941,0.119657117084742,2.33273542699444e-08
221,895.0,0.5117951873969286,740.7006061822176,-3276.4477852731943,287.9076077325653,0.0792419715200833,3.27589769760789e-08
222,909.0,0.5310784987406806,713.2585448771715,-3519.7609830647707,329.6991638015522,0.4202440914709879,1.24620753057936e-08
223,976.0,0.5142766187340021,678.2090798765421,-1944.9209365993736,267.41113683893644,0.0885055539565455,6.540333878614221e-09
224,981.0,0.5231084581930191,740.0009077042341,-2413.9781288802624,247.6395657174486,0.2093635941542457,2.649622657123073e-08
225,996.0,0.5065344465104863,702.1113360673189,-3294.110993295908,295.7311274048704,0.0112337235879758,1.9026926882482912e-08
226,855.0,0.5182968866080045,748.7103253602982,-2338.800970092416,227.1559216363687,0.1130733011920295,3.676388856957483e-08
227,874.0,0.5234841099055484,685.203779861331,-2627.097843959928,298.0730216562418,0.2724230970548133,6.8014551090550075e-09
228,884.0,0.5089519012533128,681.1175420507789,-3117.7995711565018,305.40867661278446,0.0638422889109285,7.950079997322612e-09
229,893.0,0.5301420071814209,714.17674113065,-2267.8406830877066,206.29952593153047,0.3003362518738371,1.3502952109164344e-08
230,904.0,0.5173231563484296,707.5940819829702,-3089.1561068594456,331.5874767109406,0.2251094695516692,1.0513367553297724e-08
231,911.0,0.5155881363386289,747.2144197300076,-2530.502827093005,259.6652978240817,0.0997504263219319,3.5435798479034734e-08
232,935.0,0.5203267003735528,753.3857600018382,-3563.0374532192945,279.4478654025452,0.1999194253927015,4.398467763421393e-08
233,951.0,0.5181740302871913,730.0474722310901,-2005.0722062587736,276.28749604363475,0.1620159690070352,1.8769446872026303e-08
234,955.0,0.5078596476558596,723.3051236346364,-2974.3913769721985,285.0962161502619,0.013865400034642,2.9464965499068823e-08
235,978.0,0.532579492200166,705.1852013543248,-2755.7612981647253,280.4708934290802,0.39275833923732,1.0416166553401997e-08
236,1000.0,0.5195074772974476,691.9777584075928,-2575.712154060602,315.6294002489825,0.2356832963013471,7.628813780281358e-09
237,927.0,0.5134341355413199,736.8047513440251,-2703.090360760689,290.96137376898355,0.1091454889000748,2.563367958424596e-08
238,937.0,0.5365788344433532,726.7563343793154,-3289.7559005767107,271.67002995702694,0.4476994670359387,1.8666288069629267e-08
239,944.0,0.5163934338465334,664.7630174458027,-3245.5267164856195,301.3399155142688,0.1695147390082797,5.061351221166625e-09
240,1024.0,0.5112795939017087,672.0794473960996,-1777.1206129342318,260.998955946414,0.0320246182999618,6.945431832909883e-09
241,916.0,0.5108271843660623,677.2794796526432,-3451.486385241151,317.4313647765,0.1106828389411995,6.703878331384076e-09
242,922.0,0.527804390611127,682.3499444499612,-3176.3311084359884,306.8781364513658,0.3479944798836611,6.554103134960268e-09
243,948.0,0.5095653243828565,706.041167229414,-1661.7468137294054,275.326104385036,0.0250867203431204,1.3744644754384913e-08
244,983.0,0.5188241504784674,714.4969526305795,-3179.0072321891785,332.3433455800369,0.2475773006877467,1.2260639050778352e-08
245,992.0,0.5137139052385464,653.6783365160227,-1727.89414152503,188.06160543841543,0.0119094806009972,7.307808769746367e-09
246,1012.0,0.5087762000504881,661.8968484550714,-2165.038377419114,276.4230546087013,0.0143471264562595,7.049162232330786e-09
247,1034.0,0.5240313049778342,676.6462776064873,-3516.525011882186,321.9502630618542,0.3098619665603171,5.932299380423146e-09
248,1003.0,0.5112393794162199,712.2340070828795,-1119.2588087171316,249.80180212177703,0.0176015033303599,1.5584912019219878e-08
249,1028.0,0.5075607854500414,683.7082441523671,-3357.384515181184,302.7626935265328,0.0385991071203804,9.535714290821756e-09
250,1039.0,0.5159905443433672,742.3254282772541,-3093.2812839746475,300.5384461172236,0.1622753892770924,2.8948298865973783e-08
251,1046.0,0.537904574838467,706.3458753377199,-2992.475111782551,260.13545366000113,0.4598715280023069,1.113223227669339e-08
252,1056.0,0.5133330274093896,696.2407316640019,-3558.044085279107,332.01544077552825,0.1685706990165392,8.746329254408035e-09
253,1061.0,0.5269991266727447,724.3116310611367,-3106.226932257414,319.3179753488132,0.3501282889080849,1.6324675106317013e-08
254,1018.0,0.5257247723732144,697.9591722413898,-1987.777292355895,213.56094864363868,0.2291595130997701,9.316512727853504e-09
255,1023.0,0.5112675916031003,722.4174087867141,-2429.1570514440536,293.14416209083794,0.0792871368602064,1.8067411327236536e-08
256,1074.0,0.5322504307096825,693.81522603333,-2804.9877628684044,269.4839548844609,0.3770635684702479,8.302495914220718e-09
257,1106.0,0.532880294858478,709.1422425210476,-2417.9827138781548,166.2693869492724,0.3335823885544734,1.2580447225496133e-08
258,1136.0,0.5155781673220917,707.1945172175765,-1364.9654053151608,243.6246875157661,0.0821065567780983,1.1147014110078152e-08
259,1002.0,0.5236599722085521,657.5492481514812,-3579.8002436757088,239.4094035640108,0.2114985949057779,4.987744498828382e-09
260,1016.0,0.5214843979012221,672.396624982357,-2768.736517801881,280.2762512681673,0.2190877232850883,5.629175941883149e-09
261,1055.0,0.5137485896376893,733.787240833044,-2365.8680867403746,286.01461520340564,0.1065828972173673,2.2816995157987858e-08
262,1108.0,0.509891666197218,694.6768033131957,-1612.5203423202038,273.937584244682,0.0281365519776326,1.040401907954935e-08
263,1158.0,0.5338185499701649,690.0739135965705,-3196.081229299307,292.9516210411946,0.424221564176331,7.683359321676512e-09
264,1032.0,0.5170223543606699,703.1151969358325,-2526.487392559648,320.1175416881404,0.2052963896250614,9.562444847057482e-09
265,1044.0,0.5112074697623029,673.2686798647046,-2214.2648555338383,280.13725537373034,0.0581894353890938,6.456590045123017e-09
266,1118.0,0.5423363706050441,684.0086653083563,-3471.9040140509605,179.18989436561716,0.4998200115685702,8.169097030254531e-09
267,1066.0,0.5230744818970561,705.0335144996643,-1705.6916635483503,209.76670966741835,0.1823807147623015,1.0656618332823048e-08
268,1071.0,0.5142419358436018,714.354640096426,-1246.9616934657097,236.54797052916388,0.0533838967215696,1.3760599083674045e-08
269,1079.0,0.5177936804341152,725.6250854581594,-3242.294500395656,328.8396893829606,0.2282313890609382,1.6488857688792883e-08
270,1083.0,0.5082481694454327,721.2274090945721,-2637.060097977519,283.7393081263207,0.0176936850643547,2.5149603561858248e-08
271,1104.0,0.5146652895538136,676.1257007345557,-3182.253194600344,318.7959211048346,0.1689708524535875,6.0337157852502605e-09
272,1109.0,0.5227060495177284,745.422728471458,-2751.6467291861773,255.898965572908,0.2106453530502376,3.216844976496979e-08
273,1133.0,0.5335536709334702,731.6523887589574,-3583.049961179495,301.3774300656514,0.4285013619048714,2.1306004736597523e-08
274,1088.0,0.5125991686526686,680.9208100661635,-2046.148899570108,281.2536834034455,0.08161590857839,6.880980083609865e-09
275,1093.0,0.5263542548939586,738.995604030788,-2480.6075267493725,196.1497219749569,0.2315864499399493,2.7048441613619364e-08
276,1111.0,0.5185096092941239,710.9486651420593,-1941.7849581688645,291.333202657789,0.1876222281062473,1.1287149139423066e-08
277,1140.0,0.5090908055240289,658.8782509788871,-3402.259913831949,293.87798726815794,0.0471670075775396,5.653774889190789e-09
278,1151.0,0.5116480287117884,718.4017450362444,-2766.3793455809355,308.67352360201727,0.1093018950193575,1.5691333774177034e-08
279,1162.0,0.5245589007716626,696.8081373348832,-2676.324322074652,313.48069076565184,0.3074688537386903,8.406572439142296e-09
280,1195.0,0.5100504972692579,737.5285838916898,-1969.439223781228,261.2445567756799,0.0125737728966869,3.7555906786921016e-08
281,1227.0,0.5093771062325686,722.1458342298865,-3157.565603032708,296.38449488243594,0.0556055339469753,2.130889943329033e-08
282,1128.0,0.5190969199873507,688.4897032752633,-3138.3808616548777,328.7331781150382,0.2468467334106155,7.1859243590585315e-09
283,1146.0,0.5253141286456958,701.448837146163,-3225.555856525898,331.0421198652599,0.3389399113044356,9.268564621731555e-09
284,1167.0,0.5158145006559789,724.9833934381604,-2246.040338650346,299.8434246766094,0.158605877205002,1.6513881361072943e-08
285,1184.0,0.512805774603039,677.023696154356,-2605.334383249283,300.6013400426274,0.114246556633846,6.318800398615402e-09
286,1200.0,0.5161890314565971,687.4642206728458,-2848.4556656330824,321.5329418331767,0.1950935779243552,7.130284970625837e-09
287,1215.0,0.512439307612367,726.8820505216718,-1563.053327053785,256.1097760346552,0.0445697697102159,2.002686530926726e-08
288,1232.0,0.514137693089433,700.9748313575983,-2335.0195448845625,310.50136917578885,0.1491006721263783,9.456097952693169e-09
289,1205.0,0.5250220718747005,734.2612484097481,-3310.4880318045616,316.8499644254499,0.3183050483538053,2.1854668738706052e-08
290,1263.0,0.5150313335098327,738.428200148046,-3419.9814800173044,314.2454202608345,0.1677970427732163,2.5686178036159955e-08
291,1296.0,0.5149519875645637,669.0186357498169,-2094.712741300464,250.96725235027145,0.0794620579703399,5.957135400068597e-09
292,1144.0,0.5211616243468598,667.0333695784211,-2431.404266506433,185.7470460565,0.1384306304061255,6.020027693186218e-09
293,1160.0,0.5175499605480581,669.8283376544714,-3486.2815529108047,318.55524741852366,0.2108747795149974,5.386925633669294e-09
294,1181.0,0.529063091413118,725.0796542316675,-2331.127931177616,210.17278430277293,0.283832868298723,1.772116104325592e-08
295,1192.0,0.5183061463478953,698.7264405936003,-1641.060595214367,255.38889449666587,0.1388067398559185,8.966612052975799e-09
296,1237.0,0.522882093875669,717.7684222906828,-1911.4387437701223,260.02194312237833,0.2177149592152021,1.353152274650456e-08
297,1280.0,0.5115674654627219,694.4585308432579,-3251.909163594246,323.66252218475114,0.1309479620472024,8.911395488070868e-09
298,1298.0,0.5332995157875121,695.4781870171428,-3111.9997669011354,300.48994431634844,0.4237831572585706,8.483135478397852e-09
299,1172.0,0.5106803783914075,699.9820525944233,-3054.524339362979,316.7215049228679,0.1074321444510937,1.0433261006472138e-08
300,1176.0,0.5209342906204983,693.1361412256956,-1858.2254838198423,252.8563973612312,0.1788384297428732,8.076524801843427e-09
301,1209.0,0.5347254660679028,712.532639876008,-2566.3798972964287,159.23022541774623,0.363751580841178,1.3790341773148053e-08
302,1216.0,0.5120717341266573,662.6378453522921,-3005.947780609131,291.106270396018,0.0884414458737534,5.296717096318878e-09
303,1241.0,0.5355036027310416,727.9082937538624,-3079.396413266659,239.40833333830727,0.4069970828668092,1.95985638166072e-08
304,1272.0,0.5216888875467703,709.6876755356789,-3271.6598879545927,333.8179211280548,0.2903375837474427,1.0959501407329972e-08
305,1186.0,0.5282522131502628,702.5899216160178,-3388.9261834323406,331.1550226012781,0.3811772842237294,9.607960201145397e-09
306,1191.0,0.5202098237443715,715.6772862002254,-2940.5218932777643,328.5545436543725,0.2626379924959475,1.2607264421003957e-08
307,1223.0,0.5222458071354776,732.1776658669114,-2666.5824685245752,302.4813164875879,0.2592917933926943,2.0099049177543025e-08
308,1248.0,0.5139512773416937,690.9171662479639,-1217.8801909089088,223.95706837230435,0.0380249251975759,9.182841985278428e-09
309,1268.0,0.5085632092272863,684.664878025651,-2555.0279807299376,294.26309791244967,0.0397347246274688,8.872550074776439e-09
310,1279.0,0.5114723280118778,745.1258754357696,-1813.676939159632,242.39260683862145,0.013342764475226,4.49113288519476e-08
311,1285.0,0.5259384722216055,726.3876886665821,-2796.248572692275,306.3362210937745,0.3194669168928944,1.7220667718800483e-08
312,1303.0,0.5195433787908406,723.6682703718543,-3553.1535901129246,333.76979099748525,0.2596658362748735,1.5533473365563296e-08
313,1239.0,0.5186856432585046,751.7279717698693,-2901.571822911501,255.6464816924904,0.1452371434645393,4.1012667451353584e-08
314,1277.0,0.5297312776232138,711.627751737833,-2830.1789358258247,307.14356716437425,0.3770806613377049,1.1875556444538176e-08
315,1336.0,0.5221486529987306,677.8775078803301,-3070.482812449336,312.28794291901147,0.2703475050368402,6.022473908274945e-09
316,1341.0,0.530279448684305,743.4373744577169,-3540.2058228850365,266.96806731223603,0.3433063939310426,3.1960754547798096e-08
317,1352.0,0.5180533280735835,701.7406947910786,-2771.6030716896057,326.2526052141474,0.2285524498858086,9.237685555092372e-09
318,1258.0,0.5238643745984882,680.2490494772792,-2964.868589490652,306.6865953712905,0.2888708147831497,6.272261520723372e-09
319,1320.0,0.5187656325986609,686.1855975538492,-2384.5981299877167,300.7194314414977,0.2044585985684703,6.899342142625965e-09
320,1338.0,0.5264336795452983,703.875633366406,-2079.56127114594,243.47054661143,0.2603938220119237,1.0156794206549742e-08
321,1348.0,0.5079772546840832,691.6154789179564,-2137.576335668564,287.119408467239,0.0189984210193637,1.139233693882392e-08
322,1364.0,0.5101297557074577,671.8214120715857,-3315.8532243222,308.10819143505984,0.0857837562109914,6.329076163211542e-09
323,1368.0,0.520119523992762,661.3299821317196,-2571.534053608775,169.66770845319127,0.1141996708497354,5.765606257260152e-09
324,1381.0,0.5281214735237881,710.7738832384348,-2395.737206563353,278.2614193138093,0.3206701390941248,1.1569498680771572e-08
325,1399.0,0.5174651016574353,739.2891715839505,-2027.532360702753,252.73675410071965,0.1222930022949976,2.5668264352351912e-08
326,1343.0,0.5119758778437972,716.9192314520478,-2503.4726209938526,304.47416086111394,0.1077091950331153,1.4805023665739772e-08
327,1370.0,0.527085183756426,688.3134403452277,-3591.456349566579,330.8187449045682,0.3640857745635559,7.250103001881259e-09
328,1385.0,0.5372982129594311,735.7820251584053,-3477.5603469461203,219.3150070645001,0.4267255445378625,2.5872087237946404e-08
329,1415.0,0.521258049258031,732.6782835274935,-2856.5322428941727,312.1463803794024,0.2569784752306177,2.0327321629630192e-08
330,1429.0,0.523257369492203,717.3758574202657,-3393.600385263562,333.4751748422697,0.3123148632917554,1.3259645118802644e-08
331,1455.0,0.5147439914336428,726.6612082719803,-1878.0541598796844,276.3152197342186,0.1080816590055237,1.7744830127341954e-08
332,1460.0,0.5096388585679233,690.7172671332955,-2743.0078871548176,304.1111072939199,0.0720504642795561,9.129339213680284e-09
333,1466.0,0.5262578075192869,669.651502519846,-3032.328902184963,239.98687639015503,0.2548136088479655,5.799997854924479e-09
334,1359.0,0.5162744485819712,753.057864420116,-2436.837426200509,217.88002826353235,0.0726156251305492,4.571150465957883e-08
335,1383.0,0.5210239573707804,743.8401069119573,-3204.7253016382456,300.1213643054285,0.2377864329645886,2.9869451997743146e-08
336,1410.0,0.5300027712387965,685.765590891242,-3301.5291150659323,311.7890064973495,0.3861065266534725,6.992281606813515e-09
337,1471.0,0.5125033019762486,750.1985374093056,-3463.2633548229933,271.2246490525182,0.0655201249700659,4.647602295837584e-08
338,1323.0,0.5105085626197979,717.725777067244,-1141.4993304759264,254.7659152522073,0.0116233311901624,1.9340175816995693e-08
339,1360.0,0.514507915340364,683.0432622879744,-1732.072677835822,259.01480886089126,0.081542805019317,7.134165056111532e-09
340,1375.0,0.5127141763269901,731.3604752346873,-3129.0921337902546,308.79096367509777,0.1253652444005043,2.2012877844824167e-08
341,1396.0,0.5088455368299037,696.499048396945,-1470.4129692167044,274.4311142562071,0.0123692860224516,1.2560582884902437e-08
342,1424.0,0.5151275172736496,704.1729423776269,-2934.972218424082,327.561023315771,0.1880900547701331,9.96350292110714e-09
343,1439.0,0.5135049259942025,721.4807862043381,-1646.9330068677664,267.4372719360334,0.0762332462267261,1.5986854900689244e-08
344,1446.0,0.5355875547835603,699.2194422334433,-3508.4784116595984,320.4876787396972,0.4768101478011293,9.25858379328257e-09
345,1357.0,0.5318094657408073,718.5780665278435,-3219.456657394767,314.99726173229766,0.4161382951941107,1.4318338756114072e-08
346,1376.0,0.513663671151735,708.8486199826002,-1964.9059385061264,293.7317285342851,0.1168427564601297,1.1382286741637186e-08
347,1408.0,0.5117431550985202,652.7453905716538,-2299.2011848837137,247.64162979217087,0.0234014444676866,5.96986054925686e-09
348,1450.0,0.5227867027046159,694.8364071547985,-2312.181594595313,294.8530593705327,0.2577472538789255,8.062516812576293e-09
349,1469.0,0.5308068832103163,723.2830680534244,-2699.994840100408,268.83766177266926,0.3534929091884921,1.6287634663083023e-08
350,1480.0,0.5178778100991622,675.0236599519849,-1818.8903722912075,200.5685509494633,0.0893612967113488,6.752383015907235e-09
351,1392.0,0.5157283646985888,655.5111189931631,-3493.659783527255,285.35786006742666,0.1363062620947108,4.613628548237067e-09
352,1416.0,0.51726206778083,692.9179894551635,-1554.434286430478,240.1501351336539,0.1065577081544936,8.337214640799029e-09
353,1419.0,0.5090053119556979,713.1779456138611,-2112.4255031347275,282.33149258799244,0.0272219486768276,1.722397925743413e-08
354,1472.0,0.5121796815982088,700.2586282417178,-1077.6389379054308,239.3193014319397,0.0219087330539949,1.1605061610341951e-08
355,1487.0,0.5168015290563927,710.3960051387548,-3277.103340625763,333.1941674469933,0.219778959587854,1.1240631683406796e-08
356,1431.0,0.5190162865817547,742.8924009948969,-2600.447328016162,277.90162967124627,0.1773719156587916,2.8761012445480093e-08
357,1448.0,0.5185895882407203,660.4026326164603,-3344.394013658166,285.7519837523141,0.1812086612846183,4.799117858728618e-09
358,1464.0,0.5219727913662792,695.2266382798553,-2223.245293647051,292.07967797066624,0.2417484480700371,8.114613415384627e-09
359,1482.0,0.5249313819454983,708.5750985890627,-2825.6178226321936,322.46152302448934,0.323564368340743,1.0799351041026166e-08
360,1511.0,0.5204965221742168,718.9980714023113,-2357.4813455343246,308.5485448717358,0.2409750666222242,1.3715269392275957e-08
361,1552.0,0.5147881818329916,657.7810765057802,-2799.003265053034,261.51051534982304,0.089121399061618,5.065100119753905e-09
362,1476.0,0.5081531272130088,651.7661229893565,-3097.37522341311,284.6112947242692,0.0176300594291054,6.083568216595117e-09
363,1492.0,0.510305788833648,705.1046092435718,-2468.619567900896,300.31991948558885,0.0760242530995486,1.2040994004732548e-08
364,1544.0,0.516894504018128,676.4968973398209,-1704.548029974103,207.16555003831544,0.0763399936837001,6.939887202964245e-09
365,1556.0,0.5110803597094491,706.4457026869059,-1236.3127671182156,256.6179809218186,0.0231937027256802,1.3197422604772872e-08
366,1559.0,0.5193370840186253,727.408794797957,-2465.5774366110563,306.61578297579433,0.2210878894446859,1.7275451437728964e-08
367,1581.0,0.5326398089621216,714.256370216608,-3087.269239872694,308.16677066331823,0.4215596039551623,1.2858701447426525e-08
368,1588.0,0.5093124795379117,675.2340621501207,-2990.9819193184376,301.1946081910575,0.0624269568275611,6.990954029590279e-09
369,1604.0,0.5077879569865763,695.3747864067554,-2868.652907386422,296.8623882568484,0.0322141669585138,1.2192578342399356e-08
370,1504.0,0.5138395438482986,668.0617604777217,-2924.703109636903,298.65303577104174,0.1269356345357992,5.451794600327545e-09
371,1529.0,0.5344408756867052,722.3221043124795,-2710.6410909444094,186.49743463273865,0.3662685944983568,1.7295733632805172e-08
372,1536.0,0.5114051160868257,698.1997571140528,-2541.819918528199,308.3599569523273,0.1051957207542623,9.68465470395002e-09
373,1576.0,0.5189726111665368,704.9483373761177,-3521.616092696786,336.10845521805487,0.2544902424701105,9.867295400774496e-09
374,1599.0,0.5121389113506303,735.6821867451072,-3177.7431171387434,298.88161425663725,0.1015076944025731,2.6417496348662538e-08
375,1496.0,0.5199438226222992,681.4808519557118,-3411.7913849651814,328.8735680411277,0.2592134088557903,6.3746183962931075e-09
376,1519.0,0.5148368471628055,746.2833582609892,-1495.1606288552284,179.99963550842418,0.0273826718538109,3.898483821740504e-08
377,1525.0,0.5239471099339426,731.063164435327,-2219.659351184964,258.0470016056577,0.2328765808339402,1.9742226390298963e-08
378,1538.0,0.5296200878638775,672.1574719622731,-3564.4741650670767,286.63605298881805,0.3530898293354212,5.673807223433496e-09
379,1583.0,0.5143808798026294,740.2400600537658,-2055.935847759247,256.2293402887154,0.0761575547190924,2.82635683748794e-08
380,1594.0,0.526597489384003,685.1057825610042,-2701.653461158276,284.26573052500555,0.3035868527240227,6.8801158517153905e-09
381,1620.0,0.5099420861946419,660.5584464967251,-2590.362513810396,278.20560329460307,0.0354162727151171,5.915887186569638e-09
382,1626.0,0.5272859852807597,699.5538932457566,-2427.274690568447,283.2089635873197,0.313088254726449,9.006910315228788e-09
383,1631.0,0.5129171224450693,720.1268606260419,-1989.636478945613,286.61092235238243,0.0946038975039532,1.554239243441701e-08
384,1501.0,0.528688545273617,739.5407185330987,-2973.934157565236,246.1707227146972,0.2995161769775874,2.7279062151265852e-08
385,1515.0,0.5111288547189906,727.6164432615042,-3525.4436284303665,311.24915519671043,0.1055742724664502,2.149828308141e-08
386,1520.0,0.5159043979924173,687.8568125888705,-2646.427843719721,315.9854129653073,0.1831473584468869,7.197359770737654e-09
387,1541.0,0.5257739782519639,722.6542734354734,-2097.4819980561733,242.6545431638378,0.2489014652396917,1.5812934505024452e-08
388,1608.0,0.5182123286277056,690.5073224753141,-2122.1274588257074,292.00702103460577,0.1839926124837899,7.470848570183634e-09
389,1543.0,0.5215775500983,749.0993890538812,-3102.446445822716,270.9490171959093,0.2090977336004701,3.6867836396453364e-08
390,1578.0,0.5231250846199691,678.444626443088,-2528.846415504813,269.715603440324,0.2322340159580394,6.234281492901475e-09
391,1610.0,0.5253091688640416,664.9962756410241,-3140.3887297958136,224.5400910699,0.2284776188644128,5.579756091017641e-09
392,1643.0,0.5107887544296682,743.0995919182897,-3333.553084731102,276.1679775502319,0.0456260883516734,4.0062882941764505e-08
393,1655.0,0.517306784898974,713.0193923041224,-2753.6823581904173,325.3274409068699,0.2165179418083917,1.1908996377464912e-08
394,1689.0,0.5363351547485218,710.5013378337026,-3596.2562933564186,323.43669445032083,0.4903223261278633,1.1952777654343958e-08
395,1611.0,0.5095931101404131,715.2203582599759,-1551.609943807125,269.8692208233251,0.0173730925485169,1.8080333519973013e-08
396,1632.0,0.5134614091645926,682.5781692564487,-3041.310269013047,319.7481501213383,0.1527415965538953,6.80245527974621e-09
397,1637.0,0.5279199878685177,737.036580145359,-3510.4770563542843,308.6041038765136,0.3516672607521859,2.4521775254612748e-08
398,1622.0,0.5367270808899776,694.563756249845,-3396.8187376856804,304.72332806108034,0.4794104936930109,8.477125506639551e-09
399,1647.0,0.5151669142302125,731.7669646814466,-1770.849497616291,259.0960472642364,0.0922737601407624,2.07198013643412e-08
400,1669.0,0.5255984493810684,740.9338084980845,-2944.769298657775,272.97919610452027,0.2751288709597681,2.769320089417336e-08
401,1704.0,0.5184451761376113,671.668802537024,-2674.3772864341736,286.6776483383017,0.1802352977727206,5.5633111177444624e-09
402,1719.0,0.5180968449031934,734.1980528831482,-1466.8747298419476,175.02235934631597,0.0813689521150099,2.3050230647537443e-08
403,1744.0,0.5141775026032701,667.560057528317,-1526.9174303859472,199.00620438573685,0.0255612551365763,7.2721969426780764e-09
404,1624.0,0.520277068191208,665.0596883147955,-3222.1803970634937,289.8526221522939,0.2127852204631474,5.051302471500647e-09
405,1650.0,0.530973983365111,707.3585351929069,-3181.109346449375,321.4216574994488,0.4104148713430744,1.0810120004183582e-08
406,1666.0,0.530147179234773,704.5068310201168,-2604.7400794923306,283.60005796727376,0.358024584835395,1.0115708274461885e-08
407,1706.0,0.5225976599846035,698.5991617292166,-3481.6024594008923,335.22873550044443,0.3049726483786361,8.667331692632027e-09
408,1720.0,0.5218294978281484,691.456802226603,-2895.5382507294416,323.20161392808296,0.2793582928559115,7.559090553094054e-09
409,1736.0,0.5176850766595453,656.2868575379252,-2962.393802404404,241.1920116287594,0.1144779145575587,5.033183893939146e-09
410,1759.0,0.513092651986517,746.8436665832996,-2829.894239455461,267.01903580802355,0.0690932167672297,3.8602459303154383e-08
411,1648.0,0.5155275645991787,674.2779044806957,-2412.569097429514,286.15828667654466,0.134344797931631,5.881667517067558e-09
412,1725.0,0.5306617857189849,727.0460094884038,-3318.7911316752434,311.76311328288347,0.3958453868709287,1.8082594339427285e-08
413,1738.0,0.5247819058317691,682.3417401313782,-2180.6533567607403,183.48962684888343,0.1996109426842794,7.363388486925808e-09
414,1748.0,0.5104695103270933,686.3377495482564,-3550.149814411998,322.0119760295918,0.1124870302173661,7.996932313828437e-09
415,1752.0,0.5197499761497602,707.7213187143207,-2269.47928480804,309.2644851748521,0.2308060495267446,1.0464340705415288e-08
416,1800.0,0.5172218672512099,684.3447323516011,-3154.728600382805,326.4295942291338,0.2167731975125614,6.719067942153871e-09
417,1664.0,0.5119321963936091,678.9753976091743,-3382.0841163396835,320.6614271345628,0.1317612055863148,6.646041845200109e-09
418,1671.0,0.5214020322915167,713.9448535442352,-2149.738896265626,296.8759016873521,0.2392617199527529,1.210536374302838e-08
419,1680.0,0.5153154455358163,685.4392701014876,-1846.2974321097136,269.9385708911568,0.1083988558600617,7.139928283574338e-09
420,1685.0,0.5234457230521367,736.1163670942187,-2287.670297920704,249.24807117680857,0.2163269834478766,2.323688646128343e-08
421,1696.0,0.5126694592088461,702.7044385299087,-1629.258607327938,273.8617179085688,0.0718980515717343,1.0368157596155832e-08
422,1771.0,0.5109644440654665,723.8864473998547,-2380.8416727930307,288.23187899344845,0.0669227500389301,1.9338278986772383e-08
423,1791.0,0.5115200017625466,711.4763258397579,-1046.3340483605862,244.4738538317412,0.016308787008946,1.5401642911266962e-08
424,1796.0,0.5074133733799682,709.9451060220599,-2661.330190300941,289.1562258370532,0.0136571127903665,2.0231755160745883e-08
425,1711.0,0.514556752331555,722.8907007724047,-3015.7313022762537,322.4513284429559,0.1726209377442215,1.594536060597766e-08
426,1716.0,0.5098397434083745,701.9547593221068,-2038.2778029888868,286.72902744859005,0.0471728159497879,1.1669047101050232e-08
427,1734.0,0.5350126893725247,703.5989750176668,-2784.788804501295,252.7000251003696,0.4076751813724624,1.0420122569818133e-08
428,1743.0,0.5166516276448965,736.6371737420559,-2629.1658136993647,297.98220382121013,0.1686073764524246,2.34237723059037e-08
429,1754.0,0.5267589043034241,673.7672623991966,-3274.5684284716845,291.85802218669824,0.3148706960949038,5.741340195560012e-09
430,1762.0,0.5295233467034995,690.8188373595476,-3005.690898746252,305.3072655394613,0.3719767794397297,7.637745754818439e-09
431,1813.0,0.5238213740941138,723.8099276646972,-1793.687179684639,192.0364387680227,0.1866109893918553,1.6797497091217492e-08
432,1823.0,0.5139041569642723,715.0174763053656,-3540.345988422632,331.7171789395367,0.1763253483976621,1.3138919698139142e-08
433,1847.0,0.5175934783834965,721.8914847075939,-2551.4347560703754,316.0657434825686,0.2081067478854452,1.4886194924479286e-08
434,1732.0,0.5083155638445169,678.0366425588727,-2021.4102387428284,282.9804753481157,0.0175174429298421,8.723427583759634e-09
435,1767.0,0.5206910581421107,730.2607544511557,-3436.302668228745,329.13457719659243,0.2702911335523865,1.882682870081329e-08
436,1781.0,0.524095896887593,719.7933712974191,-2899.1242066025734,322.392203971417,0.3113275297122518,1.4170899560465632e-08
437,1808.0,0.5150770805962384,695.6364775821567,-1327.698152884841,232.100875948453,0.0633462379976827,9.247821289725952e-09
438,1812.0,0.5110616857092828,654.528158120811,-2904.465527459979,273.650114792576,0.0461920770074174,5.271379687635653e-09
439,1816.0,0.5206049221847207,679.557247646153,-2075.7678162306547,236.5406418560716,0.1587051258816065,6.657143538303035e-09
440,1833.0,0.5371573398215697,717.5694695487618,-2953.6965753883123,242.647920893537,0.4361739007371404,1.4763396702391781e-08
441,1856.0,0.5123949338169769,707.1835360303521,-2735.0655376911163,316.8087035693816,0.1327549246911587,1.137686792099084e-08
442,1760.0,0.5139890158548951,664.3025289848447,-2194.065883755684,250.17346270178564,0.0628884723491653,5.7835761547246675e-09
443,1776.0,0.5160549885639921,699.1197111085057,-3372.358114644885,333.62194177265906,0.2096921956529648,8.879568965221028e-09
444,1798.0,0.5341537683038041,675.5277928709984,-3444.9364207684994,229.6879361828191,0.3791110986596624,6.532170352469212e-09
445,1818.0,0.5276584715675563,705.5938232690096,-3067.663871124387,324.78676457548767,0.3657824470539332,1.0222330818109593e-08
446,1851.0,0.5083962710108608,732.4864872545004,-3269.170445948839,280.88313430104023,0.0154128293578277,3.802107161052168e-08
447,1872.0,0.5144595981948078,657.366640008986,-2498.9773493260145,242.42731684224327,0.0625362558589171,5.4065123277685045e-09
448,1855.0,0.5121150792948902,743.303213045001,-1695.9185354411602,236.98300567961056,0.0185892677677816,3.881548926449514e-08
449,1863.0,0.5219081893144175,745.7565031200647,-2392.4038980156183,211.7410213102276,0.1637548427889543,3.31299444066155e-08
450,1871.0,0.5162375251250342,718.4713298082352,-1460.2101881057024,247.67664776256075,0.0969760741058976,1.4182383846447405e-08
451,1908.0,0.5088939508702606,670.1480257883668,-2278.954161331057,282.45440405284614,0.0256823106499246,7.158625163809697e-09
452,1920.0,0.5116048552049324,685.6587987393141,-1488.9073301106691,259.2987591584054,0.0350626058979631,8.362669663289843e-09
453,1930.0,0.524363419325091,693.0376579985023,-3342.461394891143,331.3888466907348,0.3257106066555775,7.825575200485969e-09
454,1959.0,0.5203624742524698,734.4184409454465,-1840.7474756240845,225.17833776540573,0.1461654932063616,2.2050532413593257e-08
455,1973.0,0.5252182371169329,715.5276624113321,-2595.7809884101152,309.9956379308824,0.3130690830518584,1.2763946345927113e-08
456,1824.0,0.5131767705874518,692.5073445960879,-2460.6866598129272,309.743591890887,0.1336900109942839,8.170029633620414e-09
457,1879.0,0.5183493198547513,737.2116351872683,-3064.431423693896,313.2694186187608,0.2154306145959935,2.3559698355253632e-08
458,1899.0,0.5106382361939177,735.954864025116,-1637.2491527348757,254.332166938934,0.0131935514702128,3.3437869827424855e-08
459,1919.0,0.5118515740521252,729.6422833204269,-2127.351037412882,276.376601909098,0.0626606742216034,2.1960373781824992e-08
460,1924.0,0.5072378547349945,667.2871377319098,-3501.5943948179483,298.9299348821332,0.0273167300296026,7.377419539440791e-09
461,1840.0,0.516561327893287,671.0430715605617,-3110.5197709053755,309.9366652595335,0.184297950668395,5.5088745695658635e-09
462,1845.0,0.5246909851487727,747.8694685921073,-3555.525366961956,287.0029640683739,0.2772637330547431,3.59669101956513e-08
463,1861.0,0.5261492490908132,712.7250679209828,-3200.608506426215,329.6163367040947,0.3493277021205519,1.1968351827170348e-08
464,1892.0,0.5067414843803272,693.4499910846353,-2949.897739291191,295.5160262090328,0.0140247590487628,1.4135736800061088e-08
465,1896.0,0.5192565202666447,699.7309147939086,-1980.3480058908465,288.32296276272007,0.1950084681542752,8.856973644195328e-09
466,1903.0,0.5154118593828753,754.8492911458015,-3214.000863209367,257.4109735245881,0.0942299599775413,4.948256331421273e-08
467,1928.0,0.5173977391095832,658.5690914094448,-2307.488084211945,163.22045434160083,0.0647993082819564,5.936544593700273e-09
468,1935.0,0.5156172209559009,728.7460617348552,-2872.743460536003,316.57933820466315,0.1797668112656484,1.8498169216733112e-08
469,1949.0,0.5289115553628654,721.3099035620689,-3462.656270340085,327.9109383162911,0.3872355607728042,1.5181545608664592e-08
470,1983.0,0.5126423421595245,723.1413571164012,-855.7174231857061,216.2306011599064,0.0103653495628099,2.1656855931720013e-08
471,1991.0,0.5224357953341678,720.9071436151862,-3352.203208208084,332.2715592565308,0.2991503638396574,1.4494155399549424e-08
472,1874.0,0.5327192341163755,682.8724350780249,-3488.231374695897,303.31888195205136,0.4178698832142217,6.726015421948734e-09
473,1910.0,0.538490792112425,696.6041418164968,-3314.6968234330416,291.0739192908681,0.4941381281424903,8.912111717997155e-09
474,1943.0,0.5191412937827409,717.4460910633206,-1609.5330890268087,249.7973744633687,0.1465708910337404,1.3479926539672822e-08
475,1951.0,0.5133765606675297,748.3041067048907,-2693.110622093081,258.4176665561442,0.0625507596730178,4.056935221301456e-08
476,1963.0,0.5098455744469539,711.2624095007777,-3149.331432580948,309.59013850493534,0.0839050836495984,1.4609757096817929e-08
477,1880.0,0.5201707701105625,688.3835005387664,-1747.39190004766,222.5259053167194,0.1411491759916425,7.795916175066591e-09
478,1912.0,0.5213226863462478,663.2958241924644,-3587.311954423785,298.6591859988839,0.2403900375072915,4.904422503576692e-09
479,1952.0,0.5130012521101162,650.7868798822165,-3300.9491477161646,270.6602310559235,0.072629600255895,4.7636157101954415e-09
480,1968.0,0.5163856273610145,706.2047021836042,-2157.815647870302,306.3149203871828,0.1765256736332257,1.0262754255849172e-08
481,2000.0,0.5142837360594422,689.705009162426,-3458.7646432220936,331.08386890088093,0.1808753529408399,7.597935451070638e-09
482,2004.0,0.5102681680023671,678.2556539773941,-1421.4549534022808,260.70926578659083,0.0153622385986448,8.535571834064418e-09
483,2031.0,0.5148846067441627,712.1947563067079,-2261.289444565773,308.4990710922352,0.1572700187259526,1.2002801731197128e-08
484,2036.0,0.508718088567257,703.4238985180855,-3238.743171840906,306.2364265754326,0.0616870769951682,1.3235949900575432e-08
485,1898.0,0.5235415159678087,666.6408874094486,-2776.137902587652,204.56069755779603,0.1876083601593441,5.826711249922558e-09
486,1914.0,0.5255198239441962,690.2151934802532,-2568.173413351178,292.97338733731283,0.2972009717960955,7.462581385067187e-09
487,1940.0,0.5108859850093722,688.7522851675749,-1951.759687811136,283.63464687596934,0.0585433646646728,8.366840768197682e-09
488,1944.0,0.5207809559814632,696.8990536034107,-3035.5598308146,329.7294658674035,0.2723251692771659,8.359021954429526e-09
489,1970.0,0.5318766888137907,679.2690912261605,-2936.0402271151543,169.06869315472971,0.3170071205588542,7.253217706263978e-09
490,1986.0,0.5305663953861222,700.3491179272532,-2918.4036400169134,306.49436355308586,0.388868478076166,9.248545837259704e-09
491,2015.0,0.5132926004845649,739.6989536657929,-1130.104025825858,203.22131385804727,0.0129374090865879,3.431969800901995e-08
492,1975.0,0.5181207414157689,741.1082913354039,-3391.695527359844,314.6941373039289,0.2139963907512767,2.7016432112840218e-08
493,2024.0,0.5194322104053573,673.0065555125475,-2820.6160727888346,296.000576601286,0.2081179393836985,5.6192347046047715e-09
494,2048.0,0.5113287284504622,661.9947487488389,-1922.5524198263884,253.57246243759548,0.0234850002129305,6.523598460488773e-09
495,2059.0,0.5087055980227888,722.4410367012024,-2671.811894327402,284.23271742894536,0.0255982899178204,2.3987505164446365e-08
496,1984.0,0.5122188902972267,666.4040005207062,-1887.822875753045,251.1098721306928,0.0350775756437264,6.444514070135019e-09
497,1995.0,0.5092229106882588,725.8826393261552,-2523.71792793274,280.6361315671503,0.0279364556363386,2.5141085548626483e-08
498,2069.0,0.5237211192818358,719.3490334227681,-3074.1835232824087,327.52840677929527,0.3119787519031014,1.398183328989808e-08
499,2104.0,0.5224537800485268,708.2241367921233,-2556.82829618454,317.40250086018835,0.2812656485272359,1.0620242647451596e-08
500,2111.0,0.5122373031591997,744.4753327965736,-3115.700450912118,277.6264644399024,0.0705672568470808,3.693854686488431e-08
501,2116.0,0.5078863159380853,664.7828761860728,-3480.9458177536726,298.5232411204339,0.0364676875102322,6.621718987493727e-09
502,2050.0,0.5295437337551266,687.5021316856146,-2714.93139155209,263.81231559649444,0.3285549000202558,7.378606272694073e-09
503,2106.0,0.5266941424505786,675.1398457586765,-3549.493246525526,313.3160693844092,0.338829724791213,5.8330870196066964e-09
504,2120.0,0.5181116032972932,669.3059771135449,-2399.342403933406,256.4849279277128,0.1368555323210105,5.6631041627968514e-09
505,2151.0,0.5207687219232321,717.2652213275433,-1974.789670854807,283.2267615771889,0.2116948300801173,1.3142294911456234e-08
506,2005.0,0.5230299350991845,729.0314061939716,-2982.346584275365,318.59636514647946,0.2911868396836651,1.8309933476203652e-08
507,2022.0,0.5360743698524312,686.6320524737239,-3097.075962647796,220.9771129502442,0.4069134165111859,7.90505462858327e-09
508,2040.0,0.5214982152171433,683.4540180116892,-2634.609118849039,303.03619206892853,0.2487549225280523,6.581768847160836e-09
509,2064.0,0.5148889386793599,702.4345705285668,-3536.545452475548,334.24097517688966,0.1938995041535244,9.636364827839498e-09
510,2079.0,0.513787425509654,711.9700449705124,-1333.565478399396,249.23902579791755,0.0585743543076677,1.2860283745795296e-08
511,2090.0,0.523047318328172,681.8370775878429,-2019.8730546981096,173.99733151332413,0.1662697955137002,7.364790526550876e-09
512,2095.0,0.5143020640965551,739.8953992128372,-2450.7063277065754,277.37664051715007,0.1026330312219377,2.7706443154246522e-08
513,2136.0,0.5203534216294066,694.7168453410268,-3056.2088906764984,329.5686625581972,0.2659807150951292,8.019689691969703e-09
514,2149.0,0.527821595389396,743.2379266247153,-2782.005228102207,154.91905042907905,0.2428752137485851,3.2672624354151195e-08
515,2026.0,0.5237172171706334,706.4902471378446,-1816.400819644332,232.7887811821657,0.2074519545439023,1.0744025428228849e-08
516,2086.0,0.5352940927445888,704.9856766313314,-2963.0521673709154,282.2310948474182,0.4368029877259518,1.0495710581522883e-08
517,2112.0,0.5126489972230047,706.0047210380435,-1454.1780676692724,262.9950403970557,0.056646400358793,1.1395459268345978e-08
518,2127.0,0.5163762314151973,723.3990254253149,-2738.7012787163258,319.3265340230248,0.1947585823016663,1.5677215109135028e-08
519,2146.0,0.5288990644831211,704.0569847822189,-2440.442650392652,274.4861359539283,0.3288937792072294,1.0005517930155962e-08
520,2169.0,0.5339825708651915,712.8205183520913,-3305.1764365285635,316.21135735646254,0.4493228456125688,1.2491964974995653e-08
521,2055.0,0.5215028904750943,730.7069385796785,-3162.786338478327,323.4307055746213,0.2748991169205293,1.912684916491938e-08
522,2088.0,0.518894814029336,654.9161204323173,-2785.8865421265364,166.16434888859413,0.0917650989488817,5.5005422721815186e-09
523,2144.0,0.5133647567685694,677.5496135279536,-3209.0948414057493,319.18751884738435,0.150506114683839,6.288532941678369e-09
524,2155.0,0.510889544133097,737.1161981672049,-2945.870516449213,281.431487983836,0.0552000417217011,3.093252734714204e-08
525,2191.0,0.5157641584426165,729.4421899691224,-1481.7491110414269,233.43618366587765,0.075887138328866,1.961168429497621e-08
526,2100.0,0.5092127426015213,684.9528637900949,-3273.4723269939423,310.89425221112504,0.0765839383491604,8.37775416208208e-09
527,2122.0,0.5252084126882255,695.3372741490602,-3194.3635124713182,328.7658610339143,0.3348401166027787,8.191257352247923e-09
528,2135.0,0.5184715472394601,734.6294026076794,-1757.6262909919024,233.06445959427748,0.1205350841481627,2.2155703499084337e-08
529,2141.0,0.528394265579991,726.5395293012261,-3497.3602797836065,325.26322702677635,0.3769546228714692,1.7564185483774322e-08
530,2160.0,0.5156053302204237,685.8872700855136,-2137.1665745973587,290.84258134293646,0.1423247178662786,7.0040672099359745e-09
531,2199.0,0.5192607663711533,710.6542637571692,-3028.8479179143906,331.0062915268351,0.2521179480154034,1.1187396519527068e-08
532,2248.0,0.5175839966069907,703.5193498432636,-3359.0799160301685,334.52922503357706,0.2326998567401117,9.615143107088474e-09
533,2255.0,0.5165522756054998,743.557222597301,-1891.410551592708,221.80202032291592,0.0800023831252144,3.099782334403336e-08
534,2132.0,0.5098633006634191,699.5768697187304,-1859.9047780036929,281.6359606832073,0.0395035662090167,1.1164554258281253e-08
535,2256.0,0.514098343574442,692.2825210541487,-1137.4270398169756,213.3570760771758,0.0329325884445447,9.658399317182888e-09
536,2266.0,0.5268349378881976,686.5366163477302,-2990.7613780349493,309.04542704125816,0.336007512651463,7.011116354181644e-09
537,2274.0,0.5294263275153935,668.8987878337502,-3287.6848831772804,204.72010600485848,0.2875121634652253,6.049336186249672e-09
538,2279.0,0.5205930324550718,749.6035947278142,-2814.995939657092,251.9946593417928,0.1724252553761866,3.7595293016760384e-08
539,2165.0,0.5243505851225928,732.7978455647826,-2561.076992377639,284.09991217178185,0.2684830129474655,2.0756334374677065e-08
540,2176.0,0.5118561634793878,681.211551129818,-2882.2843529284,311.3871813450426,0.1165740998882513,6.909923598961258e-09
541,2181.0,0.5255234685633332,739.3998642265797,-3333.7719429284334,304.0465301414573,0.3105262235885437,2.6156946226427732e-08
542,2230.0,0.5392060075467453,691.2581084296107,-3223.7211015075445,246.7537965560463,0.4722337290905732,8.429017859023093e-09
543,2260.0,0.5103903928725049,673.7900104373693,-2700.114480033517,295.97648215620313,0.0703765475373473,6.503592606043515e-09
544,2314.0,0.5240894993161783,709.8070091381669,-2103.7545517086983,279.1686513745351,0.2584997242687728,1.110696657557012e-08
545,2324.0,0.5109855991508812,705.7469137012959,-3417.0078221708536,323.4009557522266,0.1221051440533553,1.1724921079893586e-08
546,2328.0,0.5206840604264289,680.1391004770994,-2473.8275293260813,287.1299402766786,0.215468303549112,6.260775408634868e-09
547,2192.0,0.5154165343055501,674.7839260101318,-2689.248288050294,301.23582097296674,0.1546210880427161,5.8744548732682106e-09
548,2218.0,0.5225202269572765,661.6754509881139,-2867.114000022412,174.3041056718925,0.1572983396200142,5.673370199206333e-09
549,2234.0,0.526166889811866,701.8603144958615,-2589.7008027881384,306.4405299033993,0.323006583215296,9.3705502250039e-09
550,2244.0,0.5084135680738837,682.1285700052977,-2528.1846173107624,292.69136838098694,0.0348645138110232,8.63385909584941e-09
551,2250.0,0.524680816391483,677.9989009723067,-2354.0958747267723,200.04258870782795,0.2048052292372716,6.806924156643376e-09
552,2271.0,0.5131676321337,733.3721033856273,-3449.388545751572,315.0282597592029,0.1414621045468486,2.3038158831696812e-08
553,2194.0,0.5337194087775424,708.7269977852702,-3466.703998669982,324.8542715891923,0.4536673182774782,1.1316600900324691e-08
554,2200.0,0.520971839032136,699.9419931322336,-1614.2468500882387,216.4816455560165,0.1507405015080039,9.565094537898832e-09
555,2216.0,0.5183677337225526,688.2027474790812,-1833.129204064608,259.0460806729004,0.1438592429828045,7.404555987446111e-09
556,2228.0,0.5097403383953497,658.2397228479385,-2426.173445954919,272.73504624600173,0.0239447702368018,6.13118443638827e-09
557,2232.0,0.5219265163457021,668.3786685019732,-3397.0410022884607,304.44296800270604,0.2570123503919875,5.247617836510867e-09
558,2253.0,0.5320426396839321,716.564607322216,-2914.0812534838915,295.9839808953628,0.4001522376706464,1.3598296545190181e-08
559,2219.0,0.5100996368471533,715.7251352444291,-1728.2073464244604,273.0974606070624,0.0301680560060605,1.6791885859552146e-08
560,2239.0,0.5124130043620244,718.6996889486909,-2162.9345297813416,293.46336702362225,0.0973082187469812,1.5239471931908414e-08
561,2272.0,0.5138920087367297,695.8328109234571,-2256.3353575766087,305.2858595388912,0.1376817781141384,8.574183258246446e-09
562,2312.0,0.5171238395525143,675.3143920749426,-3095.535311847925,316.03936034086644,0.2011620313433579,5.8388433590161685e-09
563,2288.0,0.5161324222618714,661.0379143804312,-2977.374560013413,277.73814025797617,0.131883142193102,4.969231403720957e-09
564,2295.0,0.5172100623464212,726.0366700962186,-2642.392185330391,315.1267787834272,0.201168108559303,1.6749984741684994e-08
565,2338.0,0.5284805779764429,700.8538385853171,-3082.589690387249,322.50067214307467,0.3752398226135385,9.267275588981856e-09
566,2347.0,0.5104710152139887,728.2659505680203,-2359.3065720051527,279.51736759295306,0.045719683485502,2.3426989467426025e-08
567,2352.0,0.5166363100521266,689.202134758234,-3168.0098567157984,329.1149723048436,0.211949144288828,7.336870928679871e-09
568,2391.0,0.5184463377017527,742.4772689118981,-3228.9267361164093,307.3573009366034,0.2087875422837362,2.8356931560153067e-08
569,2404.0,0.5068188644340262,666.8543440848589,-3342.6819898188114,297.1466659583873,0.0179571055744718,7.897544607435021e-09
570,2299.0,0.5074173616571352,719.6402750536799,-3247.6318448781967,288.7912284376567,0.0131124704675397,2.8167948535998595e-08
571,2319.0,0.5160476475255564,711.7487447336316,-2538.2115494459867,319.41556725837944,0.1900770999940577,1.1683636229186555e-08
572,2336.0,0.5130774192186073,667.7747957408428,-2060.9243877232075,257.4839887953078,0.0565721560113376,6.069073931075226e-09
573,2375.0,0.5218307448877022,733.9100581780076,-2114.1520243138075,254.93696848609045,0.1954886870763183,2.1374517919898112e-08
574,2384.0,0.5145576560683549,702.9448316246271,-1993.5195062309504,296.5654169485191,0.1347199615441552,9.786289267993926e-09
575,2408.0,0.5191815079329536,659.9947029352188,-2484.102860838175,157.3610935133425,0.0936683469384756,5.8247683038144894e-09
576,2436.0,0.507338643767871,692.9580314829946,-2776.7945241183043,294.6839155987693,0.0217338024211649,1.2426286806415529e-08
577,2317.0,0.5314947636658326,744.7691918164492,-3568.77604611218,234.10461807784785,0.337446915112765,3.416441306280441e-08
578,2344.0,0.5187377823842689,708.0055247992277,-1342.7372686564922,195.16453355161315,0.10125862068456,1.1608614488330584e-08
579,2368.0,0.5123157627182081,653.1495345383883,-3572.358555346728,287.92449713529027,0.0873056611269832,4.71053189968532e-09
580,2379.0,0.5098251972859725,712.645621560514,-2858.2537215203047,302.76824449730253,0.0726941796778416,1.5207009299869692e-08
581,2389.0,0.522599508529529,716.0341989248991,-2420.837341994047,308.77338065785807,0.2725991820540672,1.2785448690620151e-08
582,2415.0,0.5153358271392062,725.4256376251578,-3051.318187639117,322.9877514663739,0.1847091869067331,1.6858649797409012e-08
583,2420.0,0.5087969973962754,690.1921597868204,-2228.551960363984,289.14156012613097,0.034952084757581,9.839455863781412e-09
584,2424.0,0.5214220705721527,696.451224386692,-2748.31616319716,322.2819892506789,0.2722860908542125,8.289939164878628e-09
585,2445.0,0.5309676716243849,718.0558186396956,-2608.9801624417305,268.1237468630023,0.3553756518601847,1.4152588769467552e-08
586,2343.0,0.5197343152342364,717.6490889117122,-3527.2569458931684,335.15108652317525,0.2641206097458165,1.3244255599344022e-08
587,2357.0,0.5247670167218894,732.2876146435738,-2708.832400292158,293.9191209861643,0.2868280573659163,2.0469505418926573e-08
588,2463.0,0.5134543256182224,732.0072411000729,-1855.5912259966133,264.09554094358083,0.0709985851178002,2.1986141572923283e-08
589,2479.0,0.514717428679578,719.8580895364285,-1622.759460657835,267.0810270002161,0.095102202807258,1.4783830528363892e-08
590,2393.0,0.535731154428795,737.4103374779224,-3391.912715882063,205.12192967105565,0.3946108731583346,2.7472061627690185e-08
591,2423.0,0.5174042874295265,714.2025274410844,-1445.3390792012217,240.79545647883103,0.1094890059883481,1.2731223086317081e-08
592,2432.0,0.5117056026635691,674.0668140724301,-1203.5625156015158,236.26103477767649,0.011127853506231,8.717534458839165e-09
593,2447.0,0.5155205665482209,751.5871174633503,-3378.413949161768,279.07385594909533,0.1241462836912945,4.247749471109496e-08
594,2482.0,0.5319513470958919,680.5659575015306,-3329.211037606001,285.7965391149472,0.3883073800803286,6.4973331752220725e-09
595,2356.0,0.5094127343501895,677.808168977499,-1598.2883770018816,270.42275837094274,0.0153213559490035,8.576151107095968e-09
596,2370.0,0.5306632909411565,687.118237502873,-2583.209203183651,190.03760749408607,0.3027859567020633,8.018983508315318e-09
597,2400.0,0.513690747548826,685.1706156879663,-1762.4002777040005,268.02419262328846,0.0799850369011527,7.359472138238279e-09
598,2410.0,0.5234665344795212,693.4873316809535,-3503.1333222985268,334.19335912741275,0.3161371726000634,7.874306402334194e-09
599,2429.0,0.5301683339849115,724.6284832060337,-3185.624101012945,311.6149180097197,0.3883752609908186,1.6782741195303876e-08
600,2440.0,0.5172993580298498,701.0975892469287,-2142.7796971052885,303.9957965347171,0.1869323370704621,9.14950022107594e-09
601,2452.0,0.5108095651865006,671.5298788622022,-2569.710651040077,290.2861387919812,0.0677646331642247,6.229872446303128e-09
602,2464.0,0.512901547360234,709.4881691411138,-3020.658044144511,323.8684133457322,0.1506170840535343,1.1803460918518636e-08
603,2469.0,0.5272713536629453,711.299913264811,-3475.7693454623222,333.2305616136369,0.3693552958903306,1.1629865965479004e-08
604,2442.0,0.524265028857626,667.148811519146,-2950.993787124753,236.1428483354861,0.2189942848708735,5.621883200306558e-09
605,2456.0,0.5208597609587013,662.7897445484996,-3314.03851211071,282.6493682154368,0.2123663059479794,4.939751103032762e-09
606,2480.0,0.5164602762553842,654.047603495419,-2320.7109689712524,151.4118244373361,0.0444262403514209,6.0155739208410585e-09
607,2516.0,0.5103665175661445,681.4110552892089,-1256.964884698391,257.14072632406817,0.0123035991702272,9.350630201718746e-09
608,2570.0,0.5239318718016148,683.5699751600623,-2790.03093726933,303.41527872287537,0.2858404570016351,6.620869624451291e-09
609,2589.0,0.5293150332337245,712.0751938223839,-3121.156245097518,322.6017659562658,0.3874853158283251,1.1981325220188193e-08
610,2458.0,0.5279133328050375,688.8466727733612,-2279.1730128228664,180.0863846053428,0.2521523173546473,8.232750673722983e-09
611,2471.0,0.5202617495926097,745.3072863072157,-2679.970074445009,268.2861339270032,0.1850026309912269,3.15436488511211e-08
612,2487.0,0.5181970968656242,738.6386343091726,-2887.727597728372,304.6989668582352,0.2013911476484148,2.474613804666268e-08
613,2496.0,0.5121400725794956,693.9361613616347,-2619.59736160934,312.3392997145113,0.1222358401452395,8.642504706404187e-09
614,2527.0,0.5131929057929665,740.0555304437876,-1521.0843164473772,226.9659570886721,0.0277185932246241,3.1670622390211394e-08
615,2554.0,0.5257950471714139,703.2252033799887,-2905.1221154630184,322.9591395482982,0.3366980352972346,9.634263565597292e-09
616,2564.0,0.5076578093320131,676.5667083114386,-2964.2085682600737,296.53564170930844,0.0296905029010279,8.345004756269909e-09
617,2580.0,0.5111300112539903,686.9837009161711,-2264.275977015496,294.7215193997491,0.079664306247018,7.896405907782877e-09
618,2592.0,0.5132350479904563,664.0045913308859,-2720.3598003834486,281.9091732280489,0.0925110890512067,5.334094939992948e-09
619,2603.0,0.5103259189799428,724.5249817892909,-3434.464741498232,306.88499616981943,0.0867727092373717,2.0803214656593094e-08
620,2608.0,0.5167952236859128,700.4686801880598,-2513.2607996463776,319.0339961072295,0.2004828532882598,9.064267967648864e-09
621,2624.0,0.5125241187680513,679.3905413150787,-2446.412758156657,297.1961133351349,0.1047509099285428,6.609452016132681e-09
622,2501.0,0.526599080436863,725.7444758340716,-2189.3154367804527,233.73296931112165,0.2559659989509187,1.7444321139089603e-08
623,2536.0,0.5193575514527038,686.7115059867501,-3443.8386630266905,332.35663596907216,0.2552236315020647,6.961496696820084e-09
624,2584.0,0.5204818855272606,706.3685674965382,-3544.95841562748,336.3508995307066,0.2762379258207988,1.0161754927424003e-08
625,2599.0,0.5199371739290655,728.9154492691159,-2379.012221843004,299.07800139706336,0.2199489616716794,1.8059160977597052e-08
626,2615.0,0.5178710745694116,754.0929724648595,-3078.300318494439,254.96200360663624,0.1312873428356681,4.568786142555895e-08
627,2632.0,0.5182387240789831,695.4221669584513,-1350.090816244483,176.2251453308373,0.0842957560557815,9.406464823154977e-09
628,2512.0,0.5143821271974593,670.5993631109595,-2833.729201555252,299.8617152360927,0.1369625216880324,5.599311316866705e-09
629,2517.0,0.5231265888363124,751.1848429962993,-3268.0692818015814,259.18774309312863,0.2207898330354783,4.084358260455699e-08
630,2575.0,0.5158894180227072,737.9789404198527,-3255.5724777281284,313.7138515107935,0.1797031750891499,2.4813075346683623e-08
631,2591.0,0.5138246493740007,746.5529174730182,-2085.4120675474405,236.88736478197583,0.0467880378350549,3.776190990033183e-08
632,2617.0,0.5348263524146751,725.5309906601906,-2900.915261730552,223.8888514947008,0.3873696336091871,1.841835919783052e-08
633,2631.0,0.5219938653148711,715.1729812845588,-2779.633451253176,324.0388151058824,0.2827812531207769,1.2491803880176786e-08
634,2519.0,0.5189734290726483,724.2016243934631,-2276.163825765252,301.9285893762219,0.2092526833407181,1.5774648818062142e-08
635,2544.0,0.5158448712248356,697.9557162150741,-1052.5585368275642,161.94716512788725,0.0374482187731306,1.080399873736724e-08
636,2548.0,0.5086214683577418,656.9091948494315,-3068.7599390745163,286.7287840501384,0.0283247565065696,5.9478514251699235e-09
637,2559.0,0.5114252401981503,716.3896591216326,-3367.1567145735025,320.8046273003453,0.1245796107051326,1.5019108273996975e-08
638,2640.0,0.5147647220594809,684.2074820399284,-3125.264024734497,324.3210913922589,0.1782972312625392,6.849365881243433e-09
639,2655.0,0.5128556272713467,726.4473677054048,-1737.9126448184252,266.2066632395383,0.0642148150974085,1.8965024093788338e-08
640,2666.0,0.5232581823691725,697.2537349537015,-2403.135858848691,302.40864264037964,0.2744472208492657,8.449034062919198e-09
641,2541.0,0.5331118023535237,733.6663057282567,-2995.435787737369,208.08199355383385,0.3513953453403709,2.370993744399676e-08
642,2613.0,0.524923960105516,721.0288230329752,-2072.4372770637274,255.40133469903952,0.2461031401641679,1.4906077111506378e-08
643,2626.0,0.5308270136918873,705.8484761044383,-3210.5748374015093,322.80752931525217,0.4096855127962409,1.0422462392361764e-08
644,2671.0,0.515129445279017,721.6661298647523,-1954.9529649317265,287.8396370084786,0.1306249018224,1.5239343715294064e-08
645,2720.0,0.5127074418030679,683.2287181541324,-1873.072499781847,274.6436137638572,0.073619979759379,7.221057055824619e-09
646,2743.0,0.5180469368724152,712.3798279464245,-2231.001001596451,308.7388053376104,0.2047323276861332,1.1683339380455492e-08
647,2757.0,0.5264537241961808,722.0073850825429,-2816.900797560811,311.633596747838,0.33333302934876,1.5250321464139658e-08
648,2645.0,0.5228071765089408,734.7637374699116,-3597.948643192649,326.4708745414118,0.2975245201347805,2.1912794472447452e-08
649,2662.0,0.5364784031920136,688.6281452700496,-3486.9432974606752,299.4040653219445,0.4708322669945562,7.560958812915167e-09
650,2680.0,0.5212596339406446,692.6923612505198,-2032.9534739255903,273.1959764777497,0.2067678097563176,7.823097395986485e-09
651,2685.0,0.5300039274385199,728.3951001614332,-2495.646595582366,205.5478201545561,0.2976680138327792,1.968563636574308e-08
652,2714.0,0.528105806238018,700.0761545449495,-3402.04275213182,331.12546755808984,0.3790475776605679,9.112038118359814e-09
653,2741.0,0.5250998328020796,745.8669671043754,-3025.143110007048,254.6828194663496,0.2482765235519598,3.342152603763963e-08
654,2775.0,0.5187864490551874,727.9311490803957,-3405.051898956299,330.0966793176492,0.2441441090246688,1.755682512200683e-08
655,2799.0,0.5149535732530057,741.817002594471,-2914.6883379668,292.78243545867133,0.1351651147626608,2.9107150089038183e-08
656,2660.0,0.5070127109065652,663.1241935491562,-2676.102037355304,290.7576080410328,0.0101642179670231,7.988494059509923e-09
657,2696.0,0.5174502075184136,689.8605700209737,-2863.43652382493,323.9899946122088,0.216794205027321,7.385392498950386e-09
658,2664.0,0.5190177864395082,671.2572259455919,-3197.1824537962675,310.5943545388835,0.2217067424895816,5.470355075615319e-09
659,2740.0,0.5097803085064515,691.4162881299853,-1435.7051510363815,268.83787629256443,0.0188485942114912,1.0344340031727172e-08
660,2752.0,0.5119970376230777,697.6664147153497,-3286.616874486208,325.94834067475523,0.140570110653011,9.357292705864029e-09
661,2768.0,0.5142374588595703,659.3654507771134,-2172.5015435367823,227.9285928491338,0.0459286102057868,5.867899106334718e-09
662,2792.0,0.5195452209655196,705.477923117578,-2349.8904325068,313.1190406721178,0.2329072596629516,9.966160587950124e-09
663,2704.0,0.5153760810615495,708.6348916217685,-1654.283593967557,274.61398840243965,0.1156795500415558,1.104449709785662e-08
664,2708.0,0.5106025866186247,660.2632359787822,-3224.0203622728586,292.8049869254454,0.068571669540748,5.350976410782915e-09
665,2712.0,0.5210089770657942,666.5304236486554,-2592.1903554350138,225.4030805749764,0.1571290756787196,5.694277519935923e-09
666,2729.0,0.5368912792298943,715.8155623450875,-3512.285800650716,315.03517461005845,0.4910617797802534,1.3683799497146509e-08
667,2738.0,0.5318021297315136,706.8325167894363,-2689.52001594007,280.127716778696,0.3802641469964577,1.0766599563698864e-08
668,2795.0,0.510937963789329,730.1914048194885,-1344.9685212224722,250.521447933622,0.0135153695464224,2.6829170433118683e-08
669,2815.0,0.511568964314647,735.1562613248825,-2651.5742987394333,282.2155896985042,0.0669962108837765,2.7037692110289607e-08
670,2676.0,0.5089897308358923,701.4259746670723,-2890.2189642190933,302.81037427840187,0.0601865958463969,1.2240725797388024e-08
671,2701.0,0.5311161994934083,729.2860004678369,-3297.2340870648623,303.442833774678,0.3938928155613743,1.94222860289426e-08
672,2719.0,0.5136491203354672,720.769949182868,-2925.623479485512,319.5525789583156,0.1551997290008101,1.5405956366413402e-08
673,2731.0,0.5101502288412303,742.8116124123335,-2481.706980988384,262.0955781144376,0.0153228474340853,4.53062886847351e-08
674,2736.0,0.5162677988829092,672.8107116743922,-3473.003468289972,322.39971713103915,0.1974420677181616,5.660614525098699e-09
675,2770.0,0.5324524417007342,692.3877253383398,-2977.954527363181,286.7036522142551,0.3969833559835504,7.990779992624124e-09
676,2794.0,0.523785606501624,679.9080373346806,-3355.848987400532,322.31456327975746,0.3067201193185344,6.23807933955831e-09
677,2827.0,0.5085540660796687,726.174166277051,-3346.957756206393,288.36166751670726,0.029937414715955,2.7907097463566608e-08
678,2832.0,0.5150486258789897,691.175749860704,-2369.723540917039,308.2999784264109,0.1594241154386029,7.714909150797202e-09
679,2837.0,0.5238827820960432,730.6156642362475,-1932.087817043066,194.41783733010573,0.1886882673526412,2.034574575218841e-08
680,2856.0,0.5186892074113711,673.6570847406983,-2107.8841276466846,235.125455615092,0.1258192545726729,6.212348807495871e-09
681,2886.0,0.5347294600447641,701.6024244576693,-3344.1751822829247,316.34115075091614,0.4604278508501349,9.69372271760637e-09
682,2896.0,0.5144332067668438,676.8281840160489,-1003.6009568721056,156.0073109218483,0.0108094889669572,9.670056630609253e-09
683,2928.0,0.5158047556877137,704.6167804673314,-2756.6187266260386,325.052101407873,0.1943928534460912,9.974341609406452e-09
684,2767.0,0.5166793105565012,716.7375642061234,-1070.4531457275152,153.5110845730008,0.0489382963682451,1.5311428057758553e-08
685,2784.0,0.514027680400759,668.7792927399278,-1503.602995723486,203.9923141551249,0.0258715040440708,7.322287602206951e-09
686,2788.0,0.5064856299292296,680.4625633731484,-3516.307870298624,300.34061780207963,0.0183110935794088,1.0579284042487202e-08
687,2816.0,0.5114897058764473,665.7572283968329,-3083.733538538217,298.4274504794109,0.0909581978288378,5.553426414158823e-09
688,2821.0,0.525859703454189,753.9162008091807,-3525.2213168889284,216.6654874078241,0.2331114750449579,4.796147577707679e-08
689,2868.0,0.5093649640399963,703.7228858098388,-2632.813135161996,299.25479388556846,0.0600755814120762,1.2526454480392544e-08
690,2884.0,0.5080769882677123,668.5199503973126,-2312.839872390032,284.66214709798265,0.0165306646135778,7.640339875124702e-09
691,2897.0,0.5413870352879167,731.5134498849511,-3464.3611662089825,198.1421318987531,0.4884290864907801,2.3355116972865363e-08
692,2904.0,0.5201972520630807,698.483433239162,-1950.062409415841,280.14799714547496,0.1987964321154454,8.66588183842472e-09
693,2863.0,0.5141416874015704,713.658279851079,-3568.079362437129,332.676419326122,0.1810672060859017,1.262605272719918e-08
694,2872.0,0.5222494581248611,681.9868305698037,-3236.955878511071,323.79511550420585,0.2861900743964052,6.4332827412611565e-09
695,2890.0,0.5250102733401582,691.5777945518494,-2486.9074389338493,291.80138078662185,0.2879822448639485,7.639060424425433e-09
696,2944.0,0.5116657502343879,707.4779257923365,-2236.444528028369,299.18606527742924,0.094812616937903,1.181049781911021e-08
697,2804.0,0.5084624678036198,675.6464398279786,-1937.454766407609,280.39992379706945,0.0156773681342569,8.44483359332837e-09
698,2831.0,0.5160853005433456,744.8964706808329,-1784.2719789594412,203.7100533639741,0.0606300284494232,3.356916487113887e-08
699,2841.0,0.5358651956450194,723.7625368312001,-2987.54151687026,240.72404120041315,0.413747148186308,1.7362817218218192e-08
700,2912.0,0.5135628975415603,651.316445954144,-2584.674809128046,234.78547431840897,0.0405423383232774,5.479517047016391e-09
701,2923.0,0.5106984429014847,710.8536724746227,-1835.4154419153929,279.7991586678152,0.0497109240638609,1.3740482521423226e-08
702,2951.0,0.5211789163807408,747.0982608571649,-3478.2169617712498,299.86205700323285,0.2397894281269816,3.3904848840581186e-08
703,2810.0,0.5259397142520175,684.4663541018963,-2213.6065240949392,177.62028950435797,0.2173594976564703,7.652705497373673e-09
704,2823.0,0.5217065232386813,719.4473874568939,-2518.484599515796,313.31033351872253,0.2651059120799184,1.3911734141133072e-08
705,2858.0,0.5228863450093195,708.0673023313284,-3098.910771310329,331.1481899187211,0.3042631648445552,1.0598178214951796e-08
706,2877.0,0.5303792030550539,736.280261464417,-2809.5298759639263,197.8707849440061,0.3008722524600399,2.5474460739315163e-08
707,2895.0,0.5161761164525523,727.1653424203396,-2042.568103596568,286.4499557593049,0.1448035275828993,1.7505251427510268e-08
708,2900.0,0.5100550913903862,688.3361311629415,-3033.864376321435,311.793784194396,0.0905072136171655,8.483593200746429e-09
709,2914.0,0.5290539479302243,685.3199369460344,-3578.343053162098,325.1614632337902,0.3863980721828911,6.9227801571767245e-09
710,2920.0,0.5193070297827944,693.4094769880176,-1718.846084922552,247.8796945237476,0.1473950265368952,8.198792724545595e-09
711,2933.0,0.524549413966015,714.0605822578073,-3232.7072225511074,331.3916654988532,0.3283785321413045,1.2272681334426224e-08
712,2964.0,0.5108465422876179,696.9464341551065,-1745.6834569573402,278.3094319640609,0.0497624468300375,9.934595330610058e-09
713,2848.0,0.5131284081796185,700.6877463683486,-1238.5400466620922,243.2081169927152,0.0414203086694731,1.0633218173120491e-08
714,2888.0,0.5179567239573225,658.0357293412089,-3506.9411404430866,287.64038543041335,0.1740082426254456,4.6659550811414045e-09
715,2909.0,0.5282400712929667,722.7807515487075,-2408.9087538421154,260.806115891906,0.3047876614699435,1.5889745490001317e-08
716,2946.0,0.5299253757623956,673.9228232577443,-3019.04727704823,185.8639171971609,0.2886808845535974,6.5910821727490755e-09
717,2911.0,0.5127929457649588,748.826484233141,-3191.6361451148987,270.26971659575315,0.0687785902589481,4.2806921327006055e-08
718,2919.0,0.5209242023294792,735.995374545455,-3143.994141742587,316.4028031214856,0.2575340389060005,2.2623172859430345e-08
719,2935.0,0.5175397874321789,740.5823891609907,-2423.6143201589584,277.8073498698022,0.1540709812412503,2.6625029170561563e-08
720,2991.0,0.5146689395373687,753.5039770230651,-2615.321595221758,233.9144622474128,0.0581193462380124,4.8655505546048425e-08
721,3016.0,0.5177808512607589,684.7598563879728,-2659.650842472911,313.0618762237165,0.2067424798702566,6.746735058112143e-09
722,3028.0,0.5102307925932109,655.0604902207851,-2081.1018884181976,259.9653675658236,0.0137753981144532,6.609682024217557e-09
723,3032.0,0.5200212187692523,678.3254649490118,-2909.801208972931,310.73885339841496,0.2367990274855334,6.058651460789935e-09
724,3037.0,0.5287676774803549,740.1188958436251,-3361.611589416861,283.8495317913732,0.3368440260064744,2.7600344075374613e-08
725,3055.0,0.5149338287999854,733.5002725198865,-1211.353685706854,191.9174948440028,0.0347033688048394,2.446819751747984e-08
726,2943.0,0.511814192943275,724.728369563818,-1373.6617103219032,250.7164875980245,0.0280289236377436,2.0100173993236178e-08
727,2949.0,0.5253321069898084,713.1403278559446,-2684.958828985691,315.1949768367082,0.3209150527087164,1.2041438240193926e-08
728,2983.0,0.5203128243843094,711.2218886986375,-1631.9248370826244,245.72291147709527,0.1618286060881808,1.1678382417847669e-08
729,3056.0,0.5159804570581764,672.2786359488964,-1803.854522109032,219.5117361270492,0.0687962368533163,6.561574113506963e-09
730,3079.0,0.521471569063142,742.2072094678879,-2240.4461089521646,227.5901257737204,0.1663715253654828,2.8723969878885148e-08
731,2960.0,0.5152244875114411,656.0138941556215,-3329.46791946888,281.2846359279406,0.1226437978667168,4.697609008024966e-09
732,2989.0,0.5328846318228171,720.0074698030949,-3378.698645532131,317.0642990225673,0.4340133456728792,1.4969435950779693e-08
733,3008.0,0.5122791020339355,659.5840589702129,-1586.8252661079168,226.329466224738,0.0119409418502493,7.392382036999374e-09
734,3058.0,0.5313836382795125,697.84278716892,-2840.571268647909,291.9042428153405,0.3858516362978649,8.827640119756096e-09
735,3095.0,0.5194945622934029,733.9054587483406,-3327.110854536295,324.2424435131597,0.2467843953509401,2.1075358975743928e-08
736,2967.0,0.5191142981871962,736.9209093227983,-1864.8824516683817,231.94646359300728,0.1303308723737878,2.3803068441674362e-08
737,2992.0,0.516423868117854,680.6659028679132,-1569.3051740527153,210.87878970871003,0.0706068012222362,7.372717805824467e-09
738,2996.0,0.5095408255048096,669.4985265284777,-3592.555797100067,309.197641055284,0.0787442364064007,6.270141583760054e-09
739,3007.0,0.5126027338113636,729.9292561039329,-2843.281838670373,303.13323480860754,0.1150635108844051,2.1123461776263207e-08
740,3077.0,0.5257126305159182,716.1578307673335,-3022.297101840377,325.06439066113825,0.3379039189302868,1.3000259189661331e-08
741,3088.0,0.5149018842773512,653.4086644276977,-1867.129774019122,151.3492238866964,0.0173135219339218,6.9889627101325335e-09
742,3114.0,0.5230994002055377,670.3661026805639,-3376.345335692168,305.3825978031237,0.2757973080131891,5.3917263431236865e-09
743,2984.0,0.5185135177755729,699.432957470417,-2948.085246607661,329.2600477718649,0.2391370868922804,8.803746702418091e-09
744,3012.0,0.5082525060744956,708.3617563545704,-3153.043995425105,298.83259086473964,0.0425310915955656,1.6087016812792185e-08
745,3040.0,0.5137384155159817,692.0957483351231,-3424.880648776889,330.5745038109692,0.1723387649391361,8.011256267529869e-09
746,3045.0,0.5274946175562218,727.7547207474709,-2959.00811702013,305.81987005314306,0.3421578684093319,1.8105240922482145e-08
747,3090.0,0.5331615218752995,686.9470550119877,-2889.7960234433413,230.777801403185,0.3631899858937268,7.744513907790248e-09
748,3124.0,0.5091604543616995,665.9544163569808,-2130.326656624675,276.0471254838043,0.0198132461627781,6.979274434984439e-09
749,3135.0,0.5122883656295016,725.5089292675257,-2281.0534425079823,289.9463525933067,0.0899841914379663,1.868571419178509e-08
750,3002.0,0.5263589351810515,690.6229935213923,-3316.5132991969585,327.488829307373,0.3499763490438875,7.532107351170596e-09
751,3039.0,0.5133205415587873,714.6133403852582,-2344.3406973034143,306.527839540076,0.1309913089503523,1.321862578985195e-08
752,3063.0,0.5170125235617161,722.2994206473231,-3263.821876421571,330.2576947285945,0.2188884554335909,1.5114863376288735e-08
753,3072.0,0.5112550199218094,702.9969808086753,-3474.1053968667984,325.8836112586097,0.1297431369281948,1.0836040205116132e-08
754,3087.0,0.5159711973182857,722.5990793853998,-1162.140940502286,190.973562616052,0.0519623837160929,1.7209290488254767e-08
755,3126.0,0.5387572945980356,700.446790009737,-3132.656880095601,270.8190511729956,0.4815584913923835,9.756193066226964e-09
756,3140.0,0.5078501611854881,705.8118807151914,-1915.2723848819733,283.090550176927,0.0104511698069165,1.7332624447696213e-08
757,3104.0,0.5133524818904698,678.4484266862273,-1636.0500141978264,249.18536095766208,0.0514116848942057,7.127855890326252e-09
758,3188.0,0.509071378535591,686.0453270748258,-1696.4587088674307,276.6409477098051,0.0193275517976872,9.565523433774097e-09
759,3208.0,0.5175744703225792,704.5394659042358,-1782.1213234215977,280.2012752608344,0.1578513194562498,9.868366447416713e-09
760,3238.0,0.5358135258220137,683.2066567614675,-3280.901667103172,249.91745839882176,0.41877540526026,7.220171648822052e-09
761,3264.0,0.5120416440162808,682.2866033017635,-1301.813568547368,243.11710534456992,0.0234573641962635,8.494173967652709e-09
762,3112.0,0.5188144055102021,696.3568896427751,-2610.424357652664,320.2395777036469,0.2316346187635828,8.284684735267034e-09
763,3119.0,0.5142664456181228,750.9553027898073,-2953.0924413353205,261.3383901887614,0.0805155465441771,4.3354683450493575e-08
764,3144.0,0.5181913226563484,680.8028219267726,-2997.3117113113403,319.50714398883946,0.2215506839956421,6.3193989489701204e-09
765,3149.0,0.5318582815676928,738.8792189583182,-3441.9859137386084,270.5477077189918,0.3718262031255658,2.719073814207639e-08
766,3160.0,0.5203440782381222,676.243687979877,-2347.4630635231733,263.4142301479751,0.1806222740823097,6.085374781910015e-09
767,3200.0,0.51178227272816,669.7103504091501,-2521.401280537248,286.244839107546,0.0764801635828539,5.9178472100673015e-09
768,3207.0,0.5212958787567914,724.8654035106301,-3080.70687353611,326.56401380323246,0.2758053078266054,1.6097553959136245e-08
769,3216.0,0.5154289758158848,693.2541293650866,-2707.392255216837,320.8167754868769,0.1830093673130198,7.977182279826543e-09
770,3156.0,0.5099162730341777,650.634041018784,-3543.3310490101576,285.1801949310807,0.0459022854762452,5.061266967705145e-09
771,3167.0,0.5129400187032297,711.0666550695896,-2906.569100171328,321.516147635255,0.1477268637104308,1.2245572436567313e-08
772,3177.0,0.5375996285025031,721.6442468389869,-3255.0340946763754,278.64830835151764,0.4696753368822957,1.6125133264047728e-08
773,3184.0,0.5155917004914955,666.9169827178121,-3266.192687675357,307.97345613304526,0.1670489351980733,5.2454753554710165e-09
774,3221.0,0.5234722255403176,725.1960393041372,-3169.419961050153,326.5199096199196,0.3071913917198997,1.6397258213202703e-08
775,3231.0,0.5135536138294264,736.090995632112,-1422.872745618224,226.34976049037627,0.0332471424714194,2.6876088824218363e-08
776,3256.0,0.5219350041123108,687.3478329181671,-1999.287170916796,244.6712818359646,0.1874954680763482,7.411183785896551e-09
777,3274.0,0.5246299227327108,688.9702478423715,-3049.68602322042,321.49268852345625,0.3180401323088914,7.271337107862171e-09
778,3288.0,0.5198168150382116,701.0930474847555,-3187.731123715639,332.96075528372586,0.2625522014275008,9.083164567590553e-09
779,3312.0,0.5161192969558761,709.5715175569057,-2418.950019031763,316.32397598197736,0.1867859788002287,1.1098149456097213e-08
780,3152.0,0.5146349659236148,699.5284645631909,-1506.0299422591925,260.01208162456953,0.0848074556925657,9.435326301331069e-09
781,3162.0,0.5273976286267862,709.2586293816566,-3365.73977060616,331.74348974383696,0.3695625828333216,1.1092904702263204e-08
782,3168.0,0.5134377865307033,688.606091029942,-2187.219759821892,296.9459166123913,0.1182579729824204,7.578630778735489e-09
783,3173.0,0.5278089850675315,731.770377792418,-2621.669864282012,260.96114706006847,0.297995593949411,2.067121771584324e-08
784,3191.0,0.517327150660567,718.285359069705,-1801.59348025918,279.34760414886046,0.1528203197028922,1.3595425572235824e-08
785,3242.0,0.5225718044117094,702.7079088613391,-2536.1322071403265,315.41621020358787,0.2805266857698669,9.425754282325561e-09
786,3247.0,0.5144424893055112,715.7936721667647,-2105.857068300247,299.4062208555731,0.1371977513002135,1.3232249518434497e-08
787,3252.0,0.509687545732595,706.7373848706484,-2970.590854436159,307.3583001374838,0.0779893459648457,1.3136068357839896e-08
788,3202.0,0.5301297794934362,696.6917504742742,-3529.116588458419,330.1831969654803,0.4071037293714162,8.58437123198476e-09
789,3240.0,0.5182867993228137,677.1400830149651,-3570.216378942132,328.42057365654523,0.2347778972776131,5.97233068647137e-09
790,3268.0,0.5083775955438614,670.6610073149204,-2875.0614020973444,293.7385313079548,0.0360360854302635,7.077955419705215e-09
791,3296.0,0.5139652210567147,654.3927212059498,-3147.0070604234934,271.8676813211265,0.0895905411108409,4.8104322011328604e-09
792,3348.0,0.510906054135412,664.2766111344099,-1986.6812445223327,261.6010511073416,0.0268099796684824,6.49191253935498e-09
793,3352.0,0.5207193541899323,669.1347946226597,-2929.418758302927,284.6080747141191,0.2127202503625736,5.361705896020545e-09
794,3279.0,0.5165866736788303,732.0594479516149,-3504.7903776168823,326.93885144587574,0.2082877687352493,2.0195378472450488e-08
795,3314.0,0.5316103567322716,675.5513146147132,-3230.5595710873604,235.32756694999688,0.3401192022134274,6.422849792165748e-09
796,3336.0,0.5170724148163572,694.3423728644848,-2300.665671005845,308.0473596999314,0.189241618839114,8.033995208548431e-09
797,3378.0,0.532113724173978,703.7594744935632,-3027.18099206686,308.90788217784296,0.4144680597143368,1.0022495769980793e-08
798,3397.0,0.5260404790611938,718.4600774943829,-2254.672508686781,273.9028433395153,0.283139217666534,1.3867179715685737e-08
799,3415.0,0.5183729456737638,731.4768612012267,-2167.7137535065413,284.54935595657963,0.1762114276825977,1.9570468739984417e-08
800,3432.0,0.5192336271936074,708.9666081219912,-2912.6612786203623,329.321771651518,0.2495707825958852,1.076612523174242e-08
801,3293.0,0.5286507151043043,717.8845793753862,-2746.240897849202,302.2761227310904,0.3555229020302443,1.38218988019949e-08
802,3303.0,0.5206234875135124,738.5443563386798,-2581.7718476057053,286.7500021313702,0.2140332544069454,2.4647598454274564e-08
803,3317.0,0.524248611391522,711.5095329284668,-1995.375071838498,263.038429509304,0.242854210022424,1.1669080345230576e-08
804,3354.0,0.5277282729558647,695.5964040383697,-2164.381755888462,203.20065768474976,0.2580245182334664,9.073930104137116e-09
805,3359.0,0.5140623647999019,723.7844265624881,-2588.285334035754,309.8385675396968,0.1470010469148598,1.656374041095037e-08
806,3376.0,0.5166673070844263,677.7592908591032,-2235.7750721275806,279.5477854414482,0.1427635103855161,6.170267789085691e-09
807,3431.0,0.5210429746517912,720.3785132989287,-1500.6999269127846,178.00424373795713,0.1332598177907484,1.5430498759083048e-08
808,3437.0,0.5336037743045018,710.8902683109045,-3360.5230651795864,320.7362153466857,0.4480888053247793,1.1898409843604346e-08
809,3444.0,0.5088758636452257,678.6662384867668,-3174.793890863657,304.99824576493,0.06203555705669,7.646483654336756e-09
810,3284.0,0.5104438693309203,692.351072281599,-2696.0866637527943,307.23956652913085,0.0890962355892023,8.993140543049075e-09
811,3307.0,0.5109908178076148,714.811658449471,-3297.7467209100723,318.1159114288034,0.1141342290607501,1.47714793009396e-08
812,3332.0,0.5075216249050573,698.8636525720358,-3579.5813921839,303.3086193288676,0.0389187163561413,1.3726820233491706e-08
813,3365.0,0.5267745725112036,733.1430209428072,-2880.1880590617657,291.03697324131633,0.3141562567614486,2.132599255483015e-08
814,3383.0,0.5177435763925314,716.8010135367513,-3468.339167162776,334.3894894208216,0.2347921233749419,1.3028979403980705e-08
815,3392.0,0.5123745715757833,701.6243070363998,-1823.8460216671228,284.316791486445,0.0827230971737971,1.0108258096811189e-08
816,3440.0,0.5157037586998194,690.2336984872818,-1591.010072082281,252.33061741227044,0.0931983430372271,7.955502543196725e-09
817,3319.0,0.5171511166961864,745.0097183510661,-2761.3927971571684,281.1748967277026,0.1525678246323184,3.148945001469036e-08
818,3375.0,0.5142027759691701,728.100125901401,-1021.2421104311944,193.53989627649327,0.0230505574041962,2.206095479604289e-08
819,3381.0,0.5247085592336953,743.3212182670832,-2687.372364476323,237.06229714844807,0.2270223267261587,3.041916631521547e-08
820,3412.0,0.5101162203587591,702.7789926528931,-1386.47867962718,266.75081420757607,0.0212165005888263,1.2662346281274412e-08
821,3439.0,0.5153448461508379,743.9580959454179,-2352.0274490118027,262.0054496665766,0.0986833792155477,3.136912285085503e-08
822,3338.0,0.5241692560585216,660.8092340454459,-3292.573755607009,221.89732405010625,0.2077589518169911,5.313715109917236e-09
823,3360.0,0.513019294491969,686.3038136810064,-3335.8433458954096,326.3320388832638,0.1559092878239279,7.319285376959705e-09
824,3399.0,0.5218440499017015,752.9414793476462,-3289.53355550766,258.52434500818833,0.1993995932935194,4.3610029900890615e-08
825,3408.0,0.5145273378025741,661.4463689923286,-3409.7299464046955,301.2024053724252,0.1411509972093607,4.928438764552621e-09
826,3450.0,0.5256278608925641,680.9792645648122,-3451.2675002217293,323.09825080925583,0.3344274749041051,6.372619903554423e-09
827,3462.0,0.5340430619707331,707.4998155236244,-3423.66805896163,322.7727694658615,0.4564117422952103,1.1013007990510304e-08
828,3482.0,0.527904144981876,677.3168689757586,-3117.137806490064,284.74036735322056,0.3244146413695746,6.099847984600096e-09
829,3480.0,0.5208952158223837,704.2893301323056,-2082.179958745837,293.6806951326341,0.2273372438138237,9.721907480624192e-09
830,3487.0,0.5135349406674504,743.0087860673666,-3548.0807818472385,301.10686140041634,0.1260277184404366,3.213211635113178e-08
831,3519.0,0.512489454485476,715.5462246388197,-1787.125390022993,279.2100914983124,0.0768626288781272,1.4031377138704488e-08
832,3545.0,0.5351897409837694,714.6352229639888,-2851.7025098204613,259.8961740347747,0.4159439651352837,1.3342079438220832e-08
833,3562.0,0.5235616280091927,702.2054322063923,-2740.8044658601284,321.34155528660364,0.3022907699927332,9.3545915567962e-09
834,3576.0,0.5215631673391908,687.7385964617133,-3495.7319509238005,332.94502813373765,0.2874856358108228,7.08785438007321e-09
835,3588.0,0.5077162480447441,687.5973217189312,-2439.1335278749466,291.2946120698014,0.0218654912223003,1.05436082030684e-08
836,3460.0,0.507345935436897,674.0179551765323,-2626.8772691488266,291.83519247229304,0.0170825692372112,8.638852129099431e-09
837,3466.0,0.5243452900229022,685.6476036459208,-2452.362336963415,278.0326415703589,0.2611664136338775,6.93383992719081e-09
838,3495.0,0.5202489407872781,726.7791981995106,-2716.344473138452,316.18537439431867,0.2473235719129392,1.6965762106957866e-08
839,3499.0,0.5100003074808046,720.0440584868193,-2197.2432050853968,282.311796403308,0.0426967364098963,1.8777430502537952e-08
840,3504.0,0.5164917773753405,695.1086501404643,-3076.0392766445875,329.75449427317665,0.2107345916754582,8.183714797751689e-09
841,3511.0,0.5182706686016172,750.080548375845,-2515.631610900164,236.38252698464456,0.1199322710973391,3.865938849457952e-08
842,3527.0,0.5223714850982651,710.2798489481211,-2442.301193252206,312.3918472800055,0.2737777653665472,1.1126351727369442e-08
843,3455.0,0.5118725835438818,739.1711816564202,-2988.9124643057585,284.9250547548631,0.0758555096233442,3.0678850235177194e-08
844,3488.0,0.5128436048561708,660.5206198617816,-2383.1375062465668,258.3997264491353,0.0539220949067962,5.57211692436482e-09
845,3520.0,0.5121986988792196,674.9075010791421,-2783.6350321769714,303.1521386194014,0.1090146524757163,6.2000595873897375e-09
846,3531.0,0.509240528526716,735.4262354969978,-3385.251996293664,281.2679535378724,0.0292067776497261,3.6019254499157814e-08
847,3567.0,0.5148177656764165,719.1162893176079,-3192.285216227174,327.9706723718145,0.184196351238683,1.4307762085861622e-08
848,3471.0,0.5155117111513391,732.5618975609541,-2018.2402197271583,274.69145527035863,0.1179254631400052,2.0910338456449613e-08
849,3476.0,0.5107305245939642,682.5634668394923,-2826.9437324255705,307.3359757098013,0.0935295687794471,7.378439710071935e-09
850,3485.0,0.5289374141208828,717.4938464537263,-2558.9338436722755,284.30596076483016,0.3399794410361962,1.3717499153217732e-08
851,3464.0,0.5172484591742977,652.6290037110448,-3260.455968976021,248.57476435709808,0.1144238900141313,4.789089039057245e-09
852,3525.0,0.5265679038641975,744.2467083409429,-3207.4349965900183,267.9394062736736,0.2850855406709929,3.1701913217165646e-08
853,3572.0,0.5086998305190354,697.8793830052018,-2327.5512289255857,290.8453512414084,0.0362322751597345,1.1710945085469905e-08
854,3610.0,0.5275218080310151,691.8624881282449,-2841.834853962064,305.9190968505003,0.3426781573397396,7.72901717506796e-09
855,3618.0,0.5287179567851127,678.5610141977668,-3479.6641878783703,310.5952463571348,0.3657539769637676,6.1835235002592314e-09
856,3490.0,0.5283779340283945,694.9527940154076,-3161.350082606077,322.3353503967864,0.3735681424432913,8.230462558135933e-09
857,3509.0,0.5252356403786689,723.1666829809546,-3534.659658372402,332.2215019494372,0.3391461952572792,1.56375397630931e-08
858,3536.0,0.5143513045087457,681.597009934485,-2562.4855678528547,305.99717943273185,0.1456201805059297,6.599313268349684e-09
859,3541.0,0.5231848827097565,739.6589373424649,-2135.7262417674065,186.13950670139204,0.1732678187924418,2.7182011715911147e-08
860,3552.0,0.5138146989652888,706.5376592054963,-993.702770769596,210.9977856489903,0.0265976389668138,1.287229275013966e-08
861,3581.0,0.529692159909755,730.9470073506236,-3057.868976891041,290.87691704451896,0.3587938263982979,2.0277082160473e-08
862,3600.0,0.5147742488468066,686.8201766908169,-1101.7695721238852,180.67967012167912,0.0266116702953765,9.372707254501968e-09
863,3616.0,0.5132268738746644,705.0663255155087,-2682.886326313019,318.73055258061487,0.1478157417946556,1.0546862748023353e-08
864,3621.0,0.5269817269314081,714.3727552890778,-2238.54020498693,266.6810940550263,0.290384111222763,1.2617397562767576e-08
865,3615.0,0.5138540959218517,727.5251807644963,-3317.930243164301,322.17295150048886,0.1619964491290642,1.8610669825786493e-08
866,3663.0,0.5164510071277618,738.9551120623946,-1686.0329825431108,220.3905032781799,0.077309040844279,2.6462046131584134e-08
867,3691.0,0.5107748997304589,721.5025913342834,-1411.4233542233706,259.0079412023007,0.0212989338813148,1.96802852894864e-08
868,3727.0,0.5156562949996442,713.8286973536015,-3100.542935729027,329.6251648654465,0.1985541013579198,1.2339854218950013e-08
869,3597.0,0.5313671836815774,722.5362844020128,-2946.2093230336905,292.9686332684897,0.3867109432255498,1.5921607555815306e-08
870,3604.0,0.5110993872163817,668.0466009676456,-3132.048923894763,302.2551699599899,0.0910674143997421,5.783432551713048e-09
871,3632.0,0.5168737734341994,651.5004451572895,-2882.940236851573,204.40785225237173,0.0744054484124384,5.252252022837903e-09
872,3684.0,0.5069549670536071,704.0936959534883,-2727.583488821984,291.7322303466094,0.0109128445502721,1.8683854713477332e-08
873,3700.0,0.5090210443688556,652.425474897027,-2506.421686336398,273.6932901460581,0.0140151626336337,6.358555161754156e-09
874,3711.0,0.5117148676002399,712.9011743888259,-1904.8177041113377,284.27613400539167,0.0724137688797014,1.3539751407646511e-08
875,3716.0,0.5071891675703227,655.2555193379521,-3279.394728317857,291.85060397551086,0.0147038136963099,6.718306125949147e-09
876,3592.0,0.5169080913346261,698.083369359374,-3380.5513948202133,334.038868831638,0.2224198165962232,8.640366947393352e-09
877,3599.0,0.5158321675285698,748.9830039814115,-2140.7522086054087,221.25143185801,0.0675348126617203,3.8914916785072144e-08
878,3639.0,0.5179072107141838,735.5641968175769,-2325.3885872662067,285.63256401319234,0.1704700078895475,2.234801566250488e-08
879,3664.0,0.5146854828158394,665.1758471876383,-2271.499953791499,253.3827737489021,0.0778112839516425,5.666659461944614e-09
880,3594.0,0.5239616725686937,672.0394838228822,-2613.6546693742275,225.26046838547563,0.2063976576002969,6.0879077343679756e-09
881,3623.0,0.519884209772572,740.3580490872264,-3017.631808295846,304.46570440137657,0.2263893961326506,2.622334875389104e-08
882,3643.0,0.5080934385908767,710.087412185967,-3491.590053588152,301.0683810870027,0.0438182542329433,1.7312694376124993e-08
883,3666.0,0.533033009362407,699.6721102669835,-3265.9220594912767,316.6577785104571,0.435795121133504,9.217951674756974e-09
884,3672.0,0.5202964044874534,709.1607010364532,-1524.9761547893286,220.73473564338587,0.1420707084257142,1.1477995819636056e-08
885,3704.0,0.521184691763483,674.1596874594688,-3363.2512640208006,318.08778094951555,0.2635149896204269,5.689618997126561e-09
886,3720.0,0.5174355263635516,678.8592387363315,-2533.3138827234507,298.7704523575974,0.181617287541918,6.15848737163946e-09
887,3744.0,0.512699793567881,671.7870195582509,-3523.1458101421595,318.8469208610297,0.1402713094834704,5.840069974878443e-09
888,3636.0,0.5092876502452418,700.5079345405102,-1320.2538695186377,269.3971443895244,0.0118257220418787,1.3468827885196783e-08
889,3671.0,0.5185739176860079,720.2430168166757,-2838.5028429329395,324.9487719501942,0.2343629561682765,1.41855676147314e-08
890,3688.0,0.5190319660212844,682.696385383606,-2206.066945195198,279.5876965971236,0.179832672357323,6.575951686749263e-09
891,3702.0,0.53852999498602,685.967754907906,-3537.0031345635653,282.07977910072475,0.4871115340216149,7.346317341891417e-09
892,3735.0,0.5191914836550131,725.0982844084501,-1382.0655640214682,167.98329595391715,0.0975554907088146,1.767759409540136e-08
893,3751.0,0.5200597275793553,723.0089186877012,-2064.925539493561,287.39199361680505,0.2061638078737806,1.5261433270320304e-08
894,3760.0,0.5163465097313747,691.3385860994458,-1930.2322514355185,283.43232882765994,0.1431712740903567,7.687429051360747e-09
895,3648.0,0.5125315980240702,690.391164496541,-2957.3690593242645,320.24383062903524,0.1398882378613065,7.98510634235186e-09
896,3653.0,0.5261993094626815,729.7010310739279,-3426.5445973724127,324.1846227030267,0.3439602124058962,1.9055328155738584e-08
897,3755.0,0.5101593925245106,731.2811072170734,-2921.5289533138275,285.9662326619323,0.0509127044314236,2.6804117345875214e-08
898,3706.0,0.5254697199864313,707.2423763200641,-2342.4602676182985,293.4542048339966,0.2970104669414137,1.050465847242644e-08
899,3712.0,0.5119186739530415,696.7675881460309,-1713.1875324994326,277.1488739461216,0.0648565444696532,9.404808143895504e-09
900,3722.0,0.5244890972040593,704.3886139988899,-3566.422307118773,335.86402368946415,0.3326143853138285,9.833164400014504e-09
901,3736.0,0.5210837448993698,685.5554280802608,-2811.605141311884,315.9492885578044,0.259297781050163,6.812145419876631e-09
902,3741.0,0.5291251668659971,736.234585903585,-3234.8488558083773,288.89875303166167,0.3479087310206121,2.4073932858463666e-08
903,3749.0,0.5271572558023035,748.5968861356378,-3085.8390860259533,180.96882287655703,0.2394681800076642,3.977427981367869e-08
904,3758.0,0.5414035358186812,688.1075069308281,-3349.0641620010138,219.82173135695183,0.4958722806438349,8.354774293361608e-09
905,3765.0,0.5250925169931725,726.9298524037004,-2371.610863879323,278.38267971368646,0.2732974581707973,1.7430104950170512e-08
906,3783.0,0.5222221845015884,736.5207877755165,-3576.4834105968475,324.49581301388025,0.2866550680742345,2.315627899221413e-08
907,3814.0,0.5360241799801588,695.9134669601917,-2869.6065064519644,227.80861675516567,0.409318416870589,9.254690841486544e-09
908,3823.0,0.5150103275384754,730.378744378686,-2488.9867812395096,300.9783684782729,0.1481112120609006,1.9683990474558464e-08
909,3732.0,0.510572123345919,708.8222454860806,-2179.3392218649387,291.89665691848904,0.0666642005856117,1.299915949333601e-08
910,3746.0,0.5281908654142171,698.7153206020594,-2519.9219550937414,284.7788947767932,0.3289078820697559,8.882783654470063e-09
911,3787.0,0.5094474226050079,716.6598478704691,-2296.0313200950623,285.1184649875751,0.038531743896164,1.7911880126328886e-08
912,3816.0,0.5195592179894447,664.420516230166,-3046.324283257127,279.2466840108353,0.187640908338697,5.075611972840034e-09
913,3840.0,0.5114539319975302,684.2267442122102,-2319.6226123720407,295.3502279794286,0.0855931852931778,7.413179163117714e-09
914,3856.0,0.5151019147504121,679.6752348914742,-3026.5873052179813,318.9406990461401,0.1755695882942953,6.338864535357233e-09
915,3888.0,0.5165422998834401,703.8795435801148,-1186.6397850215435,192.008444833652,0.0622311773837671,1.1132676043404917e-08
916,3892.0,0.5093516400828958,662.1912357583642,-2763.4017415344715,284.93238462855646,0.0367491165191701,6.040525525298172e-09
917,3769.0,0.5347017146879808,718.7803378328681,-3455.1879543811083,315.9292528607515,0.459634474839146,1.4627659074310033e-08
918,3776.0,0.5120039913337677,656.1704706773162,-2110.137126222253,244.20183601543823,0.0239694966972496,6.168005001694682e-09
919,3797.0,0.522990860384889,713.4250782057643,-2758.05887170136,322.73243834545656,0.2956628996862285,1.2008768634388296e-08
920,3807.0,0.51306813148316,717.7576456218958,-906.149336323142,214.09097590690703,0.01605292301212,1.77265968424217e-08
921,3818.0,0.5237563341297209,690.9352242201567,-2040.4655870050192,240.3846465747497,0.213863743088453,7.92315796478596e-09
922,3832.0,0.5217117838049308,699.0017229691148,-2410.53855791688,309.35210132378654,0.2601185033899658,8.715796066224572e-09
923,3860.0,0.5110315867140889,691.1287135258317,-1010.3835426270962,246.5311808852272,0.0105253688451026,1.1144468576129481e-08
924,3880.0,0.5186601227940991,692.6237323507667,-3295.7909379154444,332.6043866797452,0.2455669475673821,7.737231756284465e-09
925,3759.0,0.5145703396480531,742.616935223341,-1337.7434715628624,184.47183547374192,0.024854073889133,3.453072496722688e-08
926,3778.0,0.5302636057976634,682.2237528860569,-3145.876958593726,288.5005072828438,0.3650322886554644,6.622904905233556e-09
927,3799.0,0.5187497791508213,746.9600516557693,-1991.258893534541,176.38017173834717,0.0931560250447587,3.5383714155480795e-08
928,3903.0,0.5120901376847178,721.7750987410545,-3400.163797661662,321.10214567056823,0.1347246969991475,1.687809583281275e-08
929,3915.0,0.5097310612211003,727.3220144957304,-1777.43209451437,267.2558850870006,0.0157881562837474,2.6140063348090315e-08
930,3824.0,0.5160795732727275,675.7168328389525,-1442.9823361337185,163.8313292138737,0.0422115350766716,7.644514028128911e-09
931,3828.0,0.5084936202364042,694.1498306021094,-3466.220567375421,310.23936269952543,0.0648481978274651,1.0800944668671094e-08
932,3863.0,0.5196495288051665,715.1354662328959,-2691.6186701506376,323.4492176196326,0.2480056019403778,1.243955547347457e-08
933,3871.0,0.5139232491794974,749.6699035167694,-1611.1104425042868,195.40440432090728,0.0192658105719648,4.6933110246946576e-08
934,3914.0,0.5249954366171733,672.578424885869,-2916.3250353187323,265.8539446132321,0.2577900902676552,5.7812171639087785e-09
935,3792.0,0.5141580588510261,707.8377064689994,-3231.297118216753,330.1522088078744,0.1777659656831058,1.0986597539404626e-08
936,3834.0,0.5259968009637669,665.525341257453,-3189.752711355686,226.25508696384244,0.2410409446282279,5.611663349316357e-09
937,3849.0,0.5380982769327238,711.6680954024196,-3037.635686248541,264.4554234638957,0.4661729667076693,1.2555802920341304e-08
938,3912.0,0.5179864870058373,707.0653199031949,-1896.4181754738088,289.2081352469095,0.1766390981467282,1.0367629271002633e-08
939,3917.0,0.5316538765793667,712.6089108362794,-2351.742135733366,186.0205492347925,0.3183577334819548,1.3334654771351148e-08
940,3924.0,0.5100677204877139,676.8678809329867,-2362.8861911594868,288.5632456194561,0.0536114630692282,7.0266530043665666e-09
941,3928.0,0.5201403609849513,657.4848570302129,-3446.252030879259,268.3166721308997,0.1831057373395154,4.748846885339947e-09
942,3951.0,0.5153818554384634,710.8066504448652,-1545.0243428349495,264.69815732598613,0.1026480778211542,1.172091431642673e-08
943,3861.0,0.5238459673523903,741.5879203751683,-3471.584163978696,309.2521955143115,0.2917564452386332,2.7951134293636e-08
944,3885.0,0.5324139244249091,728.1707600876689,-2864.8564986884594,248.3963149101821,0.3621736184612105,1.9214903202037464e-08
945,3898.0,0.5264595383033157,697.437734156847,-2927.4723932147026,319.9450499674638,0.3429481653793259,8.575573280257147e-09
946,3919.0,0.5162513833446428,745.6382843106985,-3354.1822493076324,300.4671797797393,0.1661142668716758,3.2680198561553915e-08
947,3926.0,0.5367648245580495,702.8641751408577,-3174.508349597454,294.84295328371473,0.4710378728933662,1.0060515367589863e-08
948,3935.0,0.5127791284490377,737.3298531025648,-2212.1592979878187,268.5430189300384,0.0661701798847153,2.7154833895772e-08
949,3970.0,0.5299323239410296,692.9214991256595,-2377.15367898345,190.7227710748768,0.29053425772512,8.823208143737166e-09
950,3908.0,0.5080028988653794,687.0816979929805,-3090.9553561359644,301.5951995045994,0.043323261601114,9.742208908751506e-09
951,3952.0,0.5157521616760642,663.1796653196216,-2640.035549551249,266.22201219118966,0.1105106406566366,5.245419632882277e-09
952,3959.0,0.5175326701067389,729.5261271297932,-2979.6214532107115,320.8382493176546,0.2137297863524458,1.851482402143838e-08
953,3968.0,0.5116294504748657,658.4508743882179,-3159.8838061094284,287.7335261275055,0.0764135220881434,5.1139588722202406e-09
954,3979.0,0.5091160969948396,718.0191150680184,-3009.144038334489,295.8986112935544,0.0508419891831723,1.924011858202597e-08
955,3989.0,0.52331871538423,721.4260606467724,-2511.8522241711617,307.12277863298993,0.2812569315158119,1.4750352312008882e-08
956,3999.0,0.5133959863148629,717.3281011357903,-770.8977364003658,196.0550378650073,0.0106261959866076,1.874088408261717e-08
957,4015.0,0.5145945389987902,734.5345971360803,-2787.9277501255274,303.1103429541501,0.1449929951575807,2.2744427617272903e-08
958,3936.0,0.5135993609158322,699.8470727726817,-2818.9970914274454,322.49779703063194,0.1587600724669766,9.346575842257612e-09
959,3941.0,0.5279687608638779,720.5371489748359,-3284.545471519232,325.83960887059413,0.3714172262890176,1.4786192551550636e-08
960,4010.0,0.5227246254077181,683.9747377112508,-3257.650773972273,325.70755896344474,0.2954085994035804,6.654075949773119e-09
961,4048.0,0.514314080979675,654.9823152273893,-1752.96252630651,172.34934554119368,0.0150803902370249,7.1595976320298065e-09
962,4052.0,0.5102435827907175,696.0883494466543,-3322.683362290263,319.2426953164919,0.1049276343383186,9.822476862003065e-09
963,4064.0,0.5137754044355825,673.1229423731565,-1971.7634350061417,260.5299062981848,0.0716017315357524,6.285250872212113e-09
964,3930.0,0.527237168699503,682.9885939508677,-2652.989767491817,262.39079891546885,0.2901796882407778,6.8122865667257884e-09
965,3975.0,0.5211005731625482,728.6278438195586,-1925.5649093538525,255.67479918982903,0.1844032323540231,1.8121930086432088e-08
966,3984.0,0.5152776152826846,697.0172697305679,-2073.87760989368,298.8024105103363,0.1489563087749389,8.584365144579238e-09
967,4023.0,0.5181455755699426,723.2577430829406,-1694.351052492857,259.91664691246336,0.1412690893463086,1.557599442331168e-08
968,4029.0,0.5308766845986247,715.4094436019659,-3546.5867444872856,329.8004856549748,0.4174453689590857,1.31355010982536e-08
969,4036.0,0.5081789425527677,659.420071169734,-2243.72341632843,279.8963772034776,0.0104414089658962,7.303044887997111e-09
970,3954.0,0.5312864710669964,690.0969764590263,-3403.416730463505,319.1319942102946,0.4126506730405708,7.589694079274952e-09
971,4000.0,0.51298181891907,694.86911714077,-1404.9670323729515,254.65474734747625,0.0516181128375156,9.237427174545273e-09
972,4006.0,0.5356084355292842,709.4661636278033,-2625.38345977664,163.29540386031417,0.3800199060510924,1.2889347617924136e-08
973,4020.0,0.5095273407828063,680.4707670211792,-1810.69376282394,275.9658301859532,0.0254642407962694,8.275276811965464e-09
974,4024.0,0.5221309992019088,706.0885442048311,-3119.496158882976,331.8651059423257,0.2943011461908032,1.012395171515954e-08
975,3991.0,0.519122265772894,748.422325514257,-3531.881580501795,300.1950049379058,0.2091298243253185,3.559703134172974e-08
976,4004.0,0.506142764701508,675.9202179312706,-3417.656832933426,299.5440418748878,0.0117701485914547,1.0509381956880785e-08
977,4031.0,0.5126177339814604,740.9921342507005,-2552.922845631838,271.95589372269257,0.0683666508537373,3.135726045901994e-08
978,4038.0,0.5349639587057755,693.8556769862771,-3012.263195961714,270.51598985529057,0.4211009417304084,8.399526054451694e-09
979,4071.0,0.5204761599330232,712.3111422732472,-3212.011093273759,333.11140368740973,0.2721599741180816,1.1625432559023126e-08
980,4080.0,0.5159280238114298,683.3376302570105,-3599.8344372957945,331.7903781966393,0.2054037353230053,6.669931065418788e-09
981,4085.0,0.5240581095498056,737.7503157407045,-3123.4082713723183,305.0120680933084,0.2897071042962376,2.4415658831304752e-08
982,3993.0,0.5364732351619751,731.9267638772726,-3368.449951708317,256.1436183653082,0.4338640041215985,2.2222723870146525e-08
983,4042.0,0.5248197354143486,700.2327310666442,-1956.5857999026773,235.7381641391024,0.2278826664870135,9.4692413655336e-09
984,4047.0,0.5167786359833554,720.7891536876559,-2401.4798495918512,311.300766543566,0.1894500905510374,1.4543171924456864e-08
985,4058.0,0.5270616508927196,663.7754532322288,-3500.280501320958,241.40157945100395,0.269132017274664,5.384560366069295e-09
986,4066.0,0.529221844659187,706.6082343831658,-2778.220369666815,306.38567861019214,0.3686404342960624,1.0525374208172856e-08
987,4040.0,0.5178107968671247,666.2860132753849,-2736.673790216446,274.6870534776277,0.1541871838151857,5.271329112017849e-09
988,4056.0,0.5199648321140558,689.8229973018169,-2493.5410480946302,309.1864121986454,0.2339001864461129,7.338266698012353e-09
989,4075.0,0.5111904151877389,733.5711224004626,-2608.538365736604,281.685118195706,0.060283445045473,2.6340859614371653e-08
990,4095.0,0.5112940735556185,731.067017428577,-1270.29195651412,245.0907904099704,0.0132602482726073,2.7188112930359847e-08
