,Nr,xNi,T,t,Ms,cfrac,mipd
0,1.0,0.5113417152035982,694.7004647552967,-3346.779218316078,324.32807235793024,0.1286694511498176,9.036359471451072e-09
1,17.0,0.5154060651408509,678.1997868046165,-2676.1340126395226,306.1901880290512,0.1616894602795205,6.178061625747749e-09
2,4.0,0.5309928552201018,735.5768977478147,-2784.959215298295,168.413993153877,0.3015577019652387,2.5454242738768063e-08
3,49.0,0.5165207938896492,697.8737317025661,-1370.757481455803,226.00057865081845,0.0825477510778322,9.415461664934687e-09
4,53.0,0.5084865140588954,662.5693174824119,-2352.307974547148,280.75510539216293,0.0166185031561475,6.954953009452789e-09
5,57.0,0.5183857360389084,672.1887492015958,-2965.012463182211,304.18644504511786,0.2035138927664848,5.555593555532558e-09
6,15.0,0.5344651521928608,674.6259811148047,-3388.6174142360687,163.87761544597316,0.3603769247794416,6.882277969763899e-09
7,21.0,0.51021724965889,680.397587865591,-1693.7684632837772,270.1268379872352,0.0276650594683265,8.052578772171681e-09
8,59.0,0.5317858189670369,702.9797197878361,-2620.0096271932125,266.08498418880936,0.3665406186579288,9.972150384105671e-09
9,30.0,0.5137761130835861,741.2896782904863,-1104.7496002167463,187.49151990039803,0.0126934125588382,3.615793116402272e-08
10,73.0,0.5201775076519698,701.2968312203884,-2757.399544492364,325.34952883726095,0.2581034956145594,9.120504045508678e-09
11,22.0,0.5216615371452644,715.4915991052985,-3560.38682051003,335.724043084069,0.2922439912113635,1.2579840663059731e-08
12,38.0,0.5179759124387056,733.8078027591109,-1598.3726520091295,214.06565252936576,0.0987814524025184,2.2041389402620426e-08
13,44.0,0.5252108863554895,727.7808102592826,-2399.375716969371,277.90314184566495,0.2745999452934455,1.7888478701803482e-08
14,19.0,0.5245983306691051,696.1630181223154,-3021.363441646099,325.770721357075,0.3225886912358342,8.305205534642921e-09
15,32.0,0.5379160748934374,717.6908265426755,-3136.0129069536924,270.8580063637688,0.4682408104655441,1.4540834123109326e-08
16,62.0,0.5119575673248619,721.619767434895,-2049.3456300348043,284.2661864445683,0.076168673859045,1.6961020175441512e-08
17,129.0,0.5116258788201958,659.0136614069343,-1965.671548247337,247.7028135489936,0.0215503201539206,6.43044141991989e-09
18,147.0,0.5241322053223848,671.6172705963254,-2487.4992951750755,164.12731394790265,0.1816532983470453,6.4383054634460046e-09
19,37.0,0.5069256924185902,707.0194716751575,-3444.748679548502,295.4255880439199,0.0166801030590823,1.9906673430655892e-08
20,60.0,0.526771726938896,743.0945928394794,-3504.0079470723867,293.344148291672,0.3167978057178532,3.0325769948951094e-08
21,76.0,0.5228712502075359,712.1732642129064,-3373.245245218277,334.3234549041541,0.3078025359633019,1.1650638379927804e-08
22,115.0,0.5236640513455495,681.5078489482403,-2076.278093084693,168.77704187294893,0.1750903795816408,7.3573429854536545e-09
23,188.0,0.5272322726203129,715.1504113897681,-2237.101441249252,262.4049707745495,0.290114897552167,1.2914593975391244e-08
24,203.0,0.5302591136423871,709.6994090825319,-2850.893733277917,306.5265127327904,0.3843071419570673,1.1370727900413553e-08
25,65.0,0.5125997231574729,666.921892054379,-1683.4029223769903,237.4275627092288,0.027027854784381,6.8633552395458514e-09
26,69.0,0.5073985487269238,691.6755975037813,-2496.697867289185,291.80286570759614,0.0178356397874025,1.215717984760768e-08
27,85.0,0.5107609753776342,677.9433884099126,-3181.2678415328264,312.4700512280234,0.1020221051523677,6.794809410482694e-09
28,94.0,0.5129136336455121,736.9634538516402,-2992.0410230755806,296.6210892261731,0.1097916037081013,2.643240890197137e-08
29,118.0,0.520793197164312,730.1478965952992,-2591.983412951231,305.97442670726525,0.2420178490427237,1.876658550495732e-08
30,145.0,0.5149429867835715,702.6429881155491,-3043.885092437268,328.97557404509865,0.1874009868154382,9.670357605310048e-09
31,150.0,0.521376729127951,743.6655850708485,-2180.973662808537,201.3901900263685,0.1492692969290072,3.07548594095587e-08
32,190.0,0.5124148943554611,749.6957919746637,-3480.6073900312185,272.6880890369854,0.0661956141094343,4.572786110392482e-08
33,91.0,0.5326320433802902,687.6348728686571,-3588.605724647641,319.67734080625706,0.4328736180543499,7.298946529743818e-09
34,110.0,0.5147761824261398,710.4554548487067,-1241.2251725792885,232.739939142642,0.05888795321801,1.2464528726856643e-08
35,161.0,0.5127413800451904,684.3122343719006,-1194.6322783827782,230.0115141777136,0.0227183252655681,8.910531962344053e-09
36,174.0,0.5143272999534384,736.1832808330655,-2308.958772942424,280.292479647358,0.1072048625879229,2.42665453273525e-08
37,113.0,0.5159659531805665,663.7777914479375,-3532.477745041251,309.4485888608609,0.1747477190450063,5.002511175232944e-09
38,131.0,0.5278449956094846,686.2866363674402,-3196.59643471241,315.51121169517205,0.3582862832635274,7.003404728003777e-09
39,138.0,0.5095597797119991,718.0344246700406,-2661.036733165384,292.42217650899016,0.0519856027787145,1.8307842638751228e-08
40,148.0,0.529151710048318,721.9569854810834,-3424.2667514830828,326.15197255452927,0.388854896056135,1.547485870353592e-08
41,176.0,0.5341376700624824,739.7551660612226,-3298.267897590995,167.8937349496499,0.3557413954936523,3.026211774930399e-08
42,187.0,0.5320729008270428,678.7754639610648,-3100.253625959158,229.35134024737565,0.3442591232339125,6.795918438756106e-09
43,97.0,0.5137035514088347,709.0922320634127,-2369.586754962802,310.5007083366982,0.1426517012328858,1.1428074374540011e-08
44,102.0,0.5171245453925803,744.4820649176836,-3317.1209134161472,304.092187340344,0.1844427523111629,3.0862356621844185e-08
45,122.0,0.5081882562721148,724.7618919238448,-2894.2134104669094,283.731143578174,0.0167489627514327,2.8952036380420534e-08
46,134.0,0.5194658711645752,727.1777817234397,-2821.543151512742,319.4975563700439,0.2401748824177455,1.7158211786367202e-08
47,181.0,0.5089439705060795,690.6462468206882,-2721.080332249403,300.1329980580192,0.0551330539492972,9.612348843098298e-09
48,185.0,0.5186759507190436,696.4955369383097,-2543.6549685895443,318.1850257046093,0.2268714434521304,8.309225638750147e-09
49,197.0,0.5071521499427035,659.6362550929189,-3033.2864943891764,291.69633179649804,0.0138777116031636,7.177059390288556e-09
50,153.0,0.516945209754631,676.8238361552358,-1516.4282329380512,158.14213931270683,0.0551478691369153,7.520725723389538e-09
51,206.0,0.5163373866584152,720.5905544385314,-3168.349903821945,329.1174346066932,0.2076532120395955,1.4532386912016853e-08
52,220.0,0.5266497010551393,730.4796214774251,-3071.4724972844124,309.6956828791056,0.3340015512853048,1.9574092880544333e-08
53,227.0,0.5258567346259951,700.6927655637264,-2336.956823989749,286.21501888014853,0.2943638406709108,9.156673228574488e-09
54,234.0,0.5103840530943126,732.7042257413268,-3491.3420028984547,296.36034797376044,0.070892279970666,2.7503491656977924e-08
55,267.0,0.5295892720902339,671.1153743043542,-3501.299972087145,273.81507430805505,0.3390994447083835,5.667401913470662e-09
56,294.0,0.5182352941622957,751.1201652139425,-2694.408214464784,245.582282950876,0.1276273645990061,4.0197148189549344e-08
57,201.0,0.5197639542724938,665.4836850985885,-2280.616131797433,162.00181429574,0.1053343730436055,6.1227912497733915e-09
58,213.0,0.5111739279422909,706.2391287833452,-1856.277992203832,283.29829073909644,0.0625027762532016,1.1849768007090992e-08
59,225.0,0.5139442424522713,673.655367679894,-2907.021565362811,307.48116638325206,0.1417398318185755,5.87624216123943e-09
60,243.0,0.5232427732041106,657.1809124574065,-3453.9251770824194,221.4062223355245,0.1919217878429774,5.107411067563901e-09
61,254.0,0.5115196711802855,732.461118362844,-1543.8909888267517,250.78375459029832,0.0233047030130618,2.639896438735195e-08
62,270.0,0.5155577032826841,742.2407799959183,-2968.0585842579603,295.4511359741669,0.1483088522156087,2.9117694595397145e-08
63,277.0,0.5105260644108057,667.6550940051675,-2562.963842600584,285.1061958058872,0.0552447201229399,6.039931037440369e-09
64,281.0,0.5174455909756944,657.581589333713,-2754.452510923147,230.80469615075748,0.101679165999304,5.233211749986224e-09
65,321.0,0.5123623194545508,680.6641015410423,-2608.9306723326445,304.11690497476417,0.1129599441332622,6.7578637533831725e-09
66,337.0,0.5143171014403924,665.9925327822566,-3293.587013706565,307.0385466082396,0.1466514913506907,5.2424226069327395e-09
67,286.0,0.5139970346121118,728.6099083349109,-1810.3310879319904,268.2045803086027,0.085107316524766,1.9295229559266363e-08
68,305.0,0.516173521541059,651.5570477023721,-2465.0386914610863,162.87377419193845,0.0434811932725607,5.848090744332093e-09
69,217.0,0.5181593615794554,681.1656241118908,-3397.772668674588,328.62911338918167,0.233216808843452,6.358001601558536e-09
70,233.0,0.5214836230780929,707.6591052114964,-1759.1963220387695,254.69153716643137,0.1896092491254499,1.0703141643853402e-08
71,241.0,0.5155476361978799,687.9728848487139,-2208.444156870246,297.73705131431086,0.151493246172907,7.245064266896725e-09
72,265.0,0.5204125096462667,704.0677332878113,-2030.9632547199728,291.61385165098073,0.2172071895058623,9.682114322012848e-09
73,292.0,0.5330402161646635,714.6488870307803,-3024.179536476732,301.09327616599046,0.4204691265335725,1.3013562499514873e-08
74,310.0,0.5197947638854384,734.7515806928277,-3321.0566360503435,323.1366942793053,0.2497110409116998,2.1654381717526168e-08
75,261.0,0.5078666127240286,683.2203032821417,-3233.639625459909,302.5827452241997,0.0429045818125897,9.118113029313132e-09
76,273.0,0.5151796477660537,691.8871795386076,-1581.9626659154892,257.0529269435431,0.0900543374599044,8.174613990881602e-09
77,289.0,0.5132078018179164,695.0712182372808,-3557.4488192796707,331.6621327207655,0.1662761397648599,8.574662615317541e-09
78,339.0,0.5248246954474598,708.2677107304335,-1837.0440389961004,213.71435984566432,0.2140619024178459,1.1416330417974073e-08
79,230.0,0.5175435067759827,712.7704920247197,-1994.891271740198,296.17699058574647,0.1796021853543004,1.1823226280647624e-08
80,239.0,0.535820803786628,692.0181585103273,-2976.9142728298903,239.5453219608845,0.4123138146404948,8.467430713675741e-09
81,262.0,0.5193177452078089,716.4172810688615,-1359.578051045537,183.61310313615223,0.1059065021803663,1.4050139467414161e-08
82,268.0,0.523342393883504,722.4589363113046,-2638.0606692284346,312.1962012612732,0.2879090213676069,1.5172548942912998e-08
83,307.0,0.5225502830790356,693.5967630147934,-2810.583977401257,321.0275303817795,0.2871631271495021,7.868328044972536e-09
84,342.0,0.5221351157641039,720.0817648693919,-2381.3275448977947,304.96339295156963,0.2608105284374614,1.4164313193640476e-08
85,361.0,0.521346050943248,688.4748374670744,-2996.4003536850214,324.36163899953965,0.2737861133984619,7.1695391201842345e-09
86,353.0,0.5133672653883695,662.8376890346408,-1444.1688682883978,201.61708992625992,0.0132641500854806,7.725393950546805e-09
87,364.0,0.5242100815009326,738.0525062605739,-3584.5742404460907,319.62181185197954,0.3096954106984099,2.46991851247864e-08
88,377.0,0.5193897213228047,673.1460917368531,-1893.164937570691,150.2274128592887,0.0949793252233172,6.828232608195099e-09
89,398.0,0.5158474029786885,714.0448213741183,-2548.3026903122663,318.7848332480782,0.186261695893711,1.2374049747987538e-08
90,426.0,0.5108576697669923,731.7260433360934,-2422.132268920541,278.011433190955,0.0494858061216039,2.5475123797486213e-08
91,345.0,0.5175937651284039,700.3494050353765,-1259.7156677395103,180.15604746424543,0.0748310711680674,1.0329107722609806e-08
92,351.0,0.5375999347353354,684.5913007855415,-3476.750480756164,272.5457453862566,0.4645953424491327,7.1945666940528205e-09
93,393.0,0.5208693216927349,679.6465046331286,-3464.0566416084766,327.9145345068414,0.2713336402407035,6.182864583340731e-09
94,400.0,0.5354324676143005,710.0014109537005,-3537.3785700649023,323.3514039143107,0.4771353792032148,1.175707126122304e-08
95,465.0,0.5147355478396639,701.7837062478065,-1969.429614767432,295.0826091350104,0.1352302089261537,9.528188447429368e-09
96,494.0,0.5153532962827012,729.6533263102174,-3379.0195047855377,325.1828810923958,0.1880369191547627,1.9108697359462315e-08
97,505.0,0.5191441386006773,708.6049287766218,-3158.442484214902,332.8361112532682,0.2527820830928986,1.0680873132089506e-08
98,419.0,0.5263334728870541,703.4738600254059,-3407.925429940224,333.2479953885716,0.3559797887107797,9.711452578009784e-09
99,436.0,0.5306639194162562,728.2676834985614,-3185.595532134176,301.570397768515,0.3851028180291054,1.8765716603195e-08
100,449.0,0.5121214145049453,656.1165301129222,-3146.461827680469,281.6763635247024,0.0747938668812399,4.985650388408374e-09
101,454.0,0.5183549084886909,737.4575958773494,-2205.8769442141056,271.59548736910523,0.158790745664504,2.3795179708349897e-08
102,467.0,0.5252461888361722,672.5790834799409,-3214.814504608512,292.51149032529787,0.2924557086153296,5.622125744657912e-09
103,373.0,0.5095918340375647,652.2968016192317,-3420.5980259925127,285.7197505277473,0.0417284035656328,5.239022880865712e-09
104,382.0,0.5117444037087262,713.2797116413713,-2781.041617691517,312.90726199727646,0.1172483030856186,1.3590428769883412e-08
105,417.0,0.5129238521074876,670.742457844317,-2176.217767596245,270.9398764366377,0.0717913011983015,6.037822253970748e-09
106,422.0,0.5177730741119012,723.0661133304238,-3060.5439607053995,327.4336789826265,0.2260722663500042,1.5353334773625468e-08
107,433.0,0.5166364704817533,687.1275790780783,-2832.885687053204,321.04340091110646,0.2009384702716374,7.065142815839558e-09
108,470.0,0.5223752918234095,752.1421536803246,-2917.037158459425,217.381555312353,0.1748982804955766,4.29364506602808e-08
109,478.0,0.5130396883748471,717.7642372623086,-1755.096173286438,277.00383115394,0.0822617855009087,1.4578953969886273e-08
110,379.0,0.5312925254413858,702.124893963337,-3349.9345052987337,325.5092903903943,0.4191610125349386,9.638503789116145e-09
111,385.0,0.511929205856286,705.4471033066511,-983.7564691901208,237.3944074171815,0.0159064070522901,1.3512299977506431e-08
112,430.0,0.5141503237374127,748.7462911009789,-1490.736549720168,185.6695406152305,0.018220651555608,4.536649956951391e-08
113,458.0,0.5085611367179081,717.0697319880128,-3280.232948809862,296.6272596450633,0.0435856689890853,2.0116580557708256e-08
114,468.0,0.5286531977821142,713.6122304573655,-2362.1009342372417,266.36982419938374,0.3167635191006065,1.2501535191175817e-08
115,522.0,0.5092188065312803,711.5287232398987,-1530.4730337113142,271.9919000717801,0.0145775043938901,1.7137094578996055e-08
116,533.0,0.5103124898299575,664.4705741852522,-2919.9708849191666,290.9498031359848,0.0611753790837431,5.7434649224935404e-09
117,542.0,0.5138728117896244,723.4905824065208,-3506.4629528671503,327.8794041209726,0.1704490902539752,1.6515887257981226e-08
118,396.0,0.523628960759379,750.7574268430471,-3116.703067347408,241.995549837278,0.2130693887150107,4.050687477757701e-08
119,405.0,0.5100684798881412,699.5937284082174,-2931.6402845084667,310.89758048368867,0.0892901723491212,1.0734971037898864e-08
120,409.0,0.5171551610482856,693.2610684633255,-2332.999100536108,308.66641507685193,0.1913452424362333,7.870650992952574e-09
121,491.0,0.5294453112687916,680.0610730051994,-3090.114054456353,280.5133410111809,0.3438136668421903,6.4163029633881754e-09
122,524.0,0.5234680107841269,725.880568549037,-2735.00740416348,312.5163147363639,0.290163627791197,1.670892768563841e-08
123,451.0,0.5268494108365849,689.0812205523252,-2575.6417762488127,280.79027963971606,0.303552726887611,7.386626045262671e-09
124,463.0,0.533816612912342,698.2099005579948,-2738.133404776454,247.35781058814388,0.3843795388050059,9.312118228368932e-09
125,501.0,0.5091790095483885,683.9854970574379,-2095.7319874316454,284.97695282408546,0.0341416747509724,8.579008690231629e-09
126,517.0,0.5080059497943148,708.9057368412614,-2195.0536474585533,284.8599075635624,0.0157499009522374,1.7787818613903035e-08
127,521.0,0.5206246224232018,683.8322035595775,-3284.124465286732,327.97057902023937,0.2678773415885244,6.6205800830018515e-09
128,545.0,0.513079456440173,692.8067464008927,-1871.8657605350013,284.0777174400994,0.0933144292102169,8.311951463981695e-09
129,563.0,0.522677275952883,698.0275390669703,-2674.9634362757206,318.7170687143017,0.2861710715136104,8.566241175337811e-09
130,580.0,0.5323093892680482,719.2915245145559,-3313.031677901745,316.84694927788485,0.4253501452840587,1.4635233454671914e-08
131,608.0,0.5365941762598232,734.9210783094168,-3411.70023009181,236.1820089180773,0.4231806390877694,2.4938293712239888e-08
132,508.0,0.5274641900742427,719.7450331971049,-2860.69303303957,312.53164524755283,0.3493260620462838,1.4424476455376245e-08
133,539.0,0.5334414898883552,704.8650694265962,-2962.674254179001,296.59500954793,0.4220632361082838,1.0346777477983493e-08
134,552.0,0.5397938972199336,713.3265285938978,-3086.208831891417,252.81070743676185,0.4855135212356957,1.3334345900781317e-08
135,595.0,0.5246880037058145,683.3858886733651,-3533.613855019212,328.9570531157995,0.3275710278847727,6.619879886411508e-09
136,510.0,0.5113317086361349,744.9693118780851,-2305.9696689248085,253.4456584863587,0.0233811633540557,4.270564407110069e-08
137,537.0,0.5173075333191082,670.3180328011513,-2618.831741809845,283.1432422172718,0.1577206853175641,5.509794613420686e-09
138,558.0,0.5146901169605553,727.68559217453,-1657.5391922146082,258.9752013048839,0.0844348492532842,1.853645306437624e-08
139,577.0,0.5124976171180606,707.2431595250964,-2705.439456179738,316.48020818263643,0.1337707484509642,1.1350434325971938e-08
140,617.0,0.5211187461344525,699.3958029523492,-2432.313471660018,312.06871305242726,0.2548149809044617,8.777522779095977e-09
141,622.0,0.5148934811679646,754.5298985019326,-3369.16331872344,263.79851840706584,0.0936829574634895,4.9562399966153807e-08
142,638.0,0.5118838185630739,738.8500764220953,-2645.862890034914,276.2861131794421,0.0630346359411413,3.034955352808145e-08
143,651.0,0.5301859227800743,692.23483864218,-3250.6167009472847,318.39906631426123,0.3957823474810786,7.861700480785567e-09
144,561.0,0.5163980878144503,676.3206022232771,-3019.0188087522984,315.31706839788245,0.1894721980116445,5.953069136368007e-09
145,566.0,0.5200109992176295,717.3708831518888,-2106.5653692930937,296.32163553023486,0.2173639883561058,1.3152064314989121e-08
146,597.0,0.5108123340224847,697.6278988644481,-1208.46030972898,256.7562088984868,0.019029368320172,1.1361957361400832e-08
147,614.0,0.5172033704444766,721.0306176543236,-1296.6185420751572,203.73790766358,0.0796231076095845,1.5766561724543907e-08
148,629.0,0.5098176824068651,679.7995692491531,-1952.665687724948,278.6775191803634,0.034192455548352,7.807619708881019e-09
149,665.0,0.5170199364749715,698.3958778902888,-3093.960338830948,330.92423585400803,0.2198838963139683,8.686059054631999e-09
150,670.0,0.5134124377695843,747.7955500409007,-2241.238621249795,241.26122120851508,0.0441465379014788,4.0485978813842016e-08
151,569.0,0.518312489981763,703.1188805028796,-1421.0832729935646,221.0316048734064,0.1089849945205782,1.0244087172506292e-08
152,633.0,0.5195153335295618,654.724233970046,-3589.735410735011,267.2004792488364,0.1718023379474252,4.624727695865768e-09
153,654.0,0.516070518847555,734.297801554203,-2880.356203392148,310.24821460511595,0.1774461373510227,2.1854339292066612e-08
154,564.0,0.5305176116200164,748.3981494233012,-3562.834544107318,162.11298560343863,0.2915835188643382,4.041872841686026e-08
155,593.0,0.514102234034799,661.9144135713577,-2078.6571387201548,232.25399697185256,0.0472739329462023,5.981360259623722e-09
156,598.0,0.5219119281461463,732.0114016532898,-2934.8656207323074,314.87639642635025,0.2701266421674549,1.996074771460424e-08
157,689.0,0.5168636981770396,704.4927466288209,-2483.2525469362736,318.9123955940601,0.201317008982388,9.854675418821044e-09
158,705.0,0.5122593722492457,675.5334067344666,-2339.3569249659777,287.7694107753376,0.0861974926412809,6.3289671747936365e-09
159,710.0,0.5184792245179415,710.892351269722,-3223.492567241192,333.271474735721,0.2438405239573383,1.1268108667132544e-08
160,721.0,0.514523340514861,689.8659158870578,-3458.13745893538,331.39699454754765,0.1847458634716828,7.591592840199746e-09
161,620.0,0.5240720191504806,710.3162950277328,-1898.5493682324889,248.1582768762632,0.2255863880981693,1.1502588234443256e-08
162,645.0,0.5082929458236322,673.3434449881315,-3518.155221641064,305.3398910919996,0.0538555581218625,7.262914207073324e-09
163,678.0,0.5176337377121673,725.3131311386824,-2253.881099447608,300.58924594434484,0.1871770457870999,1.635895561179664e-08
164,682.0,0.510645556319505,719.9270978569984,-3007.2165962308645,306.2057804430342,0.0904786811642686,1.7527445588518543e-08
165,687.0,0.5359216748783365,708.5379630699754,-3574.31046590209,323.96969587918244,0.4847902580957253,1.138639772101197e-08
166,694.0,0.5202930177375674,741.8159264698625,-3430.669553205371,313.98199761637244,0.2450941850075298,2.7653431637210093e-08
167,702.0,0.512319676312618,714.9966031312943,-904.6643782407044,227.17675092653508,0.0133129524910066,1.7093825796393054e-08
168,752.0,0.5347456290293485,722.2905363887548,-2799.6679700911045,219.25186451210368,0.3838217783187291,1.6869417689225456e-08
169,769.0,0.5115675903949887,696.9495874270797,-2082.7550880610943,293.3743157368661,0.0842378169241308,9.397799957021912e-09
170,774.0,0.5192156599555164,749.2418968304992,-3030.04034422338,275.4270538780754,0.1772976898786044,3.6813146060286723e-08
171,657.0,0.5150671304389834,671.6978337615728,-1569.8542825877666,198.1253267009748,0.0402239431020854,7.1262566670750265e-09
172,673.0,0.5127981681516394,660.8781825751066,-3194.2719988524914,293.29140004898983,0.1029365354940864,5.064652580331552e-09
173,761.0,0.5192725825496018,683.0227211490273,-2158.406488224864,274.7373995548621,0.1773110026407282,6.640207751106724e-09
174,771.0,0.5276895629381761,677.4131942540407,-3551.485162228346,315.2322658408484,0.3556863197994804,6.054954166093671e-09
175,661.0,0.509852243885398,688.7746155634522,-2385.229334235192,295.5986596310242,0.0615725916772858,8.69820976301694e-09
176,668.0,0.5253166848327965,717.0066928118467,-3487.017473950982,333.57551781575296,0.3418257953168513,1.325855230572164e-08
177,745.0,0.5215350031806156,667.3555447906256,-2852.0161505788565,262.8717098497963,0.1991211087143891,5.400010688039148e-09
178,764.0,0.5276791728148237,732.3805487155914,-2510.620654374361,240.5435194197821,0.2786697970816914,2.1314930871966173e-08
179,790.0,0.5215235519083217,732.8587780892849,-1867.454911395908,220.57620636948127,0.1625597048685948,2.1134024426744904e-08
180,691.0,0.5231405259715394,669.7235515713692,-3037.5853814184666,279.7702129875316,0.2443661525975941,5.425292214460943e-09
181,748.0,0.524317945195362,745.995770804584,-3167.3441492021084,274.23685354506216,0.2563175428945589,3.32212788712045e-08
182,757.0,0.5094021978368983,704.3535495921969,-3331.1931800097227,312.71684328112235,0.0823030555450601,1.2670017469724549e-08
183,707.0,0.5270630122395232,698.8293883576989,-2908.13753195107,318.39705577627177,0.3500284745056066,8.836866314454098e-09
184,724.0,0.5285274863336236,738.4767308086157,-3123.5014110803604,274.1631008817327,0.3226915387446923,2.5957181724539413e-08
185,737.0,0.5140450394898654,700.8319244906306,-1707.6517347246408,278.19612591375625,0.0997687227310044,9.54221982542268e-09
186,750.0,0.5151369610382244,718.7185939401388,-1936.0132835805416,289.5550172291895,0.1332445087320324,1.4081543791932527e-08
187,787.0,0.5243711029738188,691.7480208352208,-2464.403698593378,294.0269484264108,0.2809093948410193,7.644909269121982e-09
188,793.0,0.5174982584547252,686.6420452669263,-1631.7530885338783,230.89567823415928,0.1026276039479356,7.615531365205084e-09
189,849.0,0.5143753485847264,708.172493763268,-1320.310403779149,245.5019053271453,0.0642414718141043,1.1682042678461665e-08
190,747.0,0.5293182184826583,707.8129143640399,-2283.008950576186,240.500054212933,0.3056632531099638,1.1228318833373151e-08
191,772.0,0.5311321916198358,716.5124935656786,-2699.0947511047125,281.3783111051293,0.3710617600063235,1.3538308197950083e-08
192,782.0,0.5155050351331011,722.5395057350397,-1418.2087931782007,241.18145858869195,0.0785477450117486,1.6105464745995952e-08
193,799.0,0.5369990113703534,700.8767294511199,-3074.471468478441,278.34946851036767,0.4600020469020617,9.70596674789914e-09
194,810.0,0.5112218816066161,738.2283399254084,-1769.3639796227217,251.67034468805983,0.0194860574116109,3.350768556124366e-08
195,827.0,0.5319210435403511,684.8946976289153,-2751.5787184238434,183.3283465893262,0.322056147768143,7.819805272231586e-09
196,785.0,0.5152817323477938,653.4497217833996,-2807.703761011362,238.258047346644,0.0721405133438346,5.138992984530279e-09
197,801.0,0.5132866476569324,679.1231192648411,-1057.272431999445,203.2534283271748,0.012855388137989,9.31259576915572e-09
198,809.0,0.5223146702954545,705.9394653514028,-3495.329864323139,335.8560607665758,0.3016889385601849,1.0097366694677889e-08
199,814.0,0.5144884215900675,740.3691496327519,-2642.753629758954,284.7411421083847,0.1161771585835421,2.7991192635054453e-08
200,844.0,0.5230875854520127,739.9234513193369,-2109.6586368978024,175.6770821630105,0.16757199932673,2.7572765371830225e-08
201,853.0,0.5106326031778008,650.4248420149088,-2191.776145622134,254.1142151515323,0.0128350156317934,6.478009410241346e-09
202,857.0,0.5176904430473224,675.0461043417454,-3350.5011420696974,322.23855458371594,0.217923432956117,5.8004577121462954e-09
203,868.0,0.5331204476580024,730.9342600405216,-3523.577682673931,302.0642624858389,0.4226507781700016,2.0745483662833483e-08
204,812.0,0.524987770486623,724.3452017009258,-2973.9120829850435,319.6730762533777,0.3211248828736632,1.614155487935297e-08
205,830.0,0.5121820772718638,726.7525828629732,-3267.6681373268366,314.6115843643615,0.1263080185076117,1.9518637708231883e-08
206,890.0,0.5084142092475668,726.8917365372181,-2533.5939288139343,279.2093596345827,0.0130327028889395,3.076962131062862e-08
207,902.0,0.519680755333975,724.9149565398693,-2492.662182077765,310.4304024546149,0.2313330216282061,1.6082221598979682e-08
208,906.0,0.509696399034001,729.8468596488237,-2768.531858548522,282.25860202197583,0.0378769975694788,2.70038853146021e-08
209,911.0,0.535153791923076,681.6900962218642,-3363.325008004904,262.57721760634587,0.4174894015634618,6.9002842588722245e-09
210,939.0,0.5281467988155782,697.5256436690688,-3461.162705719471,331.4958392195311,0.3800272739505269,8.657493143934952e-09
211,821.0,0.5086218385444954,665.7696156203747,-3130.846479535103,295.02551585922583,0.0418807849130127,6.396700236275331e-09
212,825.0,0.5186020759772509,659.4387871772051,-2408.052062988281,150.57195052661072,0.0813908527399821,5.897217033676951e-09
213,832.0,0.5385901246219874,714.8352982103825,-3200.714772194624,281.3425406432312,0.4874339642671332,1.3494757247374016e-08
214,837.0,0.5076231310935692,696.6932337358594,-2818.6439719051123,295.3190533212688,0.0271346958047462,1.2943472274569206e-08
215,841.0,0.5203046004381031,690.360545180738,-2671.0945542901754,316.8592713984838,0.249019176140829,7.406342433431094e-09
216,865.0,0.5134899500058964,682.5285236909986,-2944.5636469870806,317.52223263291575,0.1498922869559324,6.7931976448332845e-09
217,881.0,0.5161053063441068,667.8424207121134,-1839.9861339479685,196.5431315322733,0.0570701554153379,6.512544641096138e-09
218,937.0,0.5218551545822994,677.745348289609,-2231.9405928254128,235.10249059105743,0.178278640047912,6.482081217147626e-09
219,846.0,0.5167190582957119,755.713767670095,-3579.929264634848,271.02436597127775,0.1321146787161179,4.9775396943856543e-08
220,862.0,0.5126986509049312,711.3795991241932,-2434.6437580883503,308.66451449285955,0.1249419192028064,1.24421428451902e-08
221,883.0,0.5238762586703524,706.3738926872611,-3294.1600743681192,333.38559191212994,0.3210464852132378,1.0241441640442398e-08
222,899.0,0.5279733409872279,705.3665347769856,-2175.5892388522625,238.77694021727768,0.2822452757133689,1.0603425649659824e-08
223,917.0,0.5101857779594139,676.1533541977406,-1458.0261692404747,261.31200143419943,0.0148404030770817,8.362186952560308e-09
224,926.0,0.5136580784525723,735.2287522703409,-1143.6649728566408,204.55847783312063,0.0199370428259552,2.7847339359799092e-08
225,942.0,0.5142016830528156,715.9460789710283,-3119.4803941994905,326.96683310550407,0.1738970791497798,1.3355225331011426e-08
226,953.0,0.5188894589152188,691.3746752217412,-2883.084744215012,325.0757620284928,0.2390999813202228,7.558757227725927e-09
227,982.0,0.5224994562659413,713.6927945166826,-1697.6842269301414,225.82292073164007,0.18232591992331,1.2642187121023714e-08
228,874.0,0.510018973601982,743.5112616047263,-3256.863136589527,270.6243223684055,0.0252417333957935,4.586378448185804e-08
229,900.0,0.5315949266543613,740.7075907662511,-3063.3285965770483,152.97762717235952,0.3079097436250248,3.103593534376236e-08
230,961.0,0.5119972493918613,688.9274134114385,-1468.3213356882334,259.006057138912,0.0410202476903965,8.622988419259867e-09
231,998.0,0.5173189237387851,739.3515435606241,-3434.6979662776,318.0591937426563,0.2068105427296106,2.5532458232747724e-08
232,1012.0,0.5298697482561693,711.7479379475117,-2912.405875325203,311.5170367038713,0.3838444895378345,1.19200591422906e-08
233,886.0,0.5209189086128027,718.231777921319,-2723.990026116371,322.2920724226421,0.2649766634621529,1.3455994534098244e-08
234,897.0,0.5118490939307958,668.8937149941921,-3405.037944763899,311.4854425252004,0.1166199246489843,5.714273375463265e-09
235,913.0,0.5148159939097241,685.263844691217,-2272.03341498971,297.8924482398655,0.1406137426276834,6.976303805760993e-09
236,949.0,0.50908195507247,701.4500105008483,-2596.009013056755,297.470822050599,0.0528833582036082,1.2163880307925148e-08
237,956.0,0.5273564954428003,733.2179616391659,-3247.5636932998896,308.9812202919162,0.3437002820232216,2.1467350740364628e-08
238,965.0,0.507379393731244,672.4899003654718,-2451.6223456710577,289.7062728248326,0.0140482293965455,8.604231831143737e-09
239,969.0,0.519888213975355,662.4163670837879,-3090.700888261199,270.4500270145839,0.1816829590920007,5.014940809769462e-09
240,981.0,0.5110482171643526,685.8864258602262,-3570.4274486750364,324.3352875544038,0.1244242539336451,7.727187535241276e-09
241,988.0,0.5265102862007917,717.8594551235437,-2300.0609166920185,276.01188511343946,0.2928846191805481,1.3667637708835774e-08
242,993.0,0.5137279796274379,654.2227122932673,-2578.577460721135,242.91883679503223,0.0509879980703457,5.3814072128130114e-09
243,1009.0,0.5156843279395252,699.904651530087,-3219.3426433950663,331.84814903037926,0.2019934241121931,9.05430315150354e-09
244,1044.0,0.5293753253109753,729.4481909647584,-2830.274238064885,278.19923288838856,0.3402730933287269,1.932345953211834e-08
245,976.0,0.5362213603546844,727.4660404026508,-3010.324052721262,199.8323224449599,0.4010410902303093,2.0080121468590893e-08
246,995.0,0.5257214369624853,690.9311082586646,-3147.0422107726336,324.2151537255274,0.3370636213161222,7.556310942154163e-09
247,1002.0,0.5102569609787315,715.2063550055027,-1822.8976026177409,276.25439176876,0.0373872416699335,1.6115984193707126e-08
248,1041.0,0.5154316042969004,680.3245732188225,-3188.202153146267,323.4050745243848,0.1866862469417469,6.382044099732905e-09
249,1068.0,0.5251376246660948,751.9369038939476,-3464.962534233928,251.71740581897777,0.246157570925447,4.338862665053077e-08
250,1093.0,0.5074677649745718,667.083708383143,-3338.9661077409983,297.35286292566536,0.0281647953005053,7.211179663570999e-09
251,974.0,0.5164754490088672,731.5095080435276,-2146.902611106634,284.9786647963042,0.1473549576750457,1.988517536848314e-08
252,985.0,0.5179334079334512,706.7338844761252,-1919.2960303276773,290.99762121079414,0.1783094309517826,1.0292024175953328e-08
253,1025.0,0.511409826381132,666.7687748000026,-2489.322379231453,280.7470313606772,0.0622789028250664,5.846574815185344e-09
254,1067.0,0.528761527761817,701.9888415932655,-2545.6906981766224,286.90591175658903,0.340102446057194,9.516514346913041e-09
255,1077.0,0.5084664777899162,697.9462859034538,-3540.045379847288,310.5125867190972,0.0648884856558294,1.1854375078123852e-08
256,990.0,0.5131143929669634,746.8402567133307,-2856.0544677078724,268.00237117794467,0.070771525035767,3.852784394212173e-08
257,1030.0,0.5190657870005816,719.539897851646,-3408.8341120630503,333.64582772243585,0.2526935672892383,1.3911796676979008e-08
258,1034.0,0.5092572538601234,725.8725577965379,-1912.1696088463068,271.5489136490232,0.0145248818084388,2.6300854183072763e-08
259,1057.0,0.5131288782786578,707.0929396152496,-1549.5571419596672,269.0469827854954,0.0724286362860288,1.1322563488434468e-08
260,1078.0,0.5198736857483164,731.1653275415301,-1784.1966692358255,237.506705441717,0.1473978501132863,1.9765735638585505e-08
261,1102.0,0.5165636958647519,728.0039544031024,-3087.447130680084,323.54524723481444,0.2033213894518105,1.7849114097176212e-08
262,1113.0,0.5178458064841107,703.6787664890289,-2859.843795374036,328.25258597087173,0.2282056487261873,9.63506996172412e-09
263,1027.0,0.5275342182768509,708.8684289902449,-3059.640321135521,324.7650033346988,0.3639582407692642,1.0998797520401261e-08
264,1065.0,0.5224700390966609,672.8426981344819,-3115.7957799732685,301.2691329795068,0.2611208397099331,5.585028938872718e-09
265,1072.0,0.5339252654276788,717.2749817743897,-2928.978302702308,281.1123389008398,0.414402614912068,1.4015384361941874e-08
266,1099.0,0.5307505109300837,687.3324855417013,-3381.6813860088587,315.91042758002584,0.4014805395977737,7.2059314371332095e-09
267,1109.0,0.5107848730217666,683.2909025996923,-2682.6304871588945,304.23660040538687,0.0894592245576025,7.459602667952721e-09
268,1118.0,0.5128509298013524,742.3953717947006,-1915.935654938221,243.53376546051663,0.0371914270443913,3.3882469077991094e-08
269,1126.0,0.5170550706470385,734.8846862092614,-2574.793068319559,299.71085581411387,0.1771863968367552,2.199819880348456e-08
270,1070.0,0.5146406951220707,713.3487302437425,-2235.168788954616,306.5883131842544,0.1508233846608544,1.239887059185539e-08
271,1081.0,0.5184498034510762,689.2863558977842,-1998.776384443045,279.1212459681748,0.1700987014766559,7.363201982358107e-09
272,1116.0,0.5262469249591232,722.8023842349648,-3159.2965498566628,324.0623959726887,0.3445129738058356,1.5577923350719773e-08
273,1123.0,0.5256333007477224,693.5247975587845,-2206.730694696307,255.15757284912405,0.2573744922637807,8.173841812767827e-09
274,1105.0,0.5142175845708699,678.1042909994721,-1701.3619612902403,247.55320558545912,0.0637954806811569,6.9112538884257155e-09
275,1135.0,0.5353405976807699,699.3887075036764,-3282.844511792064,308.7365056955084,0.4623672788554021,9.279936524732383e-09
276,1142.0,0.5207690410222858,750.4935833066702,-3215.6649224460125,274.4644864068184,0.2005769658730176,3.8893822214002113e-08
277,1150.0,0.5118234103964642,724.5707778260112,-1224.0356862545011,244.00062030153128,0.0207917441583243,2.0712300035687748e-08
278,1171.0,0.5241069226525724,688.6800872534513,-3320.147417485714,329.08216676392306,0.3193571648981038,7.230845008526809e-09
279,1189.0,0.5066233372222633,684.3861654400826,-2899.893269687891,295.9253031506178,0.0129168915046321,1.1686863156891572e-08
280,1156.0,0.531395642044954,713.0160969868302,-3554.8420909792185,330.0522932442955,0.4251481379086832,1.2408334241884302e-08
281,1214.0,0.5124460141826421,728.8500547781587,-2411.306035146117,290.59605364091504,0.0934062945795878,2.057286976762102e-08
282,1249.0,0.5139296879479661,687.0008751004934,-2056.7669939249754,288.79389787910924,0.1135197025290782,7.316582341583041e-09
283,1285.0,0.5078537004021928,677.3177506402135,-2602.0239271223545,291.9922323604971,0.0251309473106254,8.460825396773204e-09
284,1121.0,0.5136398165905848,651.1895671859384,-3438.0598437041044,274.9062217824663,0.088701138357569,4.638015615620328e-09
285,1139.0,0.5237209193734452,679.8515255376697,-2916.1851312965155,303.5118891820962,0.2827886281959272,6.232660936568477e-09
286,1196.0,0.5249002816900611,719.876515083015,-2030.054364725948,250.80455505418905,0.2414675904341863,1.4511983332863053e-08
287,1209.0,0.5186901511717588,664.8413163796067,-3263.9921329915524,297.3854035021202,0.1987251593719627,5.025204395051197e-09
288,1241.0,0.5181296267779544,679.4818348810077,-2438.328586891293,292.8528272051216,0.1838997396512067,6.212798687197482e-09
289,1130.0,0.5101688492391259,710.2652544900775,-2735.5268843472004,303.93902984462613,0.0797353920467889,1.3855198297276013e-08
290,1137.0,0.5159475369658322,695.9321751445532,-2359.4345536082983,311.6007099816542,0.1775517527816388,8.345983191573687e-09
291,1153.0,0.511655281027779,702.3301437497139,-3026.791736483574,320.64212325701794,0.1276910641695787,1.0480569717745461e-08
292,1169.0,0.5150177075946704,656.0196093842387,-1864.092819392681,159.25858647597062,0.0221279247180536,6.812133880885741e-09
293,1174.0,0.5214352172100917,737.7888916060328,-2811.487938836217,298.98709498715016,0.2425243171932057,2.408334310998756e-08
294,1184.0,0.5375244128657505,725.2771968021989,-3230.972922965884,260.2656221067827,0.453841831253602,1.806313222056807e-08
295,1228.0,0.5226476456737146,734.5465597882867,-2997.2488403320312,311.2309106651589,0.2764095918586983,2.173758410130722e-08
296,1193.0,0.5220513787912205,708.5313253849745,-2638.9640875160694,321.04978534865364,0.2799148132235836,1.0683308036728973e-08
297,1198.0,0.5144009918021039,745.2772902697325,-3498.6900251358747,298.82120850914345,0.135697902178016,3.3869374661123433e-08
298,1205.0,0.5088857389101759,669.7750500962138,-2215.131276100874,281.090807024583,0.0233874595900129,7.219461919689903e-09
299,1237.0,0.5112475222256034,655.3384778276086,-3051.2588638812304,278.83700976022044,0.0568471538259238,5.139573595094061e-09
300,1246.0,0.5133137070806697,714.4438661262393,-3347.273160517216,328.5109669626559,0.163296764453198,1.3164702715621804e-08
301,1270.0,0.5204798127245158,722.1950927749276,-1836.189752072096,264.23098985833934,0.1837330142610856,1.5041012438262043e-08
302,1281.0,0.5114412310672924,683.1472931057215,-1789.0109226107595,272.3490840107766,0.0502976538504498,7.634313444812572e-09
303,1302.0,0.5215620196051896,718.6089019849896,-1573.6506644636393,198.73738425672263,0.1511191877816946,1.4536973918758064e-08
304,1308.0,0.5259322989080102,712.5654711201787,-2542.7510138601065,305.5069790596213,0.3183947683752797,1.1907579894040533e-08
305,1322.0,0.5110845476016402,724.3664878234267,-2123.3750078827143,280.28573670302217,0.0564932031908135,1.9537530357551968e-08
306,1356.0,0.523126043425873,723.7262355908751,-1760.105212032795,202.9596467911509,0.1797659734397825,1.6578323924148556e-08
307,1225.0,0.5196889008674771,693.8606065511703,-3583.7202820926905,335.6603808309219,0.264110854751738,7.89998768748064e-09
308,1265.0,0.5154905096720904,671.3791033998132,-2727.3296143859625,296.1118230655709,0.1482501414619557,5.601396903898723e-09
309,1305.0,0.5174597907578573,700.9566091001034,-2238.0106531083584,308.5987796443025,0.1957897058546597,9.114495387065586e-09
310,1201.0,0.5167373603070154,690.7192605733871,-1289.942255616188,180.7103201840711,0.0603535609279759,8.951044542354952e-09
311,1243.0,0.5329428099840879,695.3350617736578,-2783.708219602704,261.53532189481245,0.3811011589601102,8.642352748370416e-09
312,1262.0,0.5152523125801236,732.5144813582301,-1385.1903274655342,215.8228887680777,0.0540281820061602,2.239724019280569e-08
313,1268.0,0.529670458282344,742.0358735322952,-3290.9215919673443,256.2458451504614,0.3237744735362154,3.0135071805521415e-08
314,1289.0,0.520469281449914,657.3858189210296,-2877.014697343111,172.73495676313152,0.1213686695161863,5.488148822649183e-09
315,1315.0,0.5265466060768813,681.3706450164318,-2820.6397265195847,283.6263191034124,0.3020614828190219,6.476387911401297e-09
316,1267.0,0.523261445905082,704.2727541923523,-2382.17657469213,305.9413861304407,0.2789247702850086,9.760570380748447e-09
317,1273.0,0.5192451226385311,697.3083046078682,-1607.520017400384,237.5347571676093,0.1370264159741413,8.91803662100179e-09
318,1301.0,0.5104678334854543,691.8132520467043,-3300.934921950102,319.57610691533125,0.1087219972497436,8.884449622074825e-09
319,1307.0,0.533591360161081,673.860274143517,-3483.217873424292,228.98026833338272,0.3693583056967712,6.372120086824275e-09
320,1313.0,0.5132372033549473,663.4755351021886,-2250.1981884241104,256.80154875231204,0.0583265925241793,5.74017447101716e-09
321,1318.0,0.5182484629703685,730.2157779410481,-3197.5053314119577,325.05200488387527,0.2297852642969838,1.88303908478472e-08
322,1329.0,0.5162482416816055,709.904429987073,-3426.873157918453,334.2423988607078,0.213281351510293,1.1169341318864891e-08
323,1334.0,0.5198532512970269,743.9042419940233,-2486.59212179482,262.16177872011787,0.17131529831477,2.9929793265138644e-08
324,1345.0,0.5123477656207979,679.0389641746879,-3227.170516178012,318.8039939693231,0.1350537773259802,6.5798960641018925e-09
325,1350.0,0.5187433186732233,714.8867967352271,-2336.108330637217,312.0843297053209,0.2196514910277159,1.237929581342965e-08
326,1359.0,0.534218746284023,690.3827466070652,-3493.953780457377,314.2392891877679,0.4509224763276624,7.72687611241229e-09
327,1294.0,0.5156313944607973,736.4227383956313,-2024.402843043208,265.5975654171301,0.1077838169994913,2.3748924935031378e-08
328,1310.0,0.5140281537687406,752.7348177134991,-3097.645181044936,258.6097131476841,0.0733067350575565,4.7530000874371163e-08
329,1332.0,0.5303622508654371,720.3267109021544,-3041.273428872228,309.46105289874606,0.3889696783536517,1.4890037271800328e-08
330,1361.0,0.5142599755851552,694.3108041584492,-2570.7496013492346,316.0898375343187,0.1591073207467447,8.27135132562958e-09
331,1365.0,0.5106600846303627,666.1543535813689,-1588.211948052049,254.27241247275867,0.0134749501760256,7.520822992051666e-09
332,1401.0,0.5193599871918559,686.5502510219812,-3070.6234741956,326.1151379587838,0.247260258729377,6.937932595039592e-09
333,1374.0,0.5128140239045024,725.2034373953938,-985.1310074329376,219.61322630801777,0.0156934518646613,2.1525202384481666e-08
334,1408.0,0.5391760111879558,724.9669128283858,-3442.082191631198,280.48735649578805,0.4958805378770621,1.7957688135513543e-08
335,1397.0,0.509665427650325,706.4839847385883,-2471.7548925429583,296.29633600365645,0.0598513730083153,1.3096741237531687e-08
336,1436.0,0.5255105057824403,744.2770440131426,-2965.919428691268,254.95320106244424,0.2551921309397851,3.151937196402308e-08
337,1462.0,0.5200992209278047,711.9683577492833,-3022.2676176577806,330.69559337894947,0.2637474465613625,1.1529425238132977e-08
338,1377.0,0.5134295407496393,698.7399457395077,-819.6178939193487,197.46338264370644,0.0119702833372749,1.2684413517489171e-08
339,1387.0,0.5290543690789491,702.9066027700901,-3171.011570468545,324.76901504932823,0.3859898987524328,9.702826465907204e-09
340,1429.0,0.5100484429486096,660.0000520423055,-1975.89700743556,263.5289216094124,0.015641212861095,6.7858881861984595e-09
341,1470.0,0.5125158790638671,746.2211187183857,-1424.4436483830214,219.6449043178797,0.0107102176280787,4.560785427308117e-08
342,1475.0,0.5268637061724439,672.3939989879727,-3316.269959136844,288.35601142972587,0.3124221208709349,5.6425902928083575e-09
343,1486.0,0.5164150193845853,717.2608496621251,-1624.6441081166267,266.5348196618599,0.121496040843114,1.3452837984635512e-08
344,1390.0,0.5150488285114989,721.7517356947064,-2848.2265949249268,320.9060002011349,0.1775900133158436,1.5289093853668142e-08
345,1413.0,0.5080936612142251,705.3745455294847,-3138.6743523180485,299.1103881982961,0.0405833671632077,1.5108376481794312e-08
346,1417.0,0.5208880711719394,681.7127554118633,-2400.279349833727,284.55211116106,0.2152670637694657,6.434056305052481e-09
347,1433.0,0.5172192291310057,665.387915931642,-3503.102590888738,310.9961323028295,0.1955595992198614,5.071301759466379e-09
348,1444.0,0.5325620368029923,736.7585473880172,-3344.1722754389048,264.739924207744,0.3777530082284323,2.533875130449178e-08
349,1404.0,0.5279423801647499,726.9725319370627,-3398.62694889307,323.1501655722834,0.368118419738169,1.7740899175796203e-08
350,1457.0,0.5166620103083551,674.2231269553304,-2102.887634932995,257.7837275200001,0.1148728450973624,6.099206844850747e-09
351,1420.0,0.5235556997405365,729.8841674998403,-1819.068906828761,161.91837637973734,0.1709687045939902,2.0267049319343933e-08
352,1438.0,0.5136086351564154,720.9206986054778,-2622.621082887053,311.9011477582096,0.1433267608103695,1.5489691668551683e-08
353,1478.0,0.5182854330725968,742.8309781849384,-2702.0996667444706,285.14668055489454,0.1756678826130771,2.8751395867038093e-08
354,1525.0,0.5092029078630731,674.4208457693458,-2840.479185059666,297.10743128079946,0.0541298561767446,6.980812392568407e-09
355,1534.0,0.5112690041214227,735.3133975341916,-3585.944165289402,301.4418683902561,0.0923466655570189,2.7824275536983604e-08
356,1550.0,0.5157597425207496,711.4840944111347,-3460.255317762494,333.9800313768782,0.2059623928551968,1.1650711410740204e-08
357,1425.0,0.5148654372058808,699.5202568918467,-1051.0375767946243,193.6787883037448,0.0344350397472193,1.1001876637357996e-08
358,1441.0,0.5129919639555738,687.8986019641161,-2787.5712007284164,316.3145233091081,0.1407906337825242,7.537824654979224e-09
359,1459.0,0.522941214540042,701.5605603158474,-3559.477816522121,336.0862028617117,0.3108664444737251,9.221127380455252e-09
360,1473.0,0.5120576790161431,703.2432200014591,-1846.001048013568,284.9801681586169,0.0788117430734118,1.058755627782535e-08
361,1489.0,0.5147171309543773,658.8501432165504,-2938.548746332526,273.5392705625207,0.1037958324660881,4.966389166795137e-09
362,1494.0,0.5223511350108311,727.5756749138236,-2075.4240207374096,266.68449883231864,0.2164582688803636,1.754876469942541e-08
363,1503.0,0.5378241840051488,706.8142218887806,-2896.820467337966,235.4139036668864,0.4431421948873765,1.1553252712970138e-08
364,1514.0,0.5102844434371219,729.462669081986,-1498.329933732748,258.56003550319554,0.0128024459119484,2.74515299389198e-08
365,1505.0,0.5138433516211808,670.4423707351089,-1299.9583449214697,193.3938189073509,0.0168379409515918,8.086134786180372e-09
366,1518.0,0.5153331637894735,750.057550445199,-2428.628844022751,240.0164538571537,0.0746164024248324,4.0601524718410666e-08
367,1561.0,0.5172435527434572,691.1361291632056,-3244.9549198150635,331.3008035221424,0.2235895612161313,7.56986173355111e-09
368,1585.0,0.5163724618218839,682.2249298170209,-1945.319489389658,267.60214686493464,0.1221755066779068,6.732291929402699e-09
369,1516.0,0.5245117607805878,715.2280988916755,-2758.248245716095,319.4094735107188,0.3138539966424491,1.2628421647336429e-08
370,1547.0,0.529785839621909,700.109672434628,-3120.3861728310585,320.26648496839925,0.3918872269085845,9.174414206447517e-09
371,1598.0,0.5121058993926272,737.3479054868221,-1723.9556897431612,248.16070959034025,0.0299091668174319,2.9637434228022995e-08
372,1491.0,0.5253030561935157,685.9521148353815,-2592.832657322288,286.0787590670444,0.2856286517441954,6.9453486480026655e-09
373,1497.0,0.5180817291885614,692.9311985522509,-1396.9740126281977,187.03323378008847,0.0862197697340885,8.924967142597575e-09
374,1541.0,0.5080686429096386,650.5639056116343,-2713.0329474806786,280.9514805852202,0.0104048075673874,6.6208242452250706e-09
375,1569.0,0.5130112584261224,668.6541394144297,-3064.237164705992,304.029338595518,0.122572373587088,5.559701973742688e-09
376,1574.0,0.5180363528756425,717.6544342190027,-2172.981008514762,303.46902920375175,0.1972702881354947,1.3293453863772288e-08
377,1578.0,0.510945207849145,727.7297694981098,-3362.474590167403,306.6328630343883,0.095632885207064,2.1897416254833427e-08
378,1601.0,0.5125612650997937,653.0614130198956,-2202.2093016654253,234.7225398564709,0.0238770684832996,6.074531891990392e-09
379,1513.0,0.5217342904722319,696.3681534677744,-3372.391501441598,334.00469041711165,0.2912106602170674,8.283687238308507e-09
380,1531.0,0.5310793815227226,694.9056001007557,-2994.7074104100466,303.1449778742016,0.3930261653675081,8.309293025211942e-09
381,1545.0,0.5206059604510666,674.7072340548038,-2551.64762288332,276.1525982093591,0.2001139136150585,5.845101182669706e-09
382,1564.0,0.5258053033519536,739.0877000242472,-2885.694912448525,275.2726547295181,0.2809552876294268,2.594436478847169e-08
383,1571.0,0.5264209918584675,706.9977280125022,-2495.272021740675,300.5516015636249,0.3199054494020681,1.0485497842294106e-08
384,1606.0,0.5189706207998097,733.0127118527889,-3149.706982076168,321.4126217595178,0.2354659553874795,2.049370443249921e-08
385,1610.0,0.5090010292222723,712.1652532368898,-2396.1577132344246,288.2991367537284,0.0367322699210252,1.6467452496487783e-08
386,1557.0,0.5103326109237969,696.06803227216,-2072.380283474922,289.304326594167,0.0588714132476158,9.850526591532583e-09
387,1587.0,0.5227523400867358,662.621273547411,-3188.823721557856,252.83661033983435,0.2083853134401965,5.170250542375281e-09
388,1620.0,0.5282139302324504,715.7408291846514,-3218.490716814995,326.3895546283282,0.3755533947449453,1.3054389487645913e-08
389,1603.0,0.5272893204400316,691.6382898762822,-3432.0348042994738,329.42945509690327,0.3655078914360311,7.698482142273865e-09
390,1619.0,0.5246312205027789,677.9504836350679,-2358.847183361649,202.99842518787955,0.2053441158549695,6.7813980530274595e-09
391,1648.0,0.5350479939486832,730.0519949942827,-3569.5215560495853,297.7389994495371,0.4475922409643174,2.0437625992662525e-08
392,1617.0,0.5141205634130165,697.7892583236098,-2913.256407156586,325.0378984335688,0.1699801997863795,8.870376805790445e-09
393,1641.0,0.5211440180754289,660.2999443560839,-3375.662797316909,271.7244935756768,0.2031534136516521,4.867957712502051e-09
394,1653.0,0.5097938695875928,681.4265960082412,-3011.231340095401,307.24129344443617,0.0793902120784463,7.572562021640948e-09
395,1633.0,0.5135662056691944,693.3856370672584,-951.7232123762368,203.45798611427432,0.0177227034547051,1.0873619485119469e-08
396,1646.0,0.5149135281657801,726.1258006840944,-2523.2998453080654,307.69456001115816,0.1565240409864831,1.7351195417233544e-08
397,1630.0,0.5129520701617003,722.7071724087,-898.7307451665401,213.19755252063487,0.0134889179793275,2.0575016869551625e-08
398,1676.0,0.523781577614136,718.026871457696,-3497.937886789441,334.1972373735564,0.3206336712052341,1.3512797933168141e-08
399,1657.0,0.5195831774920225,705.5717845633626,-2302.7260165661573,310.9255999272054,0.2305452557273248,9.985804756553835e-09
400,1669.0,0.5083057719795033,686.249786503613,-2346.073119342327,290.2524232242952,0.0292044713020753,9.544923775297446e-09
401,1673.0,0.5210274102538824,706.6376217827201,-2971.3020220398903,329.98349897010985,0.2761806268820861,1.0224883852334816e-08
402,1662.0,0.5119464375823737,740.5024554207921,-3162.1150620281696,286.76733578746314,0.0798238445972778,3.212180695380066e-08
403,1678.0,0.5159969138354064,747.1708944067359,-2027.290462329984,219.9668376939306,0.069390392518004,3.60832932315123e-08
404,1665.0,0.5117742098821327,673.270433023572,-1362.9296220839024,240.7888585285365,0.0166788053619179,8.00385247765051e-09
405,1691.0,0.5332151709590107,682.7922527864575,-3268.575203418732,277.3247450252337,0.3996786319842707,6.814497039378579e-09
406,1747.0,0.5250880761351436,706.1446006968617,-2721.3247183710337,318.2299191477855,0.3208986174931954,1.0232418453615668e-08
407,1802.0,0.5094721400411799,722.4957861751318,-3573.4602626413107,303.74180775725006,0.068951049764218,2.1301920833134525e-08
408,1835.0,0.528622188679874,690.1294161006808,-2881.261767446995,299.69871439891125,0.3522136405753885,7.519896552357668e-09
409,1781.0,0.5093285167170689,657.2324107587337,-2476.345808431506,274.8857366181331,0.0206829485350414,6.222936786887695e-09
410,1785.0,0.5193022325262427,677.6184440404177,-2777.696899697185,304.9254901131523,0.2182781092745579,6.0014294172979594e-09
411,1812.0,0.5292401034198702,718.4550937265158,-2484.157795831561,270.2957882071008,0.3300101756433509,1.41517327831404e-08
412,1685.0,0.5099103886447847,671.6239080578089,-3450.983521342277,309.8019640768731,0.0852056824903993,6.369761358118613e-09
413,1745.0,0.5145805518655107,669.4925950467587,-2377.6341263204813,274.7336405341191,0.103295433174419,5.676704988501418e-09
414,1749.0,0.5111244729114697,690.0277384743094,-1563.3595313876867,267.71385885993897,0.0386572435004676,8.912666286129898e-09
415,1777.0,0.5155860932497308,704.1921910271049,-1661.5676958113909,274.26880745780136,0.1185212247870412,1.000894448417432e-08
416,1809.0,0.5152070970321074,708.0180497094989,-2184.2102207243443,306.6671072345388,0.1594080012818655,1.0825443764996885e-08
417,1814.0,0.5214649776602164,745.7905210182071,-3040.191687270999,283.7270310817141,0.2231681987212122,3.2253977867608385e-08
418,1694.0,0.5133814047789201,730.7293535768986,-2750.6734762340784,303.33507369779875,0.1270825465609606,2.0925564209410723e-08
419,1699.0,0.5261753655504435,675.3099478781223,-3027.4335019290447,281.38303035434615,0.2937019783024818,5.909917502875191e-09
420,1718.0,0.5202344428189098,739.6597222238779,-2461.7933224886656,276.4749673913752,0.1946750734733606,2.5614313346036938e-08
421,1729.0,0.5122740115784109,685.0998329743743,-3524.4303602725267,326.88337514172827,0.1459477228228717,7.304151273038989e-09
422,1769.0,0.5216099717607722,692.0115210488439,-2112.3215910047293,278.2062024566737,0.2184597235260456,7.697901126274984e-09
423,1788.0,0.5276168122934177,748.9782821759582,-3353.1678445637226,227.76050085222565,0.2690215067378542,3.964694560182444e-08
424,1829.0,0.5067236344050616,679.1970485448837,-2951.937411725521,296.20896927757747,0.0149241560969829,1.0192750383860233e-08
425,1713.0,0.5167890621908009,654.1489086300135,-3324.724064022302,265.82396474087614,0.1265779259494457,4.687946268439313e-09
426,1766.0,0.5174171580933035,728.4998728334904,-1447.9684621095655,213.96515153331865,0.089297388230047,1.8960260958381075e-08
427,1772.0,0.5242981566954404,732.6536427438259,-2668.429561704397,292.77872743055144,0.2782596630911087,2.0648651619660607e-08
428,1790.0,0.5114812141284346,716.3073582202196,-1896.9664759933949,281.0537623347858,0.0638597969467825,1.5037661814203962e-08
429,1811.0,0.5243962994776666,667.6191594451666,-3428.057775646448,292.1550932922829,0.2789978955795133,5.236156066348162e-09
430,1838.0,0.514414817248471,738.2715954631567,-3249.7090984135866,308.3796128997924,0.1500920707061822,2.6008187804777263e-08
431,1697.0,0.5127688507689163,700.4737483337522,-2698.189180344343,317.66377949387703,0.1395227534926459,9.673648904446162e-09
432,1702.0,0.5176204813970253,753.2176380231977,-3554.0972616523504,282.7223097930828,0.1620130332793342,4.3919258456683816e-08
433,1710.0,0.5142998292297125,719.9717275798321,-1112.577459588647,214.7102339335152,0.0372343860652073,1.6600247384532327e-08
434,1715.0,0.5231657218048349,690.565451644361,-1870.0634635984893,198.75644460687616,0.1784279879952754,8.252619908651226e-09
435,1722.0,0.5076930097630248,715.0403191149235,-3073.6189048737288,290.6510599597855,0.0204412501987798,2.212172816208457e-08
436,1732.0,0.531820781477727,726.4890826493502,-2943.7130078673363,277.08370599530616,0.3775357476106252,1.7938311767203372e-08
437,1750.0,0.5222226937441156,724.0817014873028,-3296.8235582113266,330.2394138787197,0.2936554236488976,1.5795508397486612e-08
438,1760.0,0.5370716786989943,712.7345574647188,-2817.736791819334,215.079765091569,0.4211483535244723,1.3453128095858382e-08
439,1787.0,0.5312050956534222,697.2130876407027,-2433.7934475392103,205.31663487416543,0.3179357190886361,9.470051495377336e-09
440,1793.0,0.5115382736828178,661.5743917226791,-2824.893247336149,283.4059532137025,0.0683364008103419,5.402303537797215e-09
441,1798.0,0.5192024043109268,732.1170485019684,-1961.8719544261687,263.12438198553,0.1619724580726708,2.0021564205843e-08
442,1801.0,0.5205278505431489,688.3319455757737,-1733.209079504013,210.0988561423912,0.1395071014244225,7.900872589603718e-09
443,1807.0,0.5346671914309263,704.0899349376559,-3008.068837970495,292.2137703425804,0.4365063167898487,1.0234148768420384e-08
444,1845.0,0.5086799826333299,693.706855289638,-1833.050099015236,281.3247416124232,0.0205466826530727,1.1201273884123666e-08
445,1872.0,0.5359943215874955,720.1909413933754,-3330.287501960993,300.4829833917101,0.4645013687169947,1.5308344463204425e-08
446,1891.0,0.5254169681854546,698.6007843539119,-3220.8296198397875,330.25195832518494,0.3395230207550678,8.750520226879842e-09
447,1898.0,0.5099442641902715,738.0737921595573,-2635.158522427082,270.0648643504366,0.0232383295176953,3.687521479771639e-08
448,1902.0,0.5149696600530297,743.3215154334903,-1762.8691144287586,220.7466922396989,0.0527036886030947,3.2283659356875594e-08
449,1822.0,0.5139695853460581,712.4263095110655,-1512.6266945153477,264.13128328459976,0.0793015116446787,1.255508639598285e-08
450,1857.0,0.5124007550487295,696.8545958772302,-1162.5026766210794,241.6250366299129,0.0278439487060052,1.0506998990947798e-08
451,1877.0,0.5105589227285237,708.3329421654344,-2800.5754720419645,308.88617591246344,0.0934095143317214,1.2819298362888742e-08
452,1881.0,0.517720092353411,684.6711806580424,-2513.285968825221,306.803096963892,0.1971703684534508,6.739434219518329e-09
453,1908.0,0.5300855958415196,734.034072458744,-3457.285317778588,304.6940919791838,0.3797439276171352,2.249189384143115e-08
454,1921.0,0.5117808952461929,689.7703469917178,-2458.7489180266857,304.663575011024,0.1050767315059406,8.081180890700795e-09
455,1945.0,0.5170947420690208,709.4509458914399,-1107.9932525753975,154.73169841616328,0.0565669276354949,1.285428849045072e-08
456,1953.0,0.5128964018356055,656.9695565104485,-1602.0402945578098,210.75769967613505,0.0109251268670864,7.475712724753618e-09
457,1973.0,0.5091020768368617,658.135415315628,-3211.529526114464,289.62011263870573,0.0404271627080586,5.6922053275489425e-09
458,1977.0,0.5188254776690155,667.2806038707495,-2053.018194437027,151.41961333516332,0.0855456025613551,6.413847021702228e-09
459,1868.0,0.5230677962815389,741.5520829334855,-2854.6779178082943,281.9955485600902,0.2459524068269836,2.7763291662387466e-08
460,1894.0,0.5169279805431143,716.7429637163877,-2910.802517831325,327.06867495806955,0.2133902237398518,1.3081027002094054e-08
461,1905.0,0.5161625170242041,692.439745105803,-3124.351728335023,329.4782740347292,0.2056288796638501,7.802869508119481e-09
462,1979.0,0.5322255015885458,707.4484093114734,-3507.369804382324,328.8113635881029,0.4358678502785582,1.0919675584515924e-08
463,1989.0,0.5073102616379037,689.0892315283418,-3412.6055862754583,302.0611777610386,0.0336552610555393,1.1130856694056252e-08
464,1998.0,0.5164954966772348,748.1932429596782,-2760.7444904744625,268.569011692648,0.1253764929091236,3.60808014381142e-08
465,2009.0,0.5180012525664642,652.6107880473137,-2988.352767750621,204.2969222767045,0.0934733405820473,5.184239610965885e-09
466,1849.0,0.5185877913702279,699.092888571322,-3484.408915042877,335.48607314027663,0.2482274166296583,8.744675811362954e-09
467,1865.0,0.5203795683477074,669.9285724759102,-3164.6771248430014,302.8029977611429,0.2316136926613261,5.363948392248189e-09
468,1934.0,0.5159957135887817,729.8036032170057,-1323.3569238334894,204.83742023290267,0.0597550514742625,2.0492669190454188e-08
469,1942.0,0.5212217116961256,710.1110452413559,-2672.3532747477293,322.94086151576425,0.2701997444783491,1.1055120729476436e-08
470,1852.0,0.5269682676484808,710.687215924263,-3096.570721641183,326.5563885633306,0.3577377194131708,1.1444606104004636e-08
471,1889.0,0.5135045886645093,677.1828966587782,-1991.5397007018328,271.06215817533734,0.0811741904989627,6.498029260751938e-09
472,1939.0,0.5239827025122941,699.6594176068902,-2109.174136072397,273.60144286782776,0.2502903237401616,8.965184378093642e-09
473,1951.0,0.5366834285249934,693.3414060994983,-3155.398274213076,274.3372265242811,0.4516027597256527,8.372792373247111e-09
474,1961.0,0.5218364919396118,683.5911384597421,-2732.397557795048,307.6870904936593,0.2598383246830892,6.597957100659607e-09
475,1982.0,0.5125730097386986,719.0279098600149,-2961.7687974125147,317.42856407043934,0.1362984029759466,1.5266572826380295e-08
476,2014.0,0.5131770126568154,733.4633949398994,-2135.857207328081,274.71329167201014,0.0811273494746454,2.317563772857196e-08
477,1870.0,0.5167772999498993,723.6456677317619,-2283.859582990408,303.8792840979421,0.1789248049852923,1.5717545975243735e-08
478,1884.0,0.5260347149521113,725.1082246750593,-2155.742997676134,240.89830343119417,0.2518277426229044,1.6976782179995362e-08
479,1937.0,0.5147903672466054,676.0803377628326,-3563.7386061251163,326.23797695064667,0.1813713841408764,6.0213700758507394e-09
480,1964.0,0.5247719336301089,731.7477869987488,-3286.732702329755,320.6619459278806,0.3191338692576274,2.0124842697758424e-08
481,1993.0,0.5199134865868836,698.2325599715114,-1901.2125369161367,276.32085799794186,0.1894296196130529,8.646892583556541e-09
482,2011.0,0.5327196196839213,693.0117673054338,-2645.012364909053,210.956266869092,0.3459834700242348,8.781083944218031e-09
483,1995.0,0.5304117090394721,676.5843313187361,-3370.0121339410543,284.30442882344295,0.3628782407447137,6.081702045195052e-09
484,2001.0,0.5145982235576958,686.0473266616464,-1450.2387005835772,235.1842056973674,0.0580612443285113,7.950134791309986e-09
485,2017.0,0.5137916282797232,705.1289129629731,-3313.88414092362,330.70976581420194,0.1732932790183135,1.0413814541443431e-08
486,2053.0,0.5079163599479943,699.9567327648401,-3582.392954081297,306.03862547421227,0.0493649529737314,1.3331314740672628e-08
487,2084.0,0.5327391298627481,727.6501652225852,-2872.28793092072,247.3634967519222,0.3667477017939668,1.8969813099342208e-08
488,2101.0,0.5085149176465348,689.3421579152346,-1606.2476210296154,277.9010735489257,0.0125485958759826,1.1035960677552718e-08
489,1990.0,0.5184043411398307,721.2754722684622,-1686.6396814584732,260.68622665133915,0.1463221367538151,1.4750110495079222e-08
490,1996.0,0.5227829460194334,717.1070396155119,-2429.648693650961,308.0529868385236,0.2744250927347529,1.3144276266736742e-08
491,2005.0,0.5110244036745281,672.5426911562681,-2265.7858561724424,281.3323410490461,0.0571527893499245,6.416795087237179e-09
492,2022.0,0.5173884839797392,740.9453851357102,-2373.279945552349,273.68032077380053,0.1461963923883024,2.7021893546633163e-08
493,2033.0,0.515702657988295,660.750141069293,-2588.633531704545,252.8374821621864,0.0937382901270564,5.278430371383215e-09
494,2048.0,0.5389987314632163,711.5802427753806,-2999.465468153357,243.61118049293023,0.467012512252404,1.2847578599617517e-08
495,2065.0,0.5153941946895794,704.8845077306032,-1507.497100532055,260.40673870238174,0.097519814360473,1.0355477118671509e-08
496,2078.0,0.5137831790279597,715.6227376684546,-2192.979143187404,301.7132189131572,0.1306872007214773,1.3385642052427718e-08
497,2097.0,0.5164877125294879,672.0896540954709,-2531.651070713997,285.5489957577662,0.1483509700439789,5.660211935085243e-09
498,2134.0,0.5218222927022725,737.0927613601089,-2504.6277679502964,281.0282499972026,0.2253144106123265,2.356838640954e-08
499,2035.0,0.5234008580772206,684.0960470959544,-2932.200527563691,313.7350288416366,0.290670971001504,6.669693615298183e-09
500,2054.0,0.5190146632585675,725.9321113303304,-1742.1967092901468,255.2891353705448,0.1501860107667397,1.67685840284428e-08
501,2081.0,0.5131690783891827,685.8215770870447,-3258.3537206053734,325.1956657742809,0.1564282563415978,7.233539745730243e-09
502,2099.0,0.5227641218155623,703.1081046164036,-3101.714095473289,331.0896322314389,0.3024416375267082,9.514143646593206e-09
503,2129.0,0.5141911371517927,656.715738736093,-3395.65733782947,288.8436070257616,0.1176243435503195,4.731932836772582e-09
504,2020.0,0.5335086861811579,723.2855615019798,-2704.588602483273,213.0152696781784,0.3602036451241906,1.7297852115268733e-08
505,2060.0,0.5233811755664647,735.710782893002,-2261.729645356536,248.5741578737936,0.2146628391858035,2.2927608508917643e-08
506,2076.0,0.5256876943958924,750.1609656959772,-3422.804645821452,256.42411669141893,0.2594467159502026,4.0317277005089545e-08
507,2115.0,0.5273897230252624,674.1203697398305,-2845.7031156867743,222.9392707652675,0.2623452325209385,6.316751171029534e-09
508,2143.0,0.5372980758734047,697.5905422866344,-3324.993817135692,300.60786563977,0.4843155779055335,9.027111877066938e-09
509,2153.0,0.5212083707656712,709.2270255833864,-2902.047174051404,328.5515771465812,0.2770097313277175,1.0834570444971485e-08
510,2158.0,0.5148045886959881,744.5815891772509,-1986.1902192234995,235.33990474114728,0.061619300283309,3.340667571508181e-08
511,2038.0,0.520705763688311,725.675547644496,-3536.2775534391403,332.8593500327788,0.2751286003640103,1.6448478311178408e-08
512,2090.0,0.51101638416294,746.7715813219547,-2943.1144762784243,262.32136339805743,0.0295421089286449,4.675732904447105e-08
513,2102.0,0.5199221068294719,721.4845447614789,-3478.9358977228403,333.84147323295963,0.2651594401905547,1.46373482566364e-08
514,2113.0,0.5125865230010822,701.1652635037899,-2289.319035038352,304.9292267199099,0.117570497122973,9.874056791706812e-09
515,2118.0,0.5188114285515621,752.5262205302715,-3173.3224980533123,267.6925575524865,0.1611734135842928,4.2337084145211256e-08
516,2126.0,0.5165894780959934,719.2863063886762,-1153.624051809311,180.50792759492623,0.0577247425141386,1.5763314761389384e-08
517,2156.0,0.5239858197001741,721.0556137189269,-3229.694451391697,329.4413419014492,0.3180346601854416,1.4649016185065553e-08
518,2190.0,0.5161601408803835,727.3084839805961,-2453.661334142089,306.12435520267155,0.1728788489974658,1.7575136248610613e-08
519,2037.0,0.5093053356837481,699.744202233851,-1774.2490734905005,279.1907583446865,0.0269610054895156,1.1964466119343276e-08
520,2057.0,0.5207135256240144,694.5707280933857,-1956.52322396636,271.8480650411428,0.1964820820118003,8.101725556847093e-09
521,2069.0,0.5102228973852471,654.6430360153317,-2433.509639650584,266.372356745554,0.0223861678930342,5.987709901650586e-09
522,2073.0,0.5173964391183108,678.3029660210013,-3045.5549485981464,318.36355629633766,0.2083637998816484,6.098321494161888e-09
523,2131.0,0.524774192511104,687.5005585700274,-2164.7307347506285,231.608288737634,0.2241860278428412,7.583852965792486e-09
524,2145.0,0.5136689686821774,675.8666905388236,-1771.8577098101375,252.43929105823227,0.0602101663720659,6.717093151409866e-09
525,2174.0,0.5117949234927073,730.0145049765706,-3129.714024066925,304.9622112587234,0.1057503590691548,2.2197603390034883e-08
526,2165.0,0.5097287470195443,669.0647291764617,-3268.869471922517,303.26693234947226,0.0720440933362259,6.182874517021962e-09
527,2185.0,0.5209953724825755,659.1173913702369,-3334.178891032934,261.5372771576709,0.1889736873177545,4.8903709722182675e-09
528,2197.0,0.5099418230028823,682.5808123499155,-2857.5997687876225,305.0922145746743,0.0781696116336621,7.671816386360371e-09
529,2228.0,0.5308880960568786,715.019215606153,-3512.6644615083933,329.23020081680045,0.4170407501781476,1.30068643577638e-08
530,2257.0,0.5144344453606755,681.0353510081768,-2127.048165723681,284.2304924648775,0.1145927118224867,6.606583486436493e-09
531,2283.0,0.5292313860310242,700.8243905007839,-2713.192730024457,298.600564466346,0.3602220417041586,9.289039143648838e-09
532,2293.0,0.5094911465514451,697.2506134212017,-2000.955206528306,285.19029814047803,0.0393243710143908,1.0841420813637184e-08
533,2305.0,0.5114780006324873,703.9389193058014,-3469.243048131466,326.58954032716014,0.1340185372065325,1.0956644257391398e-08
534,2310.0,0.5193046087538824,742.1352761983871,-2556.790037825704,277.1901293740685,0.1809732052330994,2.7965058951386733e-08
535,2321.0,0.5151921398192644,657.6856912299991,-2320.3360229730606,218.359554723528,0.054749653659699,5.701546272423225e-09
536,2171.0,0.5316053222678602,681.6380648314953,-3452.0329389721155,303.22223103426023,0.401018057292094,6.562943145722957e-09
537,2204.0,0.5254035307792947,722.0922653749585,-2100.5835872143507,251.14337932220576,0.2499736082963342,1.542427476707269e-08
538,2250.0,0.508699504127726,726.5687157586217,-3403.960206359625,289.522375511222,0.034069974838224,2.7565715679534847e-08
539,2260.0,0.5286143295979128,730.6130703166127,-2653.7119187414646,260.2332754725476,0.3102803908945712,2.005109418611409e-08
540,2308.0,0.5312183401081711,722.5937298312783,-3111.7279786616564,306.09387373595706,0.3982009025241487,1.593180796809617e-08
541,2348.0,0.5250746593484655,714.5173193141818,-2500.6343241781,305.5985336739549,0.3056562581796718,1.243882077391762e-08
542,2353.0,0.5162087694555522,684.8867318034172,-1718.4825584292412,251.36457025970887,0.1003725025210684,7.246327137867195e-09
543,2211.0,0.5260207625618205,694.2353482544422,-3278.019569814205,329.10013567093955,0.3469046434997062,8.043426265045458e-09
544,2225.0,0.516774065499194,696.6280774027109,-2956.5843790769577,328.3486984445412,0.2128981623057215,8.407028553421676e-09
545,2241.0,0.5121704798610881,665.5892461165786,-2769.568183645606,288.45562537023534,0.0858777207236911,5.515406341223323e-09
546,2259.0,0.5250206335401163,663.312789388001,-3597.695590183139,276.6364962212138,0.2701514721140087,5.042296958421787e-09
547,2281.0,0.5214453704189509,673.5530467703938,-2368.191610649228,237.38810866015683,0.1732945600783929,6.107331925296754e-09
548,2297.0,0.5191829471895472,688.1072563678026,-3541.3512501865625,333.93657185220883,0.2547344901689074,7.138538671172527e-09
549,2177.0,0.5116157873440534,692.1952576190233,-1332.0563703775406,255.61390219168047,0.0306216325310935,9.534344869681313e-09
550,2181.0,0.5083825275395065,668.2625513151288,-2144.905035942793,281.1681614327388,0.0156533576192104,7.611658813144808e-09
551,2192.0,0.5352193147689104,730.7668724283576,-3160.651410743594,239.7956554026457,0.4025371071529338,2.1397601208300244e-08
552,2201.0,0.5169310440029949,702.5145460665226,-2681.273037940264,324.0495680787899,0.2093424254996802,9.445006084459589e-09
553,2246.0,0.5185688492329792,720.7194256410003,-1906.4108423888683,282.41883655533496,0.1763737123028149,1.4382918784575925e-08
554,2270.0,0.5133428554842249,738.5313903167844,-1455.6560352444649,225.01629200991752,0.0286686515782042,2.980690997688064e-08
555,2300.0,0.5277653615362943,736.4983945712447,-2926.796865463257,273.1259053760639,0.3095570842426784,2.407018479164917e-08
556,2323.0,0.5242842249246314,686.6624625772238,-2891.154357790947,313.1937337074488,0.3030635065055978,6.976740762225143e-09
557,2214.0,0.5177226408291609,736.0493384674191,-2741.220499947667,304.3798058494062,0.193827160139827,2.2732985867260363e-08
558,2218.0,0.5105559665570035,710.9758337959647,-2579.6154487878084,302.22754554849695,0.0828362725259914,1.3725352020045281e-08
559,2244.0,0.5319767587631941,744.0095669776201,-3361.29803583026,171.0255424645871,0.3192875942986429,3.4591848514247064e-08
560,2261.0,0.5111888266075403,679.4223430380225,-1145.994122698903,244.3250217128848,0.0107119820785454,9.312195625594856e-09
561,2286.0,0.515225866837427,712.6383807137609,-3304.950477182865,331.8311695978214,0.1954070175849065,1.2064411096150985e-08
562,2206.0,0.513502062400803,743.559594899416,-3568.813268467784,300.0516136066141,0.1239355743211877,3.288756115385702e-08
563,2227.0,0.5230536934360862,678.672227524221,-2624.92553293705,281.43487093022765,0.2450435138760947,6.173834884303675e-09
564,2243.0,0.5269768127053976,709.5645583420992,-2424.340471252799,291.1807382652318,0.3174288251978384,1.115154102286559e-08
565,2249.0,0.5197482858132572,698.8502339273691,-1678.0492398887873,248.151869470311,0.154874939715078,9.0274407790218e-09
566,2255.0,0.5340415621129796,684.9598036706448,-3065.3965529054403,243.6590398217784,0.3855723573157386,7.427715789691878e-09
567,2326.0,0.5216124979406596,728.7401242181659,-3239.825439825654,326.7231581446489,0.2805756228798118,1.8031155559378346e-08
568,2398.0,0.512787599619478,720.2101496979594,-2918.4948921203613,316.58250986737687,0.1381859303340088,1.5636891597149537e-08
569,2422.0,0.5210084904124961,713.147228397429,-2293.75217333436,307.3446734000618,0.2470330583885829,1.1865214809335026e-08
570,2433.0,0.5119386757304892,679.7493119165301,-2032.5841471552849,279.593890969539,0.068810233404464,6.920870513084327e-09
571,2438.0,0.5195918200304732,714.1764463111758,-2980.0015825778246,329.70061164471247,0.2552036101037206,1.2153027751639672e-08
572,2442.0,0.5097860209830105,738.7958780303597,-2340.930711105466,265.6026018070287,0.0143213558412437,4.019215030186285e-08
573,2325.0,0.5105183359608054,700.8971163630486,-1395.7016162574291,265.40614556157544,0.0257583988310215,1.1704535419688433e-08
574,2342.0,0.5182007751381025,724.3106250092387,-1503.1823817640543,228.2688505051168,0.1123010787424571,1.6507021427717665e-08
575,2347.0,0.5285176259884611,679.1741783544421,-3412.902369350195,309.42353244028106,0.3614817145561009,6.240002468394235e-09
576,2357.0,0.508711463175714,675.6004012748599,-2644.3852342665195,292.71844405705,0.0394713466679965,7.477290071980356e-09
577,2393.0,0.5176008532010019,666.0984657332301,-1981.6454742103813,164.98698687740043,0.0689591986973125,6.403993611025745e-09
578,2419.0,0.5237901020515711,702.2560325264931,-1925.276954099536,250.76846860838828,0.2233355845960727,9.655214886524341e-09
579,2341.0,0.5068004309525713,690.2713406085968,-3371.0641734302044,299.3911332112786,0.0214670962038799,1.2570013709289748e-08
580,2345.0,0.5222257349081337,695.2032723277807,-2167.728623002768,285.7120058767265,0.2375036365432767,8.130920129768847e-09
581,2366.0,0.5122716563893482,734.6172663941979,-1954.18432764709,262.30473916206256,0.04968499895616,2.5660200196455813e-08
582,2389.0,0.5107215063786135,661.164732016623,-3507.979929819703,301.1856473397965,0.0836804473155247,5.335949162780978e-09
583,2401.0,0.5134010119363666,688.6087226122618,-2528.4432258456945,310.1568343037424,0.1376437079938346,7.572601690142887e-09
584,2449.0,0.5149055729433895,693.1317037343979,-2745.365247130394,321.1523000952986,0.1758508330089017,8.011515988136356e-09
585,2475.0,0.5282329473877326,703.6027312278748,-2088.7363873422146,190.23941344933723,0.2612959515736066,1.0721196824922322e-08
586,2380.0,0.523173731258139,729.1882670298219,-3440.8037200570107,328.7812121880117,0.3055770265561087,1.8414356289703906e-08
587,2426.0,0.5083253140933812,733.9946584030986,-3016.5388114750385,278.20479704973525,0.0100515073611912,4.2412061822631866e-08
588,2435.0,0.5280602297652514,695.5363347381353,-3489.128838479519,331.4441469812118,0.3787324352126381,8.324099345687735e-09
589,2480.0,0.534451088574715,719.0087303891778,-3399.9818097800016,313.74813821614833,0.4538860207685242,1.4697436863856485e-08
590,2350.0,0.5145780033059418,751.2224289029837,-3055.3594049066305,265.31352138343755,0.0905717016680193,4.3228567225799344e-08
591,2395.0,0.5324167240643874,708.1324880570173,-3213.141993060708,318.4667663544596,0.428531209168991,1.1084639627295346e-08
592,2446.0,0.5158317566476762,740.7609652727842,-1353.9968233555555,163.04692602501035,0.037629468609217,3.078605098716135e-08
593,2476.0,0.5246117104077712,742.7059537172318,-3036.352520808577,279.408078438502,0.2669611802677152,2.9318984376425883e-08
594,2489.0,0.5189784050313756,687.2610279172659,-2470.3974433243275,306.63080905267395,0.2157450924627114,7.025534977289221e-09
595,2373.0,0.5077120368927718,704.6786164492369,-2401.562126353383,288.52149894689137,0.0172100362972781,1.6281078751648842e-08
596,2377.0,0.5202150079933927,680.5334565043449,-3140.828256681561,321.84729149657426,0.2541614944636655,6.274831946817763e-09
597,2385.0,0.5142857159068808,700.2159561961889,-890.0724437087774,182.33129764629467,0.018973826641936,1.2217250049899293e-08
598,2417.0,0.516016371040605,673.0442572012544,-3156.9863330572844,314.8990198569094,0.1832583958792317,5.690129109426364e-09
599,2473.0,0.5219441032968462,670.6428763642907,-3545.5076716840267,316.0584562904513,0.2720935564257762,5.410771898207105e-09
600,2452.0,0.5288493154989555,735.2239641919732,-3273.773515596986,297.1853907154922,0.3528546451243208,2.320173429356836e-08
601,2510.0,0.5163865110231564,737.5873897597194,-3515.8398047089577,320.82922751218086,0.1969963269379733,2.428110078883992e-08
602,2517.0,0.510959322093986,692.9925804585218,-2240.18947519362,296.2354878450782,0.0794506820630108,8.902243791812324e-09
603,2529.0,0.5138169256597758,664.1710073128343,-3008.7887194007635,293.50404528909087,0.1188435079921213,5.1919651774943635e-09
604,2561.0,0.5112548800697551,683.93495362252,-2015.68992510438,283.0737271773295,0.0634171403217893,7.559352369581038e-09
605,2574.0,0.5158184381388128,735.5716194957495,-1794.0849412232635,249.62063353800727,0.0921483985993052,2.325322394607571e-08
606,2580.0,0.5295224627899007,741.343428529799,-3474.4076516479254,280.6690418910168,0.3451845019741859,2.9136936740478572e-08
607,2465.0,0.5129545328905806,697.5757244229317,-1121.4002877473831,233.0565913388156,0.0289062691139683,1.0619859853991468e-08
608,2478.0,0.5141120932064951,722.9312625899911,-2692.7855249494314,313.7921065232082,0.1535675028338946,1.6144777700107597e-08
609,2507.0,0.530573304546997,688.9472781866789,-2952.6327777653933,289.6001334058829,0.3709749621692284,7.432362376532229e-09
610,2513.0,0.5147463474189863,668.4100768342614,-1257.8768458217382,150.03598092682725,0.0141600099555441,8.416738132149747e-09
611,2550.0,0.5205919322883711,745.068464204669,-2772.3894216120243,274.3108970505168,0.197591165712683,3.126282403913687e-08
612,2582.0,0.521747728548944,723.3855721354485,-2243.3050956577063,293.7092722753485,0.2404093481581959,1.5468319817605553e-08
613,2604.0,0.5253005083883181,733.8327422738075,-2815.551928058266,293.62833918236163,0.2946318128622073,2.1589899935414242e-08
614,2629.0,0.5074846945330501,687.4139783158898,-2969.0683018416166,297.6696078390567,0.0289513087042,1.0532326118131792e-08
615,2485.0,0.5089923223108054,707.6488918066025,-3068.379447609186,303.53182096733553,0.06139917457346,1.4379459866985804e-08
616,2524.0,0.5264241296658293,713.7447709217668,-2716.2371277809143,312.9810512129268,0.3344522770842021,1.2283213817765269e-08
617,2531.0,0.5258075828524307,680.1917752623558,-2663.2451500743628,267.15973611281106,0.2721426841362875,6.456685978654647e-09
618,2543.0,0.5355176366772503,705.2799569815397,-2826.395958289504,256.286214080892,0.4184928815242542,1.0786633327470349e-08
619,2579.0,0.5245086979912594,704.9650729075074,-2537.5663809478283,310.9409540814244,0.3036651022847456,9.948421055304316e-09
620,2585.0,0.5172720171837136,696.1257502809167,-1564.7168934345243,248.3136416296667,0.1145442026918238,8.704898802494975e-09
621,2602.0,0.5109194272942841,717.7157320827246,-1443.1460615247488,261.79464849781795,0.0272822154683746,1.7127162797581573e-08
622,2501.0,0.5072905012592673,676.6071731224656,-2882.740070298314,295.13380094939987,0.0217525919019518,8.819320394677087e-09
623,2534.0,0.5172293312102556,729.5203066244721,-2117.616241425276,286.7560001300739,0.1615332409525371,1.8560037269035108e-08
624,2545.0,0.5157732767378912,708.7402086704969,-1888.253350183368,291.442289742318,0.1457739084678406,1.0939243826715958e-08
625,2577.0,0.5153192326053977,670.1887252926826,-3106.345271319151,308.791478257023,0.164172024126293,5.497826345947167e-09
626,2601.0,0.5223650880716741,692.7072221413255,-3202.922344207764,330.3524582281736,0.295835561254502,7.741769995356609e-09
627,2521.0,0.5180229896493256,701.6525104641914,-3302.2407922893763,334.0362091424574,0.238317235857966,9.223342865846774e-09
628,2548.0,0.529782872805372,719.6165911480784,-2442.616382986307,252.51273707741672,0.322455180232675,1.4808732737315268e-08
629,2622.0,0.5120444132713601,717.4718093127012,-3418.282823637128,323.9455379447792,0.138292212754135,1.4980120565580857e-08
630,2636.0,0.5229601560067385,719.1910918802023,-1986.8113584816456,267.8819659799062,0.2275264113923271,1.3966643334240656e-08
631,2645.0,0.5108471239497885,670.928463563323,-1808.017655834556,263.27640511891616,0.0281079460261791,6.9682534504466946e-09
632,2657.0,0.5136173518747091,699.2944476380944,-2842.918587103486,322.9474063555382,0.1596732561246457,9.237410309799801e-09
633,2677.0,0.5098312828829512,705.6276446953416,-1345.034785196185,266.6704245188975,0.0165536296368145,1.4086508409072816e-08
634,2538.0,0.5103458668617532,723.1876466795802,-3192.6314257085323,304.1493146848007,0.0827289627048315,1.988664838952653e-08
635,2547.0,0.5235437890980393,666.4575348421931,-3358.3651911467314,286.5393766272647,0.258950702019829,5.164928452899725e-09
636,2558.0,0.5112947219796479,711.7129338905215,-1666.6414931416512,273.68294224033843,0.0499221480894236,1.3647384170535997e-08
637,2613.0,0.5085734001547099,656.5220907330513,-2783.425699174404,282.48767586355297,0.0207412662157391,6.218184301974653e-09
638,2617.0,0.5182995365886018,676.4539938420057,-2481.1879232525826,287.8456019481729,0.1795858790107616,5.951702297911391e-09
639,2649.0,0.5178267283923924,661.7832750082016,-3446.186011657119,298.3928621119134,0.1870179855643632,4.8408184199734e-09
640,2698.0,0.5096466684900224,712.8614120930433,-3143.9816158264875,306.8846228304655,0.0766201771874451,1.5551389779223466e-08
641,2703.0,0.53484174142126,702.4244324490428,-3436.884630471468,320.7567783027403,0.4661712513579485,9.872262769304282e-09
642,2710.0,0.5212905295938254,747.9258231446147,-3512.0912935584784,298.01407169875773,0.2390573807078987,3.5066823819537615e-08
643,2718.0,0.5134435577644035,722.0116993039846,-1042.2825548797846,217.0932178699792,0.0244581642962093,1.8524566420813373e-08
644,2624.0,0.5383652351843193,727.8656703233719,-3499.303040653467,280.9670264719426,0.4836090473600921,1.9549380940845705e-08
645,2638.0,0.516670019174926,746.4607728645205,-3232.588494569063,295.02690474290785,0.1646580879029787,3.3524668458569355e-08
646,2670.0,0.5148630712879821,721.1361786723137,-828.537978976965,152.70110066357864,0.0171057162110674,1.9401967122906072e-08
647,2675.0,0.523575156191364,689.4007993862033,-3389.8176927119493,331.1667726080773,0.3141573904263947,7.315479711654385e-09
648,2707.0,0.5242218300374225,676.7856042832136,-2957.260476797819,295.0432039978488,0.2798810872892244,5.961488237309773e-09
649,2734.0,0.5142404647357762,725.4154520481825,-2792.809906974435,314.501014637334,0.1565008138952177,1.7277540278737632e-08
650,2753.0,0.5122235771641135,709.6597719565034,-1619.1711980849504,272.81655319503614,0.0633523034824159,1.2366059940163405e-08
651,2768.0,0.5365231487248093,714.2470669746399,-2887.901233881712,247.9219981405967,0.4290440083010848,1.345789314879581e-08
652,2619.0,0.5316969264950604,697.9234371706843,-3050.193406641484,307.760132696406,0.4070804602223982,8.843102192535318e-09
653,2633.0,0.5200906752003357,707.3477406427264,-2344.71224360168,312.33067026983696,0.2399328540084943,1.0377384564825737e-08
654,2660.0,0.5333343884022906,710.4199677705765,-3176.2100905179977,312.7957998597059,0.436463479523058,1.1746379758129393e-08
655,2709.0,0.5098846064135433,662.9025948047638,-1756.2425762414932,262.8545435593649,0.0120884211257041,7.358871106189029e-09
656,2764.0,0.5225390495266765,754.9950722232461,-3310.9206922352314,236.91214788551488,0.1910106039320366,4.8549627161093614e-08
657,2641.0,0.5140721218800173,687.6543695107102,-993.9540568739176,187.4799966674653,0.0177569707334033,1.005322275785579e-08
658,2654.0,0.5129998223669827,731.9082224369049,-2565.346153825521,293.6624765407452,0.1065876852944221,2.2109522098282253e-08
659,2673.0,0.5158797510480508,654.8594566434622,-2160.023947432637,156.3586844829545,0.0360385779529491,6.229776022950719e-09
660,2678.0,0.5208800404286013,738.9491715282202,-3079.32281345129,308.6194568190689,0.2467832434485071,2.501436964931509e-08
661,2689.0,0.511712722084485,651.8818852305412,-3282.671747356653,277.3380627831177,0.0619012282526321,4.8942914034118554e-09
662,2705.0,0.5150298326462507,698.5000370070338,-2627.7646712958813,320.3466502445696,0.1765178898037545,8.863462154610351e-09
663,2737.0,0.5168477614969015,678.8260328769684,-1433.0889143049717,150.79712381750846,0.0509589963194717,7.829986785162908e-09
664,2766.0,0.5162511872081086,710.7886213064194,-1854.8660941421983,288.7335628269539,0.1492247364447405,1.1411231612098926e-08
665,2731.0,0.528447814793326,684.304644279182,-3338.8237595558167,316.7467860309901,0.3685151719452538,6.784075250519536e-09
666,2745.0,0.5187621422065423,704.3926859274507,-3013.3886709809303,330.9624982447649,0.2449131542810776,9.753479501255364e-09
667,2750.0,0.5123280619038268,741.6815549507737,-2097.6342905312777,253.28650786473227,0.0393850493441883,3.363387265235497e-08
668,2761.0,0.519850800218992,675.4027044773102,-2707.3393385857344,294.153887770971,0.2120050514960533,5.817855544835811e-09
669,2682.0,0.5081020996533334,713.8756382465363,-2466.6122630238533,285.92964623167586,0.0189846165425308,2.0068219571446386e-08
670,2694.0,0.5193796690320597,734.1922405362129,-2391.305298730731,290.46323301214824,0.1998005038459099,2.1273089041972732e-08
671,2725.0,0.5065493748476729,666.3981291651726,-3380.536696314812,297.6041088388147,0.0146365389234192,8.213964454606661e-09
672,2741.0,0.5088570923730731,680.7309244200587,-2303.998486697674,288.39524146329086,0.0346671056263224,8.21367072063149e-09
673,2748.0,0.5271426398586482,723.9556416869164,-3568.24652440846,330.5301597245178,0.3645965091109828,1.6177713577265224e-08
674,2777.0,0.5182462047599257,689.9719060584903,-2070.1714273542166,287.14324499678395,0.177796303752733,7.414640484197909e-09
675,2763.0,0.5303487382736057,698.9308008924127,-2363.498542830348,216.7816511785668,0.3087161764829771,9.637769082687595e-09
676,2773.0,0.5110877714073285,695.3579393401742,-3243.617298826576,321.8457859419822,0.1212365245873452,9.259086147450676e-09
677,2785.0,0.5140304338559508,667.4894871562719,-2419.6538273245096,273.80876625667946,0.0933206166526646,5.5972315378333434e-09
678,2794.0,0.5104701989842579,728.440346121788,-2178.654795885086,274.74136215993525,0.0384714285168408,2.3741674426333494e-08
679,2804.0,0.529556925194338,732.4837851524353,-2986.049424111843,279.9056689836014,0.3449158883079904,2.129987017643462e-08
680,2846.0,0.5139101564791053,732.7528451383114,-3179.268281534314,313.7402194265867,0.1505089190099452,2.1910263930058108e-08
681,2870.0,0.5197086046682671,726.854417398572,-2003.97491119802,277.4297127780768,0.1876295608407861,1.7023300570428316e-08
682,2879.0,0.5379831550968811,709.8796715214849,-2937.953319400549,244.66877670322063,0.4509463026031365,1.2264030208654848e-08
683,2780.0,0.5265608059847727,738.3775784820318,-2598.1947384774685,230.99873972903103,0.2534916413777048,2.594376983725544e-08
684,2787.0,0.5259456405090168,707.7082760259509,-2763.707483187318,317.8867823157759,0.3330700273072071,1.0633311489222525e-08
685,2821.0,0.5077797775063664,688.3933015540242,-1903.4016519784927,284.65384057392333,0.0119031972975655,1.1405203255495265e-08
686,2825.0,0.520498658218421,697.0532601699233,-3413.908016681671,334.7462099920375,0.2745022501759145,8.385033978843962e-09
687,2843.0,0.5337439442006872,691.8471159413457,-2838.878144323826,242.8998257837676,0.3801817199028449,8.325484274687961e-09
688,2867.0,0.522639862112701,684.7915184125304,-2326.7869167029858,275.2779444599514,0.2310727540722574,6.8352019878099505e-09
689,2873.0,0.5186141931917518,693.6455037817359,-1775.6064355373385,262.6669042350888,0.1519968775176962,8.08414249856061e-09
690,2884.0,0.5319952137023211,739.8239270597696,-3386.975821852684,255.3507590855509,0.3606960761120693,2.8351361261909724e-08
691,2910.0,0.5126631984720007,745.5369116738439,-1692.7724786102772,227.9425535173349,0.0196781041841198,4.110666901576458e-08
692,2921.0,0.5214329370390623,682.4262600019574,-2583.7130527943373,297.86778729566004,0.2410275774722986,6.4756461484811145e-09
693,2937.0,0.5194766101846472,667.9767350107431,-3206.732016429305,302.0614922952625,0.217018083208917,5.229746345076368e-09
694,2790.0,0.5174566742405295,718.8190837949514,-3367.2618001699448,332.8911947023193,0.2287382401507768,1.3738442208797866e-08
695,2801.0,0.5156338250031695,682.9208293929696,-3594.9321169406176,331.36701831123,0.200614340391688,6.642563121532295e-09
696,2837.0,0.5104392319591716,673.707370236516,-2994.0815672278404,303.6504316083466,0.0833388834089707,6.441915584014396e-09
697,2881.0,0.5124484653444961,690.4660489782691,-3082.2625044733286,322.4716160118442,0.1419792993656703,8.014775626605671e-09
698,2828.0,0.5232528040371835,716.4111382514238,-3054.2368803173304,328.7231460479417,0.3066459976232623,1.2938966573019092e-08
699,2851.0,0.5267040432384238,669.3587170541286,-3470.256004482508,287.459366459488,0.3089206607104216,5.409675117485473e-09
700,2862.0,0.5144769487762824,714.671130925417,-1554.9742687493565,265.88138215495303,0.0896931921319995,1.3054412903666936e-08
701,2899.0,0.5249136442458258,700.3697680309415,-3150.583638623357,329.83614895284813,0.3318231155078263,9.05158129240436e-09
702,2942.0,0.5116582471737638,718.3317814022303,-2354.3467484414577,297.02209372854423,0.0913193019881514,1.5654823204783933e-08
703,2949.0,0.5082431133557112,663.8301587849855,-3169.551023840904,293.86900148046664,0.0341952092419415,6.439629057327117e-09
704,2830.0,0.5154708279157058,749.3725418671966,-2498.241612687707,247.8955048873199,0.0846588187580175,3.906473139122744e-08
705,2854.0,0.5181491375435144,740.2352644875646,-3110.611904785037,308.72446422263613,0.2062351306514061,2.6180543457049192e-08
706,2865.0,0.5162604077206925,659.5712704211473,-2895.249950140714,266.1835464093422,0.1185817078706586,4.996665154520637e-09
707,2929.0,0.5161120182368905,702.1168702468276,-1232.734924927354,209.8532591797328,0.0647053978236666,1.0576617817241657e-08
708,2977.0,0.5128369766566903,677.8783679753542,-3493.2179667055607,323.7916082314744,0.1495675366035538,6.387668195842695e-09
709,2849.0,0.5132946905959398,705.8390327170491,-2226.359526067972,304.8885819078781,0.1281291457060099,1.0712055704052554e-08
710,2874.0,0.5071644339989871,720.5217288434505,-3531.4002212136984,289.78892670787167,0.0108771921749407,3.1202770340641365e-08
711,2902.0,0.5220482403133064,711.2754972279072,-2868.666945397854,327.0844045868879,0.2873104268237987,1.137802298374238e-08
712,2912.0,0.5368974029645324,721.908301487565,-3288.097856193781,286.9390964972979,0.4659632150001696,1.6155497804140063e-08
713,2933.0,0.5095056318212301,659.3149735033512,-2047.347840294242,268.5509806456437,0.0140603679247228,6.868470736304261e-09
714,2955.0,0.5299603674001993,705.4670246317983,-3549.589490890503,332.2992432331394,0.4068185939121114,1.030500548769968e-08
715,2897.0,0.5144032499287278,674.9158884584904,-1921.133216097951,257.6057449537999,0.0781539464925749,6.390340176014517e-09
716,2924.0,0.5241211435152218,731.0370101034641,-2198.14035370946,252.8289956575645,0.2306388336094054,1.980394320950636e-08
717,2982.0,0.5178592226002365,716.0474915057421,-2630.3061079233885,321.6929686932269,0.2196457595657123,1.2778691995254873e-08
718,2986.0,0.5107708346331492,736.8949501216412,-2905.077151581645,280.19202422267324,0.0514446487176756,3.106597740745278e-08
719,2991.0,0.5361361955665053,687.8153284266591,-3225.6794460117817,265.517974324758,0.4355986083117054,7.612612058671556e-09
720,3009.0,0.5120352552877739,662.2847421467304,-2659.094089642167,278.0815630778824,0.0680692233461507,5.451540044576062e-09
721,2956.0,0.5237185424752534,740.8415331318974,-2686.4377353340387,267.0914618826271,0.2387378402525928,2.7225597518876706e-08
722,2972.0,0.5256307738972829,726.2875235825777,-3329.012470319867,326.2868997564599,0.3381104108774922,1.7143584251281993e-08
723,2979.0,0.5262438831245527,697.4219137057662,-2039.0423096716404,214.3277168017912,0.2383190974719091,9.232726792646721e-09
724,3018.0,0.5084749371837824,721.331365481019,-1967.5457417964933,276.8642818849998,0.0102962923470974,2.5613827457859737e-08
725,3028.0,0.5287427795818076,717.7593944221735,-2774.7341617941856,303.89492578120735,0.3587103478263543,1.3783519683060164e-08
726,3056.0,0.5345193012570962,735.5285356193781,-3098.777043074369,157.58039859294075,0.3597853286564662,2.6455575097468692e-08
727,3084.0,0.5234545133635402,744.804849550128,-3546.3563796132803,303.7628802670387,0.2790971894554642,3.145865862746656e-08
728,3093.0,0.5102430292079225,705.0747071951628,-3402.591649442911,319.3512486149239,0.1050874881304117,1.20777218601568e-08
729,3097.0,0.5173324478138238,680.4552754759789,-1861.981833726168,246.6383079757908,0.1138572520970276,6.756600114924579e-09
730,2958.0,0.515934291840531,724.8103182017803,-3032.1538243442774,324.09942088836414,0.1949504966605183,1.6403634082025438e-08
731,2969.0,0.5170690017472953,685.3670811280608,-2802.732802927494,318.790340899297,0.2041541414614616,6.838959024326688e-09
732,3030.0,0.5224621806014329,746.9696214422584,-2443.7868520617485,191.5585713457726,0.1631794974512078,3.521443024355577e-08
733,3041.0,0.5137432511197403,680.111210308969,-1380.060525611043,225.4699923325728,0.0357195298095675,7.857874001891381e-09
734,2965.0,0.5101553258346394,709.5122696831822,-2514.558438956737,298.8725619519966,0.0714333862464393,1.3603719515872705e-08
735,3006.0,0.5126317268144339,728.2326246798038,-1281.0634229332209,237.3919463707165,0.0275234700436985,2.1850811017223413e-08
736,3077.0,0.5079790637921542,660.331927575171,-2281.9435469806194,281.76307667726167,0.0103119522763833,7.415088452538888e-09
737,2993.0,0.516549592432566,691.2755228951573,-2416.7652659118176,310.6671394731558,0.1851573385422012,7.614811580727087e-09
738,3011.0,0.5267604727670551,682.0634071901441,-3002.3924354463816,300.0076489526901,0.3244008044617088,6.507484142515118e-09
739,3054.0,0.5154394420888275,739.4511250406504,-2065.535695105791,259.3932539984516,0.0970265116746566,2.65581388915728e-08
740,3065.0,0.5190572632336989,699.8036681488156,-1830.8412428945303,275.2560848346915,0.1745815790097063,8.93314939166539e-09
741,3081.0,0.5206948529230431,666.6627846285701,-3035.498770326376,282.15634594914343,0.2091606886387739,5.201599604333142e-09
742,3086.0,0.515670117889531,719.4114558026195,-2091.399663314224,297.9093346193383,0.153604059599481,1.4209361575989348e-08
743,3105.0,0.5131008911039681,672.9445898905396,-2633.999298512936,296.0983811594133,0.1118437453852103,5.919185765950529e-09
744,3114.0,0.5110348003776745,733.8691345974803,-1992.6575113087893,263.6932112964347,0.0316816602355042,2.7753308874516115e-08
745,3137.0,0.5126501602539792,658.3177591487765,-3574.579843506217,299.6335402679593,0.1104098593082569,4.878233407725565e-09
746,3142.0,0.5188809988508001,727.8736812993884,-2662.339257448912,314.06398997178826,0.2243590770130268,1.7523622726489065e-08
747,3014.0,0.5184417946683243,731.4067007601261,-3578.247472643852,329.8612938103174,0.238889126742286,1.951609304323005e-08
748,3025.0,0.5146493912208826,706.8389519676566,-3355.917574837804,332.3295527921678,0.187844900142954,1.0637656470343665e-08
749,3061.0,0.5092651982698589,694.8717650398612,-3483.071294054389,315.9632411416808,0.0854385929707033,1.0229669241163154e-08
750,3067.0,0.5309604856930673,674.5737780630589,-3299.7858937829733,253.4184377042588,0.342341439777552,6.155120859123134e-09
751,3083.0,0.5298720390722156,709.00370888412,-2690.120854228735,296.1233533146985,0.3672453227563612,1.1145010009559036e-08
752,3110.0,0.5179474469926209,713.4812707081437,-3489.9811942130327,335.156873944595,0.2386916223145278,1.19992485237616e-08
753,3121.0,0.5164620972657576,689.1524135321379,-3276.4371067285538,330.5643654802389,0.2114008475635846,7.340086736855404e-09
754,3051.0,0.5293557188240812,690.8255472406745,-2602.7188640087843,262.5650252366458,0.324370950231418,7.822633244325809e-09
755,3062.0,0.5206656074989587,719.7703973948956,-1616.5078550577164,229.27362068387865,0.154135091532852,1.455038691510222e-08
756,3068.0,0.5275531387887895,711.8520970642567,-2387.415274232626,282.1377527553,0.3160471751023813,1.1820816722446904e-08
757,3073.0,0.5114032003190369,700.1478459686041,-1412.9565685987473,263.0888626905135,0.0367779717039681,1.0806353362167452e-08
758,3088.0,0.5356069953925908,723.4512613341212,-3065.7712172716856,263.186634725194,0.4252522568279682,1.6885842338796823e-08
759,3107.0,0.5265078243939206,701.8576458096504,-2979.1506215929985,323.61442487064573,0.3477952043264931,9.387313591836896e-09
760,3158.0,0.5218465443979949,742.5009328126907,-3359.2693604528904,307.9531324003429,0.2603299859020423,2.852705475762236e-08
761,3100.0,0.5257184601714835,729.3151712790132,-2469.547025486827,276.05925576829827,0.280472983956186,1.8798442707326783e-08
762,3146.0,0.5090899645257742,719.2137512937188,-2823.732253164053,291.3727752811657,0.0430821516518844,2.0108955163201723e-08
763,3179.0,0.5289166185772046,693.3954328298569,-3518.4481490403414,330.0671355948513,0.3895661537789945,8.002747912793355e-09
764,3196.0,0.5279928831011057,713.9715398475528,-3303.1477510929108,329.3453020197192,0.3755315288685296,1.2454709329535005e-08
765,3214.0,0.516086546597071,751.4645203948021,-3410.235237702728,282.3185627602037,0.1375547365635954,4.16620682361195e-08
766,3151.0,0.5343454622616992,707.3850482702255,-3195.296525582671,310.4206723134243,0.4491546685385544,1.0994678638909033e-08
767,3185.0,0.5159182187449187,669.1079865023494,-1613.156082853675,165.41609976495897,0.0400182047584159,7.105651163098273e-09
768,3189.0,0.5097049234714359,689.4674038887024,-2538.7776497751474,299.27280159400647,0.0652531443079199,8.882237808561105e-09
769,3230.0,0.5134710401389748,737.6591549441218,-2266.848949715495,272.3029840715513,0.0823685630651478,2.6463913942316047e-08
770,3153.0,0.514209455801174,703.8076376914978,-2440.006114169956,314.4937961126863,0.1560328831314361,1.0027568295870084e-08
771,3193.0,0.5196728102536872,695.8000638335943,-2715.3317783027887,322.6026861746751,0.247246496454183,8.186005089258793e-09
772,3211.0,0.5301181367784739,673.3077574148774,-3058.021064847708,179.19076391461903,0.2897531308356821,6.576191135557297e-09
773,3217.0,0.5150023502716795,682.7705558389425,-1152.2692546248436,171.10901692849808,0.0264405204762746,8.914217207099381e-09
774,3254.0,0.5203233379730955,728.9830172434449,-2892.004567757249,319.1154961815112,0.2522194800323585,1.8102675440800365e-08
775,3286.0,0.5223123264219612,714.3122984096408,-1924.3697740137577,270.3164797929824,0.2200151561200373,1.2321913679602664e-08
776,3155.0,0.5247174200369046,670.9067199006677,-2771.4804243296385,232.00114067489733,0.2235148870617404,5.949203289916006e-09
777,3166.0,0.5128624884458259,715.688435472548,-1311.336399614811,249.6310725600136,0.0439032848572179,1.465049881205561e-08
778,3182.0,0.5148246249649674,735.0190577283502,-2950.023038685322,307.87948155971407,0.1554682823378044,2.2970569779895583e-08
779,3212.0,0.5238684100657701,712.883613742888,-2166.876059398055,286.6206940279854,0.2640742335777996,1.1903462421181509e-08
780,3238.0,0.5177093737851829,745.1781951636076,-2223.007955029607,242.5916392821834,0.1161660412781749,3.189070675380217e-08
781,3205.0,0.5083953644242137,692.3859184235334,-2763.073425740004,298.29042762063705,0.0438032712510568,1.0516676850770022e-08
782,3209.0,0.5209385044546798,702.46128231287,-2501.485063880682,316.8880522033843,0.2583678122727845,9.350499552662827e-09
783,3225.0,0.5169167479965836,655.9150282666087,-3182.6252169907093,264.49489294553433,0.1269724365007924,4.7864366338667695e-09
784,3233.0,0.5126792260538787,708.3961027115583,-3114.3928572535515,324.90050764278607,0.1489035338582441,1.1587424816929632e-08
785,3251.0,0.5230788785405457,680.797071158886,-3238.973191380501,321.1906777584441,0.2950706666291859,6.317935253483701e-09
786,3289.0,0.5181198464380578,706.1833303421736,-1688.9709401875734,269.6552530072931,0.1526015465127598,1.0268558449422997e-08
787,3306.0,0.510420755604282,712.7109349146485,-1599.6999867260456,270.56301300398115,0.0315301746013643,1.514366051853488e-08
788,3308.0,0.524384358911775,728.4762806817889,-3141.733928024769,321.51009631937086,0.3144823159907107,1.815381607881247e-08
789,3249.0,0.5166994402417914,664.9426716938615,-2007.642325758934,188.95234026597063,0.0634428477924837,6.245855217983853e-09
790,3265.0,0.5121851084614173,693.989914059639,-2137.969007715583,296.21423219868694,0.098078449548669,8.653480106776615e-09
791,3278.0,0.5162896559108049,726.4957011118531,-1473.615825176239,235.93085392777803,0.0867414329190331,1.77761279580728e-08
792,3295.0,0.5377743669599295,690.0664341449738,-3019.201765581965,167.38473628317692,0.4184511601229176,8.887259462377321e-09
793,3334.0,0.5192913423804566,736.2933736667037,-3278.87214012444,320.2925603746127,0.23866937783391,2.2784806320186543e-08
794,3345.0,0.515117515232414,701.0882340371609,-3515.32783806324,334.2535462646681,0.1971755459231383,9.339462007443534e-09
795,3361.0,0.5132672296790406,690.0816006958485,-1652.1906226873398,267.721648122501,0.0728267146459022,8.099036713271703e-09
796,3221.0,0.5099999784911051,676.7643183842301,-2134.862992912531,281.73783206334315,0.0417948642278296,7.208150416910748e-09
797,3236.0,0.5325116190267727,720.0048999115825,-3466.579993441701,321.6448381079332,0.4330427487506195,1.4941221191961054e-08
798,3305.0,0.5215203497279436,686.8674834817648,-3439.896224811673,331.85790833830066,0.285550875004444,6.9827399723413545e-09
799,3323.0,0.531118249706924,704.1439402103424,-2921.105382218957,306.0714616025513,0.3966794601158459,1.0052734606085845e-08
800,3329.0,0.5114486946491524,657.2807514294982,-2394.655381143093,260.88230800512684,0.0345935635180198,5.744319686233187e-09
801,3369.0,0.5221688675507903,663.57651848346,-2796.4979611337185,203.40655495932168,0.1637364425187606,5.635042165967996e-09
802,3381.0,0.5087696179933846,684.6960745751858,-3163.261464983225,306.4321277233976,0.0627763733925205,8.618763253234287e-09
803,3281.0,0.514491645982489,679.3790848180652,-2864.973540231585,313.7565596643772,0.1591207846630647,6.356634462555599e-09
804,3331.0,0.5276704452838749,688.3710999041796,-2740.369753539562,289.43955974032133,0.3260988540679941,7.280802126075747e-09
805,3403.0,0.5307879407797009,696.8333271890879,-3307.558606937528,323.00146524492766,0.4093148723980553,8.623362988695052e-09
806,3409.0,0.5142659364594147,661.1201013997197,-1401.9508983939886,164.3208152851708,0.0110169270263279,8.069520156458944e-09
807,3283.0,0.5250018847314641,695.4671158641577,-2294.657314941287,280.03579703365216,0.273804376878887,8.253013085544377e-09
808,3317.0,0.5094174547027797,661.405122987926,-2962.833661213517,288.1888115979603,0.0429805656575417,5.852812647142216e-09
809,3321.0,0.5192126078950241,671.4786276593804,-2351.0020170360804,251.53652858382307,0.14948510816299,5.842743069049442e-09
810,3326.0,0.5115701066004112,722.3298862949014,-3210.533541440964,314.4258629603042,0.116999167654023,1.7665226689867822e-08
811,3382.0,0.5198239552043379,710.6640520319343,-1429.852356389165,200.81638350525856,0.122582348080585,1.2118861576796176e-08
812,3413.0,0.5106478152005002,700.2898881584406,-2328.121781721711,298.7333073705267,0.0786756888058933,1.053425404228848e-08
813,3427.0,0.5253308196971194,702.7781607210636,-1907.3183443397284,214.3827949240896,0.2229573184805649,1.0202175447118726e-08
814,3434.0,0.5098553610732779,731.0303726419806,-3062.7330623567104,286.84216511967594,0.0475942951642397,2.752849276464817e-08
815,3439.0,0.5352921331394465,682.3756770044565,-3406.625520810485,273.8949780236399,0.4292531676229501,6.88591100503996e-09
816,3457.0,0.5118704877747223,681.8429712951183,-2874.952594935894,311.724817760221,0.1173039077604505,6.980315868400195e-09
817,3338.0,0.5093825153261423,716.3596399500966,-2203.6431837826967,283.13131835511973,0.0343656731376804,1.7960904004345064e-08
818,3348.0,0.5293262600386516,712.4333598092198,-2953.91896404326,315.54082236485016,0.3801278607751764,1.2083162561412197e-08
819,3376.0,0.5339632961759344,726.7736222222447,-2854.991753026843,220.20253803874328,0.371129208201055,1.905064822944968e-08
820,3406.0,0.5168662353372202,714.755600951612,-2710.5827763676643,323.63357833069523,0.2078350017682518,1.2458720241290951e-08
821,3350.0,0.5215539129637182,752.8376249969006,-2624.071252718568,157.27612967073134,0.1347954892287774,4.520517028150467e-08
822,3374.0,0.5145044096931816,730.3492267802358,-1880.853443965316,269.89552251758624,0.0954539766468945,2.0017792947970744e-08
823,3385.0,0.5184988426556811,709.7695792466402,-2101.4358289539814,302.02972956048114,0.2022380414913948,1.0980497935381324e-08
824,3397.0,0.5076809177361429,653.8603638485074,-3462.7739388495684,291.3366855139119,0.0213929212333581,6.12313542606989e-09
825,3425.0,0.5134156398661435,671.9215582683682,-3363.9102425426245,316.8668890474081,0.1478356705521796,5.773257239144824e-09
826,3477.0,0.5100399742089212,693.322361856699,-1265.4444806277752,263.16854178151715,0.0150113830043281,1.100761597025614e-08
827,3388.0,0.5270551430154592,720.4555821046233,-2680.4228346794844,303.1633037892848,0.3325106355052631,1.4668244651667381e-08
828,3430.0,0.5170175703056157,721.8870155885816,-2423.434793204069,311.3843505430821,0.1931109475087026,1.4946254438037763e-08
829,3390.0,0.5122406347980722,743.8046605139971,-3010.043952986598,276.58794918680377,0.0690917143895075,3.5930257441075755e-08
830,3401.0,0.520289986631833,678.935727737844,-1851.1933017522097,171.97745861660837,0.1179939745856129,7.149936469053204e-09
831,3420.0,0.5261208742531017,735.7857238128781,-3542.2584235668182,318.3922148942939,0.3362202529504747,2.317416466035132e-08
832,3445.0,0.5096319687692449,673.0884327366948,-1725.8563298732042,269.7786878991162,0.0178581696079567,7.792221731395934e-09
833,3466.0,0.5098044378682971,740.9227860718966,-3523.4075535088778,277.4304210770574,0.0320649573659197,4.170723730120928e-08
834,3478.0,0.5211327628977597,720.7918846234679,-3102.5645200163126,329.25449093693373,0.2767922034616601,1.4392652829061661e-08
835,3518.0,0.5124834280228242,712.1004118397832,-2477.9442708939314,308.8434131410797,0.122007859515949,1.2767566942262634e-08
836,3417.0,0.5176305132359267,694.4405980408192,-2925.8917305618525,327.4218730337105,0.2240002527099767,8.027240590422174e-09
837,3441.0,0.5160735709918663,686.417231336236,-2651.1014353483915,314.9264022412183,0.1841402152632563,7.009809342133229e-09
838,3460.0,0.5315216062497348,729.7507758811116,-3255.690451338887,296.97984832135285,0.3932553875930973,1.97603590222714e-08
839,3475.0,0.5240695779630915,709.4319320470095,-3478.0838638544083,335.1639175905885,0.325848746488423,1.0977617205745464e-08
840,3534.0,0.5164065479626879,742.9369111359119,-2348.0571761727333,265.7846157983156,0.1204138656072569,2.946959930448635e-08
841,3553.0,0.513880563583225,696.2356702238321,-1927.422788366676,289.7046165476429,0.1141226032109114,8.670326889861428e-09
842,3558.0,0.5172989021800458,749.9557159096003,-2846.6117911040783,265.05547752796895,0.1337799047443646,3.837330683279135e-08
843,3574.0,0.5206161846546457,735.447282679379,-2163.8237692415714,264.4999437643901,0.1862261161758533,2.2272107870159508e-08
844,3473.0,0.5148799570091069,665.2824121341109,-2246.656867861748,250.30196204432684,0.0775632192595969,5.6994526763778854e-09
845,3497.0,0.5219254299253225,687.7642876654863,-2262.5805996358395,282.0232691757508,0.2281753796944795,7.133295562549832e-09
846,3532.0,0.5226967974472791,721.2794094160199,-2902.953059971333,323.5927934265839,0.2924365060242518,1.4654124952009688e-08
847,3541.0,0.5109354978753254,668.3659021928906,-2752.273708954453,291.7926464311395,0.0720732304614607,5.9125970537769095e-09
848,3547.0,0.5328064978169278,686.0850773006678,-3132.3242995887995,279.7945316940035,0.3956474492829553,7.172619764944561e-09
849,3521.0,0.5120737015269696,676.5639122202992,-1212.6575242727995,233.0784040421761,0.0142976708459292,8.605493697230331e-09
850,3587.0,0.5274445935618133,700.0086890533566,-2632.9729177057743,301.8912716828268,0.3369104226145344,9.064557451917214e-09
851,3488.0,0.5373874997999519,716.0257478430867,-3579.7827925533056,316.88188447845823,0.4999764197611608,1.3796451144921176e-08
852,3513.0,0.5189144130563363,674.3253906443715,-3421.955401450396,322.4786911745676,0.2360528261926153,5.7171086743995e-09
853,3529.0,0.5200030764332041,703.3716048300266,-3228.7871707230806,333.6596416245573,0.2660875463448484,9.534539669181296e-09
854,3545.0,0.5180908450111747,658.7464704737067,-2561.6578850895166,198.7508007334616,0.0920361296377222,5.560970337877707e-09
855,3569.0,0.5157915960578248,650.8613483980298,-3075.972945615649,238.53131270986017,0.0808143333212836,4.944831443399421e-09
856,3594.0,0.5091703676804901,735.7334420830011,-3224.7752767056227,278.7434924439218,0.0241481522561504,3.7174185809339626e-08
857,3599.0,0.5346277821110562,694.6080359444022,-2905.986148864031,257.92970389669097,0.4053454357216918,8.625670694062701e-09
858,3649.0,0.5125261030159891,687.3707192018628,-1039.26950879395,225.4821011987256,0.0153831291770534,9.95754682638866e-09
859,3585.0,0.5113229805184528,674.8375071585178,-2976.661793142557,306.72020247329885,0.1014176576957854,6.343507172019451e-09
860,3614.0,0.5138326126849279,729.395738914609,-1587.1610317379236,251.62252857325595,0.0619501441654509,2.02706035497666e-08
861,3664.0,0.5360441539715975,737.1584503352642,-3482.2225861251354,229.1886538671934,0.4103451728558197,2.6775696804567884e-08
862,3678.0,0.5129371292516589,748.5058986768126,-3298.8804303109646,275.1379091271169,0.0779528996448081,4.174581984718397e-08
863,3550.0,0.5130880665406585,727.4450298771262,-3449.42427277565,321.5625950619271,0.1499522905936623,1.9095974032522223e-08
864,3555.0,0.5257933830702678,678.5665806755424,-3172.4188651889563,306.43620656656185,0.3174148034387225,6.135120984855102e-09
865,3566.0,0.5153021296253428,723.2611190900207,-1712.8498792648315,269.7035873750672,0.1078751025820574,1.5971705014024775e-08
866,3601.0,0.5153447610326112,691.0305681452155,-1801.740800589323,275.354914020178,0.1162055855301009,7.790099089060696e-09
867,3657.0,0.5200654793670401,653.189855068922,-3519.516037032008,243.1201432034733,0.1554018692572042,4.767175591387403e-09
868,3681.0,0.5135536277852952,660.1674038916826,-2120.978105440736,235.98364776262423,0.0414731308360439,5.938456649378471e-09
869,3713.0,0.5117421135632322,706.5326115116477,-2553.5414434969425,309.6219761533641,0.1121666452663629,1.1504879359722254e-08
870,3571.0,0.523487017294392,694.7758634388447,-2505.5331241339445,305.51976274384856,0.2817765551289777,8.059445521976881e-09
871,3578.0,0.5080139798671007,711.7854925617576,-3322.3290391266346,297.1630063804442,0.0361494831858515,1.850946311664308e-08
872,3590.0,0.5191519865347073,711.5882535278797,-2036.3803278654807,296.417652755486,0.2044199642379727,1.1434927122847188e-08
873,3625.0,0.5223838476091623,668.5197678953409,-2689.1008973121643,237.1651130480197,0.1886410164070815,5.716899490492527e-09
874,3630.0,0.5147275275737048,717.5543735176325,-3548.7358544021845,332.4124120783256,0.1890771116053134,1.3759983348372998e-08
875,3637.0,0.5085533531568944,703.1747093424201,-2152.677749097348,286.21535044061216,0.0264381214869596,1.37735469488428e-08
876,3641.0,0.5183636147296057,682.327250726521,-3326.351018249989,328.2231526703945,0.235625493231917,6.472402152603638e-09
877,3686.0,0.5171419057808817,726.0239089280367,-3005.0043135881424,324.1164769879042,0.2124923417487652,1.6753113825293748e-08
878,3702.0,0.520855873557739,740.6363977864385,-1884.575615823269,165.5392788160924,0.1254514737431274,2.817021400849624e-08
879,3697.0,0.5158613455621526,705.6722744181752,-2775.6382305175066,325.5070158039647,0.1958416281792838,1.0198029948926196e-08
880,3718.0,0.5193928492395208,747.0415868982673,-3472.920997068286,302.4614715797706,0.2162984106453227,3.367688193990964e-08
881,3743.0,0.5368217094335705,702.6090743765235,-3532.303639501333,319.95569689101933,0.4943612906131187,1.000329480010858e-08
882,3627.0,0.5286726219626143,707.1027955040336,-3033.002632856369,321.43028477294337,0.3768841093110415,1.0619596219651193e-08
883,3644.0,0.5268306726310402,731.2016798555851,-2805.3992975503206,291.1542571328171,0.3151540529987052,2.004784362083749e-08
884,3673.0,0.5177589605376125,697.6855283603072,-2390.0268372148275,313.5800905611353,0.2071318392736576,8.529305907262667e-09
885,3715.0,0.5278667735960335,668.1817559152842,-3107.94895067811,182.26827779059,0.2521106995141905,6.09916383906931e-09
886,3720.0,0.5412694328697398,727.2574432194233,-3318.708060309291,231.37138340576345,0.4983789832473559,2.0246350488890712e-08
887,3745.0,0.5127579653589055,666.2083874642849,-1499.5044462382791,223.71869203242176,0.017866684659841,7.405207473828606e-09
888,3662.0,0.5166498980810866,733.1187020242214,-2603.622604161501,303.80161147085573,0.1768999545214299,2.0869364202562625e-08
889,3669.0,0.510871032322757,687.6101930812001,-3099.630793556571,316.5337423403789,0.1099440225672155,8.038568865186491e-09
890,3683.0,0.5255443976307288,685.5723309144378,-3575.640422478318,330.4311015423374,0.3415538690866656,6.882966893827255e-09
891,3690.0,0.5100827007507905,721.0920058190823,-2252.553677558899,283.11129551711446,0.0452314209870867,1.9212061171028687e-08
892,3729.0,0.5151045427285135,663.0937142670155,-3236.463361233473,298.4843078712988,0.1458650310701038,5.015147693759042e-09
893,3756.0,0.5248106570588426,711.0117681324482,-3416.5697906166315,334.107938066993,0.3352056457802452,1.1421313653731672e-08
894,3782.0,0.518541398961097,734.4928113371134,-1529.1705831885338,180.56315529655984,0.0912868704893615,2.303793754009053e-08
895,3788.0,0.5225587424729019,726.5909171849489,-2581.1009533703327,306.676361640143,0.2693374198877936,1.6989260249143704e-08
896,3797.0,0.5111613764194771,663.2915032655001,-2620.169463381171,280.0982306110165,0.0574092280893514,5.663258323444706e-09
897,3700.0,0.5300467872526496,724.5467035472393,-3355.008463561535,319.3966665426247,0.3947889037041274,1.6734193239909064e-08
898,3734.0,0.5213490284048021,730.8321036398411,-2324.1202142089605,287.6451768924681,0.2264161467693171,1.9191438081579884e-08
899,3793.0,0.5145497852517292,695.3133105114102,-1749.7478250414133,277.44038737497584,0.1066146121742593,8.496601845609659e-09
900,3809.0,0.5140158900804818,692.1106161549687,-3387.884611263871,330.5509823953279,0.1762864912477797,7.971892988914048e-09
901,3825.0,0.515576709206216,677.4854815751314,-2297.0917481929064,286.04656478653686,0.1349450006307145,6.159415562657671e-09
902,3753.0,0.5221375782415271,700.5746744945645,-3051.569849252701,330.2288209091531,0.2924207872727348,9.009133243846862e-09
903,3765.0,0.5087988500483334,678.6353774368763,-3588.463000953197,311.47393878401857,0.0713756662958453,7.671366643558725e-09
904,3774.0,0.512359171002172,739.5601979643106,-2838.0292285233736,283.0451805844272,0.0805619969427821,3.008597576303182e-08
905,3781.0,0.5070970236323774,709.6160568669438,-3288.9468859881163,293.6309885365752,0.0162773142082153,2.0940727890296443e-08
906,3785.0,0.5197757360851393,684.9966537579894,-2200.7471960037947,281.5070422624912,0.1939810886881691,6.7988444164385366e-09
907,3801.0,0.5182164592295885,669.6223317086697,-2922.1797343343496,296.04546844432207,0.1896649912050412,5.377463661159688e-09
908,3812.0,0.5336463663587347,732.5477097928524,-3081.3589721918106,234.7213821988739,0.3735042595563727,2.2488471588126776e-08
909,3827.0,0.5233503382932395,697.3167603835464,-2866.0551745444536,323.7319476130015,0.3020928867128946,8.462519806794333e-09
910,3861.0,0.5103809903049842,686.5825829282403,-1913.567291200161,280.88587410267604,0.0464190919642843,8.340718168169626e-09
911,3771.0,0.5320981586445124,690.6709554418921,-3180.1226690411568,304.0391590450719,0.4092675333647106,7.701393900252211e-09
912,3804.0,0.5266230709524825,740.0300147011876,-3209.3423925340176,289.2053841854714,0.3096963069670582,2.6998786236095922e-08
913,3830.0,0.5203929668618367,716.2060029059649,-3153.1899377703667,331.6992664991438,0.269214313518685,1.2775537845948974e-08
914,3754.0,0.5106932907551527,725.2536303550005,-1298.8522823899984,254.14994319671987,0.0138641119481736,2.3200080868319625e-08
915,3829.0,0.5093428360251709,682.9650067165494,-1425.9606253355742,269.18857658774493,0.0123980947937586,9.64417469269837e-09
916,3845.0,0.5077668544556946,671.3249906152487,-3088.511779904365,296.4902307970001,0.0312741450313181,7.510605699322208e-09
917,3865.0,0.5175459472928197,707.9134113714099,-3565.5852869153023,335.98719850370344,0.2340567743696833,1.0575398112739375e-08
918,3868.0,0.5258427171921358,718.5555835813284,-3016.055380180478,323.6100339179524,0.3381335009907672,1.3837026592439184e-08
919,3887.0,0.536447520069778,695.1526895537972,-3144.8908276855946,280.8307317853271,0.4535370119045864,8.616252630039403e-09
920,3894.0,0.5197671028086915,754.7314575687051,-2959.923967346549,229.83270930215045,0.1395795464820503,4.715486573442474e-08
921,3806.0,0.5132275155931711,724.1862826049328,-1978.417506068945,282.4890820150032,0.0932526310460631,1.7253581982091344e-08
922,3851.0,0.529659890756011,683.1259647384286,-2793.6585009098053,250.40053015387,0.3187366490233727,6.995968230672805e-09
923,3870.0,0.5139412649068982,745.6607271358371,-2684.957866743207,268.9529570766396,0.0852269377564408,3.513024657650711e-08
924,3889.0,0.516335117132403,699.1943011060357,-2040.411805361509,298.0626183144455,0.1639192172478134,8.871054073802081e-09
925,3914.0,0.5089629119727761,729.1367685049772,-2491.3347601890564,276.8686448134415,0.0179745838632962,3.0081567732584114e-08
926,3950.0,0.5149626799393445,716.6419803351164,-2364.4020684063435,310.4053833139092,0.1612138548555494,1.3380624912676641e-08
927,3854.0,0.5155445083649829,732.2202849388123,-3337.969908490777,322.4546806423351,0.1869956473363817,2.0627176559869405e-08
928,3873.0,0.5133240814041347,655.4018100351095,-2737.5376023352146,258.765668509257,0.0621324747910985,5.171054477234524e-09
929,3891.0,0.5226145895011723,675.6079542636871,-3509.4259791076183,322.6522597334916,0.2900934074727343,5.822504347910893e-09
930,3905.0,0.5124339222395793,670.0579372048378,-1910.0887779146435,257.29428863242805,0.0459337429133141,6.428726108794627e-09
931,3875.0,0.5266361986054108,690.2354062721133,-2393.972323089838,262.00728889710456,0.280147526948142,7.672070606217672e-09
932,3882.0,0.5111713801370934,714.5106816291809,-3435.98067574203,321.5158894627996,0.1219545382620642,1.4487619309059044e-08
933,3892.0,0.5302733020670712,710.5834859609604,-2628.613593801856,286.6627944201216,0.3632255355060353,1.162985408630087e-08
934,3924.0,0.5283503021625802,725.2105455845594,-3594.0227910876274,328.61499375767903,0.3798952202826632,1.689013135747021e-08
935,3980.0,0.5236452921852469,738.7439217418432,-3205.584332719445,307.2928517409704,0.2863465333371259,2.520293943355525e-08
936,3993.0,0.5171330805588514,676.21098279953,-2189.618767797947,269.58149173115453,0.1368212204167739,6.103082332868786e-09
937,3878.0,0.5181623170804233,738.1724431365728,-1825.0515472143888,228.8479671001163,0.1120981544790105,2.4994695777343012e-08
938,3937.0,0.5135163732850925,702.8587276861072,-1249.8292464762926,242.1576040377599,0.0467458248779716,1.0910653391370837e-08
939,3952.0,0.5349226459814236,713.0664329975843,-3242.768805474043,308.7621673144186,0.4561649285264577,1.2628200735928873e-08
940,3989.0,0.5101352781662718,651.1356475204229,-3349.228732287884,281.5880733788431,0.0436722288944573,5.124024086047135e-09
941,4001.0,0.5129050777759403,683.6929729953408,-2314.320907741785,296.9883811929209,0.1102231518560573,7.032956908573858e-09
942,4031.0,0.5384736511623487,687.1504781022668,-3292.8498588502407,242.52518402100387,0.4577597474237104,7.865698105123807e-09
943,3910.0,0.5186564298951999,723.7507352232933,-2766.3195759058,321.0831819924757,0.2304494298664144,1.558969905825764e-08
944,3921.0,0.5143461348023266,684.5683733746409,-2986.953278258443,321.2109001472763,0.167777970993408,6.930815479151441e-09
945,3945.0,0.5213578735757619,677.0494478195906,-3308.3106379956007,320.8621407708491,0.2695645973431204,5.933268122886719e-09
946,3957.0,0.5095792361628264,702.1605889126658,-2888.7551989406347,306.5112395460411,0.0750132450057014,1.1833637182720765e-08
947,3995.0,0.5332642101636157,699.5580622926354,-3419.1369965672493,322.9973050155184,0.4453018604517508,9.198491434531593e-09
948,4017.0,0.5165751215303317,667.1467187255621,-3475.2581767737865,314.3078006375358,0.1906648725651627,5.221070395605942e-09
949,3902.0,0.5121453087124974,720.3603658080101,-1376.05176307261,253.26139981603905,0.0363849402089388,1.710620387916307e-08
950,3907.0,0.5272401960752905,704.6564150229096,-3364.654964581132,331.9478078660493,0.3675289648225042,9.999380671153283e-09
951,3998.0,0.5136955105233938,710.2147179841995,-3049.34427626431,326.3650879205055,0.1657288459789024,1.173601361567344e-08
952,4010.0,0.5107525045843795,742.8009397909045,-2059.2589538544416,254.07454179514184,0.0147334496903642,4.27279268124655e-08
953,4014.0,0.5141615483211354,736.7340484261513,-1185.6580663472414,195.3419922483872,0.0232966745884343,2.8555368979013894e-08
954,3948.0,0.5241408371319994,747.7208022400737,-2709.9473543465137,196.8937339627965,0.1941843824875008,3.667589400222292e-08
955,4022.0,0.5201853775465861,718.9274772256613,-2534.8998930305243,316.53748998049826,0.2468482760366271,1.3686386506611784e-08
956,4038.0,0.5183723085233942,748.0630270764232,-2285.9792321920395,225.06850323110044,0.1128105744489285,3.5861118376588146e-08
957,4051.0,0.5252141101611778,692.9122430458665,-3076.711257174611,324.4686009515572,0.3299976404808813,7.823399728885683e-09
958,4069.0,0.5063233901048079,680.1553831622005,-3500.152285024524,300.03542231679563,0.0153398013805532,1.0906871509488442e-08
959,4073.0,0.5216474016103894,705.2289164438844,-1989.418415352702,282.19255730795004,0.224054932102067,9.954875128699816e-09
960,3961.0,0.5194468653248623,692.5393265858293,-2600.806516036392,317.08974195513804,0.2367242112557903,7.707478158046252e-09
961,3969.0,0.51181232704781,664.0212737768888,-1738.8348452746868,244.7929114096881,0.0214470321749937,6.838972710597282e-09
962,3973.0,0.5081804936658592,695.5136755481362,-2666.220661997795,295.40144319959774,0.0357691386997243,1.1647029693286736e-08
963,3977.0,0.520801925365813,689.6644140407443,-2812.8851115703583,320.5612826215016,0.2610706044474122,7.316413630049175e-09
964,4036.0,0.5317832811363041,717.2079657763243,-2842.014840245247,290.2104687698233,0.3902330000575839,1.3812954996705215e-08
965,4078.0,0.5154193203244358,741.07969943434,-2898.362559825182,295.5718534109417,0.1463759897468429,2.7983881035281013e-08
966,4019.0,0.5228516327403486,707.5529904291034,-2245.9665410220623,299.1634916527088,0.2642090331676994,1.0473991815904497e-08
967,4049.0,0.5146309850644321,652.7396020293236,-2508.31088013947,219.187408090217,0.0459021713547838,5.554251855969988e-09
968,4053.0,0.5109867927338928,706.7952324077487,-1636.630440875888,273.82647921733883,0.045268373979743,1.2364515801402792e-08
969,4070.0,0.5173776622721925,715.2640229463577,-1768.0615290999413,278.56876626544613,0.1525548422862273,1.2607988651293131e-08
970,4076.0,0.5246006961679086,723.1805512309074,-2342.1003587543964,287.17525055839667,0.2760759867894015,1.557440802790472e-08
971,4033.0,0.5119715305278077,698.1284580752254,-3177.118665352464,324.26132607793505,0.1377034740132187,9.455529101585246e-09
972,4085.0,0.5092891073133796,666.4655455946922,-2409.3897845596075,281.4438560444433,0.0302423888731076,6.570049770905308e-09
973,4089.0,0.5189894947083667,660.6180869787931,-3133.055328950286,270.6229953139271,0.1676297008524142,4.919483714421883e-09
974,4054.0,0.5224380130600185,733.5688987374306,-3392.4242064356804,324.2997313291369,0.289544256065477,2.10358097496418e-08
975,4075.0,0.5294303541397676,670.3936317563057,-3233.4942799061537,217.04531309830628,0.2933961112224823,6.0841782324093705e-09
976,4081.0,0.5157128352951259,694.9150205776095,-1538.6385563760996,253.7952568236388,0.0949674541091598,8.594663249355432e-09
977,4094.0,0.5113551634224132,725.5732839554548,-2217.088510841131,283.09667816469414,0.0650132216252205,1.9851975363304352e-08
